{"type":"FeatureCollection","name":"P124_EUROPE_COUNTRIES_SIMPLIFIED","features":[{"type":"Feature","properties":{"id":"EU-AD","zh":"安道爾","en":"Andorra","labelLng":1.5394,"labelLat":42.5476},"geometry":{"type":"Polygon","coordinates":[[[1.707,42.5028],[1.654,42.4965],[1.6395,42.4664],[1.5085,42.4287],[1.4364,42.441],[1.4076,42.4868],[1.45,42.5041],[1.4466,42.5199],[1.4065,42.5292],[1.4193,42.5793],[1.4668,42.6415],[1.5431,42.6494],[1.6083,42.6181],[1.722,42.6099],[1.7133,42.5895],[1.7651,42.5634],[1.7217,42.5485],[1.707,42.5028]]]}},{"type":"Feature","properties":{"id":"EU-AL","zh":"阿爾巴尼亞","en":"Albania","labelLng":20.1138,"labelLat":40.6549},"geometry":{"type":"Polygon","coordinates":[[[20.5671,41.8732],[20.5417,41.8616],[20.5509,41.7935],[20.5004,41.7341],[20.5347,41.5853],[20.4442,41.5497],[20.452,41.4936],[20.5402,41.4007],[20.5234,41.3568],[20.4817,41.3412],[20.5001,41.2355],[20.5655,41.1474],[20.577,41.0935],[20.6539,41.0753],[20.7172,40.9132],[20.7661,40.8937],[20.8374,40.9241],[20.9567,40.8948],[20.967,40.802],[20.9437,40.7653],[21.0186,40.6909],[21.0367,40.6397],[21.0135,40.5489],[20.9579,40.5149],[20.9368,40.4725],[20.9119,40.4595],[20.84,40.4716],[20.7706,40.422],[20.7704,40.3626],[20.7366,40.3036],[20.6991,40.2784],[20.6964,40.2151],[20.6604,40.1789],[20.6682,40.1381],[20.6476,40.094],[20.5778,40.0673],[20.4328,40.0638],[20.4004,40.0453],[20.3765,39.9937],[20.2979,39.9869],[20.318,39.9184],[20.397,39.8181],[20.3716,39.7843],[20.28,39.804],[20.2757,39.7601],[20.2965,39.7174],[20.249,39.6848],[20.246,39.6629],[20.212,39.667],[20.1841,39.637],[20.0893,39.6828],[20.0161,39.7014],[19.989,39.6867],[20.0027,39.7482],[19.9806,39.7573],[20.0142,39.833],[20.0098,39.8657],[19.9064,39.9064],[19.9412,39.94],[19.8635,40.0454],[19.8074,40.0529],[19.7774,40.0778],[19.7705,40.0635],[19.7327,40.1103],[19.4762,40.2137],[19.3811,40.2952],[19.3442,40.3743],[19.2896,40.4204],[19.3162,40.4378],[19.3482,40.4307],[19.4236,40.33],[19.4749,40.3484],[19.4788,40.4539],[19.4188,40.4919],[19.3914,40.5218],[19.3864,40.5433],[19.4336,40.5059],[19.4546,40.5539],[19.4157,40.5835],[19.3916,40.5783],[19.3864,40.5507],[19.3044,40.6531],[19.3605,40.7098],[19.3688,40.8022],[19.4067,40.8207],[19.3932,40.8449],[19.4142,40.8688],[19.3812,40.9083],[19.4409,40.9486],[19.427,40.9368],[19.4273,40.8723],[19.4378,40.8865],[19.4409,40.8723],[19.5234,40.9206],[19.4955,41.0026],[19.4797,40.9539],[19.4539,40.924],[19.4478,40.9343],[19.4772,40.975],[19.4406,41.0207],[19.4564,41.1067],[19.4419,41.1439],[19.4637,41.1513],[19.5166,41.2564],[19.488,41.3065],[19.419,41.3226],[19.3932,41.4135],[19.4287,41.4013],[19.4409,41.4409],[19.4893,41.4661],[19.5166,41.5134],[19.4409,41.5854],[19.5281,41.5766],[19.5652,41.5851],[19.5848,41.6196],[19.613,41.6053],[19.6001,41.6391],[19.5576,41.6605],[19.5781,41.6876],[19.5713,41.7704],[19.599,41.7787],[19.5916,41.8188],[19.433,41.8686],[19.3651,41.8524],[19.3464,41.9615],[19.371,41.9866],[19.3506,42.0278],[19.3725,42.1043],[19.272,42.1807],[19.4004,42.3259],[19.4121,42.3684],[19.5881,42.5329],[19.6218,42.605],[19.6993,42.6548],[19.746,42.5989],[19.7343,42.5244],[19.7845,42.4746],[19.8196,42.4665],[19.9075,42.5064],[19.9818,42.5108],[20.0392,42.5578],[20.1526,42.4937],[20.2047,42.4201],[20.1928,42.3937],[20.2378,42.3199],[20.3334,42.3179],[20.4817,42.2307],[20.5386,42.1501],[20.5993,41.9606],[20.5625,41.9001],[20.5671,41.8732]]]}},{"type":"Feature","properties":{"id":"EU-AT","zh":"奧地利","en":"Austria","labelLng":14.1305,"labelLat":47.5189},"geometry":{"type":"Polygon","coordinates":[[[16.945,48.6042],[16.9469,48.5397],[16.8649,48.4581],[16.8445,48.3656],[16.9019,48.3394],[16.9166,48.2908],[16.9543,48.2731],[16.9819,48.1613],[17.0802,48.0976],[17.0591,48.0604],[17.0697,48.0357],[17.1483,48.0054],[17.0856,47.9701],[17.0957,47.9557],[17.0676,47.8816],[17.0041,47.8633],[17.0556,47.8124],[17.0406,47.8011],[17.0506,47.731],[17.0754,47.7085],[16.9027,47.682],[16.8647,47.6867],[16.8502,47.7129],[16.7975,47.6755],[16.7304,47.6859],[16.6899,47.7296],[16.5678,47.7542],[16.5311,47.743],[16.5129,47.706],[16.4391,47.6905],[16.4078,47.6613],[16.6302,47.622],[16.6506,47.5666],[16.6891,47.538],[16.6774,47.5099],[16.6368,47.4932],[16.6409,47.4529],[16.4819,47.3923],[16.4566,47.4118],[16.434,47.3968],[16.4244,47.3452],[16.4732,47.2768],[16.4214,47.2431],[16.4128,47.1872],[16.4418,47.1771],[16.4337,47.1458],[16.5095,47.1375],[16.4543,47.0817],[16.4932,47.0491],[16.4247,47.0241],[16.4864,46.9986],[16.2749,47.0043],[16.2239,46.9411],[16.1101,46.8679],[15.9817,46.8277],[15.9705,46.743],[16.0167,46.6707],[15.8507,46.7245],[15.7287,46.703],[15.636,46.7176],[15.627,46.6809],[15.546,46.6719],[15.5112,46.6284],[15.4627,46.6146],[15.3881,46.6456],[15.062,46.6496],[15.0044,46.6368],[14.9672,46.6003],[14.9336,46.6211],[14.8504,46.6011],[14.7886,46.5066],[14.7097,46.4925],[14.68,46.4589],[14.5901,46.4344],[14.5403,46.3786],[14.5022,46.4184],[14.4509,46.4145],[14.3958,46.441],[14.1499,46.4401],[14.05,46.4844],[13.9823,46.4819],[13.8607,46.5152],[13.6703,46.5187],[13.478,46.5636],[13.2311,46.5522],[13.1465,46.585],[12.8304,46.6096],[12.7399,46.643],[12.5473,46.6522],[12.405,46.6901],[12.3704,46.7112],[12.3427,46.7651],[12.2691,46.7886],[12.2666,46.8681],[12.1269,46.9089],[12.1417,46.928],[12.1112,46.993],[12.2036,47.0533],[12.2042,47.0797],[12.1806,47.0852],[11.8995,47.0277],[11.7349,46.9706],[11.6838,46.9919],[11.5244,46.9883],[11.4718,47.0071],[11.4112,46.9705],[11.3138,46.9873],[11.1745,46.9639],[11.0919,46.9124],[11.0528,46.8149],[10.9969,46.7691],[10.8704,46.7641],[10.7229,46.7864],[10.7487,46.8194],[10.739,46.8295],[10.6471,46.8638],[10.4863,46.8464],[10.4538,46.8644],[10.4585,46.9366],[10.3734,46.9963],[10.3137,46.9643],[10.2957,46.9227],[10.2351,46.9233],[10.2014,46.8668],[10.1113,46.8471],[9.8751,46.9274],[9.858,47.0155],[9.6691,47.0562],[9.5812,47.0569],[9.6157,47.1068],[9.5521,47.1669],[9.5629,47.1977],[9.5212,47.2628],[9.6495,47.4097],[9.6503,47.4521],[9.5845,47.4807],[9.5475,47.5345],[9.6767,47.5226],[9.7821,47.5884],[9.808,47.5763],[9.8131,47.5418],[9.9459,47.5408],[9.9826,47.481],[10.0226,47.488],[10.0806,47.4274],[10.0532,47.4049],[10.0829,47.3591],[10.2093,47.3725],[10.1908,47.2983],[10.1599,47.2711],[10.3059,47.3022],[10.4283,47.396],[10.452,47.4388],[10.4476,47.4726],[10.4196,47.493],[10.431,47.5422],[10.4142,47.573],[10.4292,47.577],[10.4571,47.5792],[10.4535,47.5462],[10.4825,47.5329],[10.5369,47.5299],[10.5837,47.5625],[10.7608,47.5136],[10.8586,47.5307],[10.8922,47.5149],[10.8584,47.4852],[10.9598,47.4325],[10.9553,47.4096],[10.9795,47.3905],[11.0837,47.3895],[11.1938,47.4289],[11.2152,47.423],[11.213,47.3958],[11.237,47.394],[11.3056,47.4354],[11.3839,47.4449],[11.3886,47.4622],[11.3655,47.4693],[11.4126,47.5061],[11.5512,47.5137],[11.6205,47.5897],[11.8203,47.5753],[11.852,47.5992],[11.9359,47.6107],[12.1736,47.6051],[12.2068,47.6456],[12.1766,47.7058],[12.2422,47.732],[12.2233,47.6959],[12.2387,47.6789],[12.4241,47.6916],[12.4447,47.6563],[12.4966,47.6289],[12.6531,47.6751],[12.762,47.6669],[12.7517,47.6494],[12.8132,47.6118],[12.7859,47.6027],[12.7789,47.5548],[12.9316,47.4735],[13.0019,47.466],[13.0373,47.493],[13.0281,47.5416],[13.072,47.6224],[13.072,47.6595],[13.0199,47.7129],[12.964,47.7054],[12.892,47.7235],[12.9912,47.8471],[12.9311,47.9249],[12.862,47.9626],[12.8306,48.0155],[12.7509,48.0747],[12.745,48.1206],[12.8626,48.1966],[12.933,48.2093],[13.0328,48.2636],[13.2742,48.3071],[13.4056,48.3766],[13.4592,48.5164],[13.4401,48.561],[13.4546,48.5734],[13.5207,48.5846],[13.6244,48.5654],[13.7165,48.5217],[13.7339,48.5598],[13.7743,48.5692],[13.8024,48.6117],[13.8009,48.6752],[13.8169,48.6956],[13.7836,48.7153],[13.8157,48.7664],[13.9823,48.7065],[14.0347,48.6612],[14.0062,48.6395],[14.0152,48.6204],[14.0748,48.5917],[14.3254,48.5586],[14.4054,48.5863],[14.4582,48.6432],[14.5338,48.6087],[14.5942,48.6213],[14.6051,48.6003],[14.6756,48.5762],[14.6957,48.5895],[14.7038,48.6731],[14.7754,48.724],[14.8004,48.7765],[14.9396,48.7628],[14.9821,49.0079],[15.1374,48.993],[15.1419,48.9375],[15.2381,48.9508],[15.2746,48.9867],[15.4504,48.9448],[15.6813,48.8585],[15.8185,48.8723],[16.0854,48.7429],[16.3583,48.7273],[16.4357,48.7945],[16.5195,48.8056],[16.6431,48.7783],[16.6751,48.7339],[16.7989,48.7092],[16.873,48.719],[16.8967,48.697],[16.9105,48.6308],[16.945,48.6042]]]}},{"type":"Feature","properties":{"id":"EU-BA","zh":"波士尼亞與赫塞哥維納","en":"Bosnia and Herzegovina","labelLng":18.0684,"labelLat":44.0911},"geometry":{"type":"Polygon","coordinates":[[[17.6533,42.8909],[17.5565,42.9348],[17.6179,42.9218],[17.5807,42.9421],[17.6627,42.9657],[17.6284,43.0466],[17.4421,43.1524],[17.4002,43.216],[17.2899,43.3034],[17.2676,43.3533],[17.2864,43.4374],[17.2705,43.4632],[17.1428,43.4893],[17.0305,43.5485],[16.7126,43.7715],[16.6786,43.8407],[16.501,43.9927],[16.4396,44.014],[16.414,44.0558],[16.3269,44.0824],[16.2158,44.2082],[16.1876,44.2824],[16.2029,44.3598],[16.1383,44.3776],[16.1597,44.4161],[16.1165,44.5215],[16.0061,44.541],[16.0447,44.5894],[16.0283,44.6247],[15.969,44.6392],[15.8888,44.7242],[15.8057,44.6967],[15.7285,44.7691],[15.7161,44.8032],[15.7734,44.845],[15.7309,44.9272],[15.7636,44.9756],[15.756,45.0422],[15.7838,45.1009],[15.7923,45.1898],[15.8789,45.2172],[16.0204,45.2139],[16.0244,45.1843],[16.0675,45.1696],[16.1215,45.0962],[16.213,45.0315],[16.3162,45.0012],[16.3406,45.0059],[16.3892,45.1168],[16.4355,45.1329],[16.4819,45.1995],[16.5289,45.2223],[16.8117,45.1812],[16.8307,45.217],[16.9244,45.2845],[16.9473,45.2357],[16.968,45.2373],[16.9612,45.2509],[16.9987,45.2314],[17.0083,45.2442],[17.0083,45.2162],[17.0363,45.2305],[17.0557,45.2004],[17.1871,45.1486],[17.2455,45.1554],[17.269,45.1895],[17.3824,45.1396],[17.4433,45.1621],[17.4581,45.1461],[17.4478,45.1343],[17.4962,45.1417],[17.4819,45.1144],[17.5724,45.1204],[17.63,45.1573],[17.6847,45.164],[17.8357,45.0644],[17.9112,45.0811],[18.0035,45.1493],[18.1537,45.0976],[18.1925,45.1085],[18.2023,45.1441],[18.2379,45.1575],[18.3223,45.1229],[18.412,45.1124],[18.517,45.0559],[18.5411,45.0553],[18.5349,45.0904],[18.5496,45.0948],[18.6167,45.0977],[18.6487,45.0627],[18.6782,45.0874],[18.7383,45.0159],[18.7918,45.0015],[18.8046,44.9738],[18.7726,44.9425],[18.7834,44.9137],[18.8896,44.8612],[19.0684,44.8748],[19.1869,44.9275],[19.2019,44.9084],[19.3102,44.9124],[19.3687,44.8871],[19.3766,44.863],[19.318,44.7155],[19.1883,44.576],[19.1796,44.5383],[19.1299,44.5183],[19.1414,44.4308],[19.1072,44.3827],[19.157,44.2936],[19.3074,44.2742],[19.3812,44.1771],[19.4426,44.1432],[19.4657,44.1528],[19.522,44.085],[19.5802,44.0515],[19.6114,44.0545],[19.6104,44.0193],[19.5286,43.9772],[19.3646,43.9733],[19.2728,44.0124],[19.2435,44.002],[19.2293,43.9577],[19.4617,43.7621],[19.5057,43.6736],[19.5074,43.6472],[19.4775,43.617],[19.4896,43.5644],[19.4318,43.5711],[19.4107,43.5408],[19.3465,43.6088],[19.2527,43.5886],[19.2175,43.5328],[19.1228,43.5359],[19.055,43.5067],[18.9775,43.5462],[18.911,43.5073],[18.9056,43.4906],[18.9512,43.4638],[18.9463,43.4439],[18.9683,43.4481],[19.0099,43.411],[19.0697,43.3088],[19.0247,43.2987],[18.9925,43.2671],[18.9234,43.3468],[18.8212,43.3414],[18.8335,43.3242],[18.6643,43.2332],[18.6884,43.2245],[18.6206,43.1226],[18.639,43.0202],[18.539,43.0239],[18.4528,42.9934],[18.434,42.9369],[18.4733,42.8626],[18.4446,42.8171],[18.55,42.6681],[18.5384,42.6183],[18.4867,42.5898],[18.4921,42.5648],[18.3853,42.5665],[18.3387,42.6025],[18.2241,42.6281],[17.9953,42.7404],[17.8585,42.817],[17.8118,42.9099],[17.7016,42.9195],[17.6533,42.8909]]]}},{"type":"Feature","properties":{"id":"EU-BE","zh":"比利時","en":"Belgium","labelLng":4.8004,"labelLat":50.7854},"geometry":{"type":"Polygon","coordinates":[[[2.5218,51.0875],[3.1248,51.3297],[3.3494,51.3752],[3.3532,51.2886],[3.3917,51.2468],[3.5012,51.2403],[3.5143,51.281],[3.6095,51.2904],[3.7762,51.2545],[3.7814,51.2199],[3.8087,51.2053],[3.927,51.2063],[4.1686,51.2969],[4.2215,51.368],[4.303,51.2961],[4.2967,51.2676],[4.3084,51.2712],[4.3308,51.2961],[4.2893,51.3091],[4.2611,51.3694],[4.4112,51.3567],[4.3771,51.4429],[4.4294,51.462],[4.5252,51.4759],[4.5215,51.4286],[4.6301,51.4182],[4.7312,51.4856],[4.7787,51.4954],[4.8239,51.4756],[4.8227,51.4137],[4.7791,51.4264],[4.7621,51.4134],[4.9103,51.3919],[4.9571,51.411],[5.0275,51.4768],[5.0799,51.4385],[5.0681,51.3745],[5.1229,51.3134],[5.1973,51.3083],[5.2154,51.2587],[5.3891,51.2587],[5.4932,51.2865],[5.5352,51.262],[5.5455,51.2199],[5.5684,51.2077],[5.659,51.1791],[5.7308,51.1838],[5.7814,51.1524],[5.8291,51.1565],[5.8405,51.1389],[5.8232,51.1187],[5.846,51.1034],[5.8049,51.0966],[5.7988,51.0615],[5.7715,51.0581],[5.7776,51.0236],[5.7224,50.9594],[5.764,50.9594],[5.7224,50.9117],[5.6223,50.8527],[5.6245,50.8303],[5.7005,50.7956],[5.6884,50.7608],[5.7066,50.7542],[5.7524,50.7734],[5.7932,50.7521],[5.9949,50.7499],[6.0115,50.7085],[6.1002,50.7013],[6.1611,50.6422],[6.1478,50.6368],[6.1594,50.6224],[6.2491,50.6144],[6.1607,50.5436],[6.1708,50.518],[6.2072,50.4863],[6.3369,50.481],[6.3233,50.466],[6.3512,50.4336],[6.3377,50.3681],[6.3745,50.3155],[6.286,50.3039],[6.2718,50.2674],[6.1572,50.2227],[6.1651,50.1819],[6.1232,50.1649],[6.1175,50.1205],[6.0842,50.1593],[6.0386,50.1484],[5.9983,50.175],[5.9616,50.1656],[5.9411,50.1283],[5.8724,50.0969],[5.8364,50.0186],[5.8027,50.0025],[5.8126,49.9776],[5.719,49.8914],[5.7581,49.8582],[5.7319,49.86],[5.7277,49.8002],[5.7785,49.773],[5.8054,49.7219],[5.8502,49.714],[5.8458,49.6666],[5.8855,49.6435],[5.83,49.5828],[5.8469,49.5767],[5.8374,49.5611],[5.7907,49.5378],[5.6446,49.5438],[5.6023,49.5137],[5.5476,49.5234],[5.4561,49.4989],[5.4502,49.5458],[5.4021,49.6025],[5.3349,49.6258],[5.2979,49.6133],[5.2994,49.6625],[5.2592,49.6913],[5.1694,49.6872],[5.0819,49.7527],[4.971,49.7971],[4.849,49.7942],[4.8349,49.853],[4.8602,49.9133],[4.7839,49.9583],[4.8272,50.0641],[4.846,50.0907],[4.8629,50.0841],[4.8627,50.1476],[4.7886,50.1534],[4.6819,50.0839],[4.6567,49.9891],[4.4648,49.9356],[4.2776,49.9602],[4.2011,49.953],[4.1317,49.975],[4.1373,50.0251],[4.21,50.0601],[4.1806,50.1272],[4.1258,50.1282],[4.1527,50.2045],[4.2013,50.2415],[4.1976,50.2585],[4.1628,50.273],[4.1437,50.2516],[4.1253,50.2571],[4.0979,50.2948],[4.0033,50.3441],[3.8959,50.3253],[3.755,50.3463],[3.6969,50.2982],[3.6617,50.3193],[3.6444,50.4455],[3.6083,50.4765],[3.4991,50.4868],[3.4867,50.4927],[3.498,50.5119],[3.4771,50.5199],[3.3611,50.4898],[3.271,50.5269],[3.2324,50.6959],[3.189,50.7151],[3.1292,50.7791],[2.9714,50.7578],[2.8869,50.6966],[2.7867,50.7234],[2.6919,50.8088],[2.6204,50.8165],[2.5867,50.8454],[2.5967,50.8676],[2.5769,50.9115],[2.6117,50.9412],[2.6085,50.9611],[2.557,51.0012],[2.5218,51.0875]]]}},{"type":"Feature","properties":{"id":"EU-BG","zh":"保加利亞","en":"Bulgaria","labelLng":25.1571,"labelLat":42.5088},"geometry":{"type":"Polygon","coordinates":[[[26.3334,41.713],[26.2739,41.7149],[26.2118,41.7505],[26.0537,41.7015],[26.055,41.6488],[26.1153,41.6166],[26.1312,41.5527],[26.1581,41.5423],[26.1459,41.478],[26.1756,41.4319],[26.1209,41.3578],[25.882,41.304],[25.811,41.341],[25.68,41.2972],[25.5515,41.3157],[25.5051,41.2806],[25.2391,41.2409],[25.1019,41.3367],[24.8864,41.4006],[24.8033,41.3927],[24.7943,41.3474],[24.7744,41.3481],[24.6992,41.4089],[24.5804,41.4405],[24.5102,41.5617],[24.4388,41.5277],[24.2961,41.5152],[24.2507,41.5635],[24.1963,41.547],[24.1702,41.5116],[24.0766,41.536],[24.0473,41.5257],[24.052,41.463],[24.0347,41.4513],[24.0007,41.4641],[23.9499,41.4376],[23.8948,41.4643],[23.7771,41.429],[23.7544,41.4007],[23.6722,41.403],[23.6124,41.371],[23.513,41.3977],[23.4145,41.3999],[23.326,41.3693],[23.2877,41.3982],[23.2242,41.379],[23.1995,41.333],[23.1572,41.3163],[22.917,41.3358],[22.9409,41.3498],[22.9373,41.4108],[22.9546,41.4324],[22.9361,41.6262],[22.9986,41.6931],[23.0089,41.7399],[22.9459,41.7693],[22.8808,41.8727],[22.8382,42.0195],[22.7184,42.0445],[22.5311,42.1291],[22.345,42.3134],[22.424,42.3259],[22.4698,42.3917],[22.5088,42.4049],[22.5331,42.4576],[22.5249,42.5077],[22.4253,42.5729],[22.4421,42.6817],[22.4829,42.7338],[22.4274,42.8136],[22.506,42.8701],[22.5636,42.8843],[22.6662,42.8719],[22.727,42.8869],[22.7764,42.9797],[22.829,42.9935],[22.9556,43.1083],[22.9814,43.199],[22.8978,43.2203],[22.827,43.2814],[22.8045,43.329],[22.733,43.3815],[22.6647,43.3967],[22.6378,43.4264],[22.5963,43.4292],[22.5189,43.4742],[22.4785,43.5592],[22.4663,43.6491],[22.4049,43.6872],[22.3885,43.7583],[22.3495,43.8079],[22.3996,43.9933],[22.5037,44.0199],[22.5342,44.0572],[22.593,44.0639],[22.6062,44.1746],[22.6916,44.2284],[22.9064,44.1229],[23.031,44.0931],[23.0401,44.0623],[23.023,44.0316],[22.8859,43.9945],[22.8505,43.897],[22.8634,43.8554],[22.8888,43.8395],[23.1318,43.8479],[23.3252,43.8866],[23.4847,43.8806],[23.5927,43.8374],[23.7429,43.8427],[24.1594,43.7529],[24.3582,43.76],[24.4663,43.8024],[24.7056,43.7438],[24.9637,43.7496],[25.0816,43.7189],[25.2523,43.7046],[25.4031,43.65],[25.5566,43.6704],[25.6714,43.7174],[25.7811,43.732],[25.934,43.8703],[26.0543,43.9343],[26.1507,44.0124],[26.3105,44.0526],[26.7537,44.1081],[26.8841,44.1565],[27.0275,44.177],[27.1002,44.1445],[27.2511,44.1224],[27.2853,44.0725],[27.3838,44.0151],[27.6334,44.0298],[27.7217,43.9487],[27.9121,43.9933],[27.981,43.8493],[28.2213,43.762],[28.4346,43.7352],[28.5784,43.7413],[28.5731,43.6061],[28.6035,43.5382],[28.5603,43.4538],[28.4886,43.4064],[28.4732,43.3668],[28.3938,43.4143],[28.3216,43.4283],[28.1188,43.3915],[28.0176,43.2327],[27.904,43.2023],[27.9456,43.1689],[27.8836,43.031],[27.904,42.9423],[27.904,42.8597],[27.884,42.8484],[27.8923,42.7105],[27.7327,42.7145],[27.717,42.6745],[27.7395,42.6611],[27.6284,42.629],[27.6502,42.5581],[27.5409,42.5655],[27.5115,42.553],[27.4802,42.4829],[27.4529,42.4801],[27.4657,42.4283],[27.4727,42.4619],[27.5142,42.4351],[27.5444,42.46],[27.6294,42.4586],[27.6522,42.4185],[27.6917,42.4283],[27.719,42.4147],[27.698,42.4004],[27.719,42.3867],[27.7144,42.3492],[27.7804,42.3389],[27.7879,42.311],[27.7511,42.277],[27.7559,42.2585],[27.8562,42.1813],[27.8494,42.1671],[27.904,42.1198],[27.9866,42.0721],[28.0191,42.0084],[28.0168,41.9726],[27.8119,41.9947],[27.8153,41.9468],[27.6871,41.9686],[27.6093,41.9535],[27.5508,41.9242],[27.5627,41.9064],[27.5464,41.9012],[27.3969,41.9893],[27.2734,42.0917],[27.2164,42.0956],[27.1738,42.0571],[27.0465,42.0829],[26.9389,41.9962],[26.8194,41.9657],[26.7806,41.9834],[26.7367,41.959],[26.6057,41.9674],[26.543,41.9204],[26.559,41.9017],[26.5261,41.8242],[26.3755,41.8166],[26.3342,41.7895],[26.3163,41.7438],[26.3334,41.713]]]}},{"type":"Feature","properties":{"id":"EU-BY","zh":"白俄羅斯","en":"Belarus","labelLng":28.4177,"labelLat":53.8219},"geometry":{"type":"Polygon","coordinates":[[[23.6062,51.5174],[23.5603,51.5553],[23.574,51.5553],[23.5434,51.5927],[23.5324,51.659],[23.5603,51.672],[23.5461,51.6896],[23.5603,51.7545],[23.6287,51.8098],[23.5946,51.8433],[23.6218,51.8774],[23.6287,51.9463],[23.6764,51.9941],[23.6375,52.0845],[23.5794,52.1215],[23.5125,52.1244],[23.4877,52.1816],[23.3914,52.1825],[23.3958,52.1996],[23.1897,52.2405],[23.1945,52.2715],[23.1656,52.2894],[23.3923,52.5096],[23.569,52.5859],[23.7362,52.6149],[23.869,52.67],[23.9088,52.6999],[23.9225,52.7426],[23.9011,52.9233],[23.918,52.9508],[23.9113,53.0051],[23.8593,53.068],[23.8937,53.152],[23.8006,53.2425],[23.5909,53.6113],[23.5648,53.7424],[23.5299,53.7842],[23.4856,53.9393],[23.6271,53.8982],[23.7872,53.9279],[23.8283,53.9201],[23.9198,53.9478],[24.0454,53.9309],[24.1696,53.9589],[24.2291,53.9324],[24.2571,53.894],[24.3779,53.8868],[24.5287,53.9584],[24.6668,53.9939],[24.7056,53.9642],[24.8064,53.9753],[24.8214,54.0199],[24.7825,54.0929],[24.8182,54.1101],[24.8216,54.1345],[24.9023,54.1498],[25.072,54.1322],[25.1565,54.1757],[25.2062,54.2568],[25.3697,54.2479],[25.4594,54.2989],[25.554,54.2313],[25.5017,54.2218],[25.529,54.1957],[25.4858,54.1754],[25.516,54.1448],[25.6535,54.1287],[25.7631,54.1564],[25.7892,54.2362],[25.7192,54.2815],[25.696,54.321],[25.564,54.3031],[25.5287,54.321],[25.53,54.3461],[25.6126,54.4218],[25.6309,54.5084],[25.7404,54.5685],[25.7399,54.6077],[25.7084,54.663],[25.7212,54.7667],[25.7785,54.8053],[25.7827,54.8697],[25.8702,54.9388],[26.1386,54.9689],[26.2246,55.0549],[26.233,55.1116],[26.2644,55.1401],[26.4288,55.1282],[26.4734,55.1457],[26.6009,55.1208],[26.657,55.2153],[26.8007,55.2733],[26.7686,55.3002],[26.5254,55.3081],[26.45,55.3271],[26.4992,55.4281],[26.5433,55.4596],[26.5321,55.5163],[26.5956,55.568],[26.6077,55.6165],[26.5945,55.667],[26.6156,55.688],[26.743,55.6829],[26.8228,55.7061],[26.9811,55.8269],[27.1514,55.8325],[27.263,55.7872],[27.3496,55.8312],[27.4388,55.7987],[27.5927,55.7942],[27.645,55.9228],[27.7444,55.9597],[27.7812,56.0164],[27.8807,56.0639],[27.9271,56.1094],[28.111,56.1568],[28.3109,56.0427],[28.3898,56.0886],[28.6115,56.0885],[28.6806,56.0274],[28.7064,55.9598],[28.7319,55.9468],[28.8309,55.9377],[28.8331,55.961],[28.8597,55.9765],[29.0308,56.0242],[29.3956,55.9477],[29.4444,55.9069],[29.3841,55.8799],[29.3436,55.787],[29.3634,55.7515],[29.4809,55.6811],[29.6842,55.7706],[29.8057,55.7715],[29.9078,55.8432],[29.9882,55.8468],[30.1063,55.8219],[30.2003,55.858],[30.4688,55.7935],[30.4807,55.754],[30.5875,55.7183],[30.5964,55.6653],[30.6937,55.6522],[30.7422,55.5944],[30.8477,55.611],[30.8862,55.6005],[30.9197,55.5345],[30.8994,55.4991],[30.9194,55.4923],[30.8813,55.4514],[30.9183,55.3878],[30.8112,55.3231],[30.7943,55.2855],[30.9598,55.1626],[30.984,55.1309],[30.9703,55.1014],[31.0056,55.023],[30.9132,55.0246],[30.9361,54.9732],[30.9174,54.954],[30.8148,54.928],[30.8261,54.8775],[30.7681,54.8299],[30.7706,54.786],[30.9806,54.7057],[30.999,54.6713],[31.1052,54.6683],[31.1679,54.6216],[31.0646,54.4923],[31.209,54.448],[31.2848,54.3474],[31.3247,54.2292],[31.5064,54.1439],[31.7367,54.0942],[31.7713,54.0485],[31.8226,54.0534],[31.8465,53.9923],[31.8379,53.9621],[31.8101,53.8826],[31.7447,53.7949],[31.8732,53.7771],[32.0836,53.8096],[32.2904,53.7609],[32.3718,53.7144],[32.4421,53.7139],[32.4902,53.6771],[32.3991,53.6354],[32.4294,53.5616],[32.5768,53.486],[32.6503,53.4876],[32.6468,53.458],[32.7012,53.4621],[32.7195,53.4395],[32.7044,53.3664],[32.7175,53.3349],[32.58,53.3244],[32.5959,53.3083],[32.5692,53.2988],[32.4548,53.3004],[32.456,53.2778],[32.4791,53.2749],[32.4236,53.2044],[32.268,53.1248],[32.2157,53.1255],[32.2011,53.0976],[32.1173,53.0811],[31.7963,53.1124],[31.7563,53.1866],[31.614,53.2098],[31.4164,53.2],[31.3785,53.182],[31.3637,53.0888],[31.3192,53.0764],[31.2471,53.0144],[31.3226,52.9771],[31.3879,52.888],[31.5051,52.8489],[31.5608,52.7871],[31.5702,52.7253],[31.4806,52.6825],[31.6286,52.5481],[31.5593,52.5405],[31.5759,52.5247],[31.5506,52.5119],[31.5879,52.4826],[31.5829,52.4028],[31.6081,52.3725],[31.6028,52.3409],[31.5674,52.3114],[31.6314,52.2648],[31.6994,52.2515],[31.6824,52.2019],[31.7626,52.1498],[31.7643,52.1006],[31.3831,52.1175],[31.3044,52.0975],[31.229,52.0382],[31.0963,52.0796],[30.9188,52.0592],[30.9113,52.0226],[30.9405,52.0201],[30.9412,51.9938],[30.8969,51.9983],[30.858,51.9576],[30.8031,51.9391],[30.8106,51.9184],[30.7882,51.9006],[30.7417,51.8979],[30.7345,51.8737],[30.662,51.8194],[30.6706,51.7905],[30.6182,51.7613],[30.6462,51.7545],[30.625,51.7061],[30.5703,51.6999],[30.5566,51.6236],[30.5151,51.6037],[30.5431,51.5826],[30.5226,51.5627],[30.584,51.5423],[30.5629,51.5218],[30.6182,51.4671],[30.586,51.4518],[30.5879,51.4274],[30.6182,51.4187],[30.6456,51.3675],[30.6324,51.3641],[30.6383,51.3359],[30.5799,51.3037],[30.5507,51.2368],[30.3551,51.3053],[30.3171,51.3406],[30.3202,51.4021],[30.1486,51.4844],[29.8863,51.4648],[29.8286,51.43],[29.7379,51.4395],[29.7,51.4837],[29.6378,51.4909],[29.5682,51.4496],[29.5055,51.4375],[29.4663,51.3851],[29.4027,51.3961],[29.3199,51.3656],[29.2278,51.4556],[29.2265,51.5191],[29.1604,51.6033],[29.0632,51.6306],[28.9808,51.5695],[28.8636,51.5589],[28.7999,51.5326],[28.7522,51.4837],[28.7516,51.4287],[28.7288,51.4013],[28.704,51.4426],[28.6636,51.434],[28.6373,51.4496],[28.6039,51.5535],[28.4612,51.5717],[28.3339,51.5284],[28.3109,51.5744],[28.2578,51.6018],[28.2451,51.6406],[28.21,51.652],[28.0708,51.5576],[27.9548,51.5608],[27.8756,51.608],[27.8313,51.6129],[27.7995,51.5852],[27.7925,51.5173],[27.7143,51.4637],[27.6641,51.4929],[27.7052,51.5684],[27.6927,51.5892],[27.4773,51.6237],[27.409,51.5917],[27.2675,51.5875],[27.254,51.5954],[27.2775,51.6511],[27.189,51.6638],[27.1779,51.7471],[27.1511,51.7568],[26.8548,51.7493],[26.6657,51.8014],[26.4456,51.8056],[26.4078,51.8506],[26.1753,51.8567],[26.0808,51.9007],[25.7679,51.9285],[25.352,51.9215],[25.138,51.9489],[25.0027,51.9105],[24.7218,51.8823],[24.3908,51.88],[24.3115,51.8276],[24.2441,51.7182],[23.9813,51.586],[23.9413,51.5819],[23.8849,51.6199],[23.7497,51.6445],[23.629,51.629],[23.5944,51.605],[23.6287,51.5312],[23.6062,51.5174]]]}},{"type":"Feature","properties":{"id":"EU-CH","zh":"瑞士","en":"Switzerland","labelLng":7.464,"labelLat":46.7191},"geometry":{"type":"Polygon","coordinates":[[[10.4585,46.9366],[10.4449,46.8232],[10.4172,46.7988],[10.4287,46.7556],[10.3692,46.6724],[10.3956,46.6388],[10.4591,46.6236],[10.4659,46.5785],[10.444,46.5377],[10.2954,46.5511],[10.2347,46.5753],[10.2338,46.618],[10.1921,46.6268],[10.0878,46.6044],[10.0328,46.533],[10.0281,46.4839],[10.044,46.467],[10.0263,46.4463],[10.1408,46.4029],[10.0924,46.3381],[10.1589,46.2624],[10.1179,46.2311],[10.0427,46.2205],[10.0317,46.2601],[9.9776,46.2981],[9.964,46.3561],[9.9184,46.3712],[9.7681,46.3386],[9.7201,46.3509],[9.7084,46.3117],[9.6743,46.2918],[9.5365,46.2986],[9.4444,46.3753],[9.4346,46.4983],[9.3846,46.4664],[9.331,46.5015],[9.2632,46.4851],[9.238,46.4365],[9.2609,46.4167],[9.2752,46.3314],[9.2248,46.2312],[9.1632,46.1723],[9.0906,46.1382],[9.0592,46.0618],[9.0021,46.0393],[9.0156,45.9931],[8.9805,45.9644],[9.0631,45.899],[9.0024,45.8207],[8.9,45.8264],[8.9121,45.8834],[8.871,45.9471],[8.7679,45.9831],[8.8344,46.0664],[8.809,46.0897],[8.7239,46.1095],[8.6775,46.0958],[8.6018,46.1228],[8.5103,46.2079],[8.4381,46.2354],[8.4232,46.2758],[8.4458,46.4124],[8.4279,46.4487],[8.3992,46.4522],[8.3163,46.4337],[8.2866,46.4054],[8.2975,46.3875],[8.2815,46.3701],[8.1926,46.3092],[8.0873,46.2718],[8.0731,46.2536],[8.1295,46.196],[8.1323,46.1594],[8.1106,46.127],[8.0253,46.0911],[7.9858,45.9993],[7.8982,45.9819],[7.8312,45.9145],[7.694,45.9287],[7.643,45.9663],[7.5411,45.9841],[7.3618,45.9078],[7.2867,45.9134],[7.1535,45.8765],[7.0669,45.8902],[7.0152,45.9333],[6.9877,45.9931],[6.9151,46.0486],[6.8509,46.0496],[6.8486,46.085],[6.8692,46.1123],[6.7743,46.1348],[6.7749,46.1859],[6.8277,46.2695],[6.7504,46.3455],[6.7821,46.3785],[6.7871,46.4142],[6.6137,46.4559],[6.4829,46.4486],[6.3977,46.4082],[6.3016,46.3945],[6.2141,46.3155],[6.2376,46.2679],[6.276,46.2631],[6.2812,46.2401],[6.1079,46.1386],[6.0283,46.1479],[5.9588,46.1305],[5.9829,46.1708],[5.9585,46.212],[6.0897,46.2464],[6.1364,46.3593],[6.1082,46.3965],[6.0542,46.4194],[6.0642,46.4711],[6.1457,46.5516],[6.1184,46.5835],[6.4292,46.7608],[6.4171,46.8022],[6.4468,46.8577],[6.4278,46.9091],[6.4426,46.9442],[6.6654,47.0213],[6.6883,47.0438],[6.6763,47.0624],[6.6897,47.0783],[6.9562,47.2452],[6.9586,47.2906],[7.0366,47.3295],[7.0443,47.3405],[7.004,47.3681],[6.8666,47.3542],[6.9261,47.4249],[6.991,47.4522],[6.9733,47.4891],[7.1808,47.4883],[7.1683,47.4436],[7.2381,47.4168],[7.4063,47.4382],[7.4293,47.4651],[7.4143,47.4902],[7.4845,47.4929],[7.4769,47.5149],[7.5052,47.533],[7.4827,47.5423],[7.637,47.595],[7.6597,47.5966],[7.6465,47.5715],[7.6097,47.5647],[7.6834,47.5443],[7.7667,47.556],[7.8197,47.5953],[7.8982,47.5878],[7.9122,47.5606],[8.0423,47.5606],[8.233,47.622],[8.3541,47.581],[8.4489,47.5843],[8.4618,47.6061],[8.5224,47.6219],[8.5607,47.5894],[8.5806,47.6002],[8.5803,47.639],[8.6016,47.6326],[8.6073,47.6563],[8.4583,47.6399],[8.3913,47.6655],[8.3921,47.6995],[8.4379,47.7232],[8.4636,47.7639],[8.5516,47.7793],[8.5423,47.795],[8.5582,47.8012],[8.6016,47.7946],[8.6174,47.7573],[8.6441,47.791],[8.6819,47.7587],[8.7131,47.7574],[8.7004,47.7235],[8.7171,47.6946],[8.7699,47.6951],[8.7707,47.7209],[8.7976,47.72],[8.8561,47.6907],[8.8378,47.6808],[8.8817,47.6561],[8.9454,47.6543],[9.0166,47.6789],[9.2732,47.6501],[9.5475,47.5345],[9.5845,47.4807],[9.6503,47.4521],[9.6398,47.3945],[9.4874,47.21],[9.5124,47.108],[9.477,47.0639],[9.6691,47.0562],[9.858,47.0155],[9.8751,46.9274],[10.1113,46.8471],[10.2014,46.8668],[10.2351,46.9233],[10.2957,46.9227],[10.3137,46.9643],[10.379,46.9955],[10.4585,46.9366]]]}},{"type":"Feature","properties":{"id":"EU-CZ","zh":"捷克共和國","en":"Czech Republic","labelLng":15.3776,"labelLat":49.8824},"geometry":{"type":"Polygon","coordinates":[[[14.8104,50.8584],[14.9821,50.8591],[14.9966,50.9592],[14.961,50.9927],[15.004,51.0207],[15.1079,50.981],[15.1444,51.0116],[15.1702,50.978],[15.2271,50.9774],[15.2698,50.9527],[15.2561,50.8999],[15.2878,50.8549],[15.341,50.8317],[15.3561,50.7755],[15.4418,50.8002],[15.6843,50.7314],[15.7922,50.7427],[15.8482,50.6752],[15.9715,50.6786],[15.9986,50.6356],[15.982,50.6036],[16.0865,50.6468],[16.1755,50.6241],[16.232,50.6609],[16.3316,50.644],[16.4259,50.5676],[16.3945,50.5593],[16.3912,50.5218],[16.3526,50.4928],[16.2877,50.4928],[16.2112,50.4513],[16.218,50.4371],[16.1902,50.4242],[16.1996,50.4063],[16.232,50.4026],[16.2625,50.3644],[16.3437,50.3699],[16.371,50.3184],[16.4378,50.298],[16.535,50.2077],[16.5667,50.1422],[16.6606,50.093],[16.7012,50.0949],[16.8177,50.1868],[16.9553,50.2135],[16.9603,50.232],[17.0148,50.2185],[16.9878,50.2849],[16.9265,50.3193],[16.8659,50.4084],[16.893,50.4329],[17.1876,50.3785],[17.2109,50.3364],[17.3375,50.313],[17.3191,50.3082],[17.3417,50.2597],[17.388,50.2726],[17.4242,50.2406],[17.4694,50.2656],[17.6295,50.2621],[17.6845,50.3124],[17.708,50.311],[17.7345,50.2895],[17.7192,50.2528],[17.7476,50.2175],[17.6753,50.1747],[17.5894,50.1632],[17.5842,50.1459],[17.6328,50.1063],[17.732,50.0949],[17.7195,50.0809],[17.7633,50.0252],[17.8394,49.9736],[18.0324,50.0028],[18.0024,50.0468],[18.0916,50.0172],[18.0982,49.989],[18.2559,49.946],[18.2925,49.9078],[18.3688,49.932],[18.4818,49.8966],[18.5592,49.9072],[18.5673,49.8615],[18.5938,49.8522],[18.5663,49.8316],[18.5668,49.8048],[18.6177,49.7139],[18.7277,49.6689],[18.7884,49.6686],[18.8332,49.5103],[18.7325,49.4803],[18.6359,49.4967],[18.5356,49.4817],[18.5147,49.4406],[18.4168,49.3855],[18.3876,49.3898],[18.3852,49.3423],[18.1606,49.2587],[18.1178,49.2026],[18.1029,49.0923],[18.0755,49.0472],[18.0129,49.0191],[17.9141,49.0105],[17.8787,48.9336],[17.7955,48.9206],[17.7272,48.8629],[17.5351,48.813],[17.4533,48.8428],[17.3744,48.8196],[17.2603,48.8578],[17.1675,48.8598],[17.1137,48.8339],[17.0253,48.7463],[16.945,48.6042],[16.9105,48.6308],[16.8967,48.697],[16.873,48.719],[16.7989,48.7092],[16.6751,48.7339],[16.6431,48.7783],[16.5195,48.8056],[16.4357,48.7945],[16.3583,48.7273],[16.0854,48.7429],[15.8185,48.8723],[15.6813,48.8585],[15.4504,48.9448],[15.2746,48.9867],[15.2381,48.9508],[15.1419,48.9375],[15.1374,48.993],[15.004,49.0098],[14.9789,49.0063],[14.9646,48.9717],[14.9682,48.885],[14.9396,48.7628],[14.8004,48.7765],[14.7754,48.724],[14.7038,48.6731],[14.6957,48.5895],[14.6756,48.5762],[14.6051,48.6003],[14.5942,48.6213],[14.5338,48.6087],[14.4582,48.6432],[14.4054,48.5863],[14.3157,48.5579],[14.0408,48.6012],[14.0062,48.6395],[14.0321,48.6673],[13.9911,48.7002],[13.8157,48.7664],[13.7247,48.8673],[13.6374,48.8935],[13.6087,48.9462],[13.5159,48.9702],[13.4823,48.9376],[13.4273,48.96],[13.3842,48.993],[13.3724,49.0385],[13.2995,49.0936],[13.1785,49.1183],[12.9998,49.2949],[12.8847,49.3396],[12.8567,49.3222],[12.7779,49.3325],[12.7293,49.3911],[12.6435,49.4295],[12.623,49.5098],[12.5829,49.5224],[12.5466,49.5956],[12.502,49.6197],[12.4964,49.67],[12.4196,49.7002],[12.3836,49.7429],[12.4527,49.7797],[12.4625,49.8312],[12.4825,49.8272],[12.5241,49.905],[12.4627,49.9313],[12.4682,49.9702],[12.4513,49.9806],[12.2469,50.045],[12.2325,50.0805],[12.1792,50.118],[12.175,50.1826],[12.0796,50.2427],[12.111,50.2766],[12.0761,50.3152],[12.1493,50.3117],[12.178,50.2688],[12.2396,50.2566],[12.2299,50.2348],[12.3004,50.1608],[12.3365,50.2586],[12.5102,50.3888],[12.6918,50.3947],[12.7379,50.4315],[12.8174,50.443],[12.9526,50.4042],[12.9966,50.4337],[13.0096,50.4927],[13.1601,50.497],[13.2323,50.582],[13.3056,50.5758],[13.3688,50.6283],[13.4479,50.5973],[13.5233,50.6622],[13.5156,50.691],[13.5566,50.7067],[13.8345,50.7237],[13.8822,50.7427],[13.8925,50.7804],[13.9596,50.8021],[14.0349,50.8026],[14.1908,50.8479],[14.2321,50.8794],[14.3465,50.8802],[14.3819,50.9209],[14.2928,50.9535],[14.3038,50.9697],[14.2383,50.9825],[14.2875,51.0368],[14.3978,51.0131],[14.4821,51.0372],[14.5029,51.0085],[14.5743,50.9755],[14.5504,50.9121],[14.6292,50.9207],[14.6132,50.8456],[14.7592,50.8102],[14.8104,50.8584]]]}},{"type":"Feature","properties":{"id":"EU-DE","zh":"德國","en":"Germany","labelLng":9.6783,"labelLat":50.9617},"geometry":{"type":"MultiPolygon","coordinates":[[[[6.7224,53.5846],[6.7565,53.5629],[6.6771,53.5756],[6.6595,53.5991],[6.7847,53.6201],[6.7981,53.6044],[6.7224,53.5846]]],[[[6.8738,53.6728],[7.047,53.6942],[7.0855,53.687],[6.8738,53.6728]]],[[[7.3467,53.7232],[7.1736,53.7014],[7.1331,53.7081],[7.2329,53.7294],[7.3467,53.7232]]],[[[8.196,53.728],[8.1509,53.7143],[8.1201,53.7143],[8.1524,53.7392],[8.196,53.728]]],[[[7.4035,53.7367],[7.4212,53.7211],[7.3665,53.728],[7.4035,53.7367]]],[[[7.6257,53.7499],[7.5139,53.7455],[7.5112,53.728],[7.4819,53.7271],[7.4696,53.7453],[7.487,53.7614],[7.6257,53.7499]]],[[[7.8128,53.7831],[7.7482,53.7609],[7.6609,53.7621],[7.7283,53.7866],[7.8128,53.7831]]],[[[7.8767,53.7949],[7.9556,53.7829],[7.8545,53.7846],[7.8767,53.7949]]],[[[7.8992,54.1782],[7.8799,54.1939],[7.9041,54.1804],[7.8992,54.1782]]],[[[7.9299,54.1953],[7.9334,54.1899],[7.9124,54.1923],[7.9299,54.1953]]],[[[8.3537,54.619],[8.2915,54.6671],[8.3604,54.7148],[8.3324,54.6938],[8.4014,54.633],[8.3537,54.619]]],[[[13.7859,48.7248],[13.8169,48.6956],[13.8009,48.6752],[13.8024,48.6117],[13.7743,48.5692],[13.7339,48.5598],[13.7165,48.5217],[13.6244,48.5654],[13.5207,48.5846],[13.4546,48.5734],[13.4401,48.561],[13.4592,48.5164],[13.4056,48.3766],[13.2742,48.3071],[13.0328,48.2636],[12.933,48.2093],[12.8626,48.1966],[12.7389,48.1134],[12.7602,48.0649],[12.8306,48.0155],[12.862,47.9626],[12.9311,47.9249],[12.9912,47.8471],[12.892,47.7235],[12.964,47.7054],[13.0199,47.7129],[13.072,47.6595],[13.072,47.6224],[13.0281,47.5416],[13.0373,47.493],[13.0019,47.466],[12.9316,47.4735],[12.7789,47.5548],[12.7859,47.6027],[12.8132,47.6118],[12.7517,47.6494],[12.762,47.6669],[12.6531,47.6751],[12.4966,47.6289],[12.4447,47.6563],[12.4241,47.6916],[12.2387,47.6789],[12.2233,47.6959],[12.2422,47.732],[12.1766,47.7058],[12.2068,47.6456],[12.1736,47.6051],[11.9359,47.6107],[11.852,47.5992],[11.8203,47.5753],[11.6205,47.5897],[11.5512,47.5137],[11.4126,47.5061],[11.3655,47.4693],[11.3886,47.4622],[11.3839,47.4449],[11.3056,47.4354],[11.237,47.394],[11.213,47.3958],[11.2152,47.423],[11.1938,47.4289],[11.0837,47.3895],[10.9795,47.3905],[10.9553,47.4096],[10.9598,47.4325],[10.8584,47.4852],[10.8922,47.5149],[10.8586,47.5307],[10.7608,47.5136],[10.5837,47.5625],[10.5369,47.5299],[10.4825,47.5329],[10.4535,47.5462],[10.4571,47.5792],[10.4292,47.577],[10.4142,47.573],[10.431,47.5422],[10.4196,47.493],[10.4476,47.4726],[10.452,47.4388],[10.4283,47.396],[10.3059,47.3022],[10.1599,47.2711],[10.1908,47.2983],[10.2093,47.3725],[10.0829,47.3591],[10.0532,47.4049],[10.076,47.4169],[10.0718,47.4391],[10.0226,47.488],[9.9826,47.481],[9.9459,47.5408],[9.8335,47.5346],[9.7821,47.5884],[9.7527,47.5821],[9.704,47.5314],[9.6126,47.5219],[9.1834,47.6704],[9.0166,47.6789],[8.9454,47.6543],[8.8817,47.6561],[8.8378,47.6808],[8.8561,47.6907],[8.7976,47.72],[8.7707,47.7209],[8.7699,47.6951],[8.7171,47.6946],[8.7004,47.7235],[8.7131,47.7574],[8.6819,47.7587],[8.6441,47.791],[8.6174,47.7573],[8.6016,47.7946],[8.5582,47.8012],[8.5423,47.795],[8.5516,47.7793],[8.4636,47.7639],[8.4379,47.7232],[8.3921,47.6995],[8.3913,47.6655],[8.4583,47.6399],[8.6073,47.6563],[8.6016,47.6326],[8.5803,47.639],[8.5741,47.5924],[8.5224,47.6219],[8.4618,47.6061],[8.4489,47.5843],[8.3541,47.581],[8.233,47.622],[8.0423,47.5606],[7.9122,47.5606],[7.8982,47.5878],[7.8197,47.5953],[7.7667,47.556],[7.6834,47.5443],[7.6097,47.5647],[7.6359,47.5646],[7.6597,47.5966],[7.586,47.5846],[7.5903,47.6079],[7.5179,47.675],[7.5119,47.7073],[7.5378,47.7318],[7.5259,47.7832],[7.562,47.8392],[7.559,47.8827],[7.6211,47.9714],[7.6189,48.0027],[7.5757,48.0537],[7.5789,48.1145],[7.6134,48.1792],[7.6872,48.2529],[7.7025,48.3112],[7.7507,48.3414],[7.7383,48.4066],[7.7765,48.4982],[7.8135,48.5195],[7.8103,48.615],[7.9592,48.7214],[7.9701,48.7573],[8.0173,48.7618],[8.0388,48.7908],[8.0903,48.8075],[8.2003,48.9586],[7.9319,49.0348],[7.635,49.0378],[7.6086,49.062],[7.5209,49.0837],[7.471,49.1283],[7.4761,49.1515],[7.4105,49.1689],[7.351,49.1592],[7.2744,49.105],[7.155,49.1144],[7.0799,49.142],[7.0425,49.1076],[7.0205,49.119],[7.0095,49.1817],[6.9144,49.2067],[6.8335,49.2095],[6.839,49.1628],[6.8218,49.1478],[6.7256,49.1556],[6.701,49.1729],[6.7025,49.2136],[6.6806,49.2075],[6.6397,49.2712],[6.5564,49.3264],[6.5556,49.3472],[6.5777,49.3558],[6.5117,49.4247],[6.4027,49.4655],[6.3453,49.4553],[6.3508,49.5666],[6.4179,49.6391],[6.4027,49.6558],[6.4997,49.7122],[6.4855,49.7338],[6.5026,49.7957],[6.3026,49.8349],[6.2868,49.861],[6.2227,49.8871],[6.1727,49.9562],[6.1619,49.9425],[6.0964,50.0486],[6.1295,50.134],[6.1213,50.1616],[6.1651,50.1819],[6.1468,50.214],[6.2718,50.2674],[6.286,50.3039],[6.3745,50.3155],[6.3377,50.3681],[6.3512,50.4336],[6.3233,50.466],[6.3369,50.481],[6.2072,50.4863],[6.1708,50.518],[6.1607,50.5436],[6.2491,50.6144],[6.1594,50.6224],[6.1478,50.6368],[6.1611,50.6422],[6.081,50.7135],[6.0115,50.7085],[6.0108,50.7371],[5.973,50.7818],[6.0093,50.8405],[6.0567,50.8527],[6.0637,50.9075],[5.9999,50.9294],[6.0037,50.9737],[5.8746,50.9654],[5.8582,51.0193],[5.8525,51.0428],[5.8805,51.0521],[5.938,51.0309],[5.9829,51.0747],[6.1473,51.1523],[6.1263,51.1646],[6.1571,51.1793],[6.0608,51.1709],[6.0566,51.2117],[6.1478,51.3182],[6.1936,51.3445],[6.2078,51.3877],[6.1927,51.399],[6.2053,51.4584],[6.1933,51.5093],[6.0865,51.5955],[6.0992,51.6445],[6.0086,51.6812],[6.0121,51.7159],[5.9393,51.7319],[5.9641,51.7766],[5.9315,51.8156],[6.084,51.8537],[6.1561,51.8421],[6.093,51.8853],[6.127,51.8967],[6.2252,51.8625],[6.2647,51.8662],[6.342,51.8367],[6.345,51.8211],[6.3825,51.8276],[6.3785,51.8601],[6.4629,51.8484],[6.5286,51.8764],[6.7438,51.9083],[6.8107,51.9606],[6.8092,51.9795],[6.675,52.0348],[6.6799,52.0605],[6.7499,52.1029],[6.8307,52.1129],[6.8848,52.1603],[7.0263,52.2306],[7.0125,52.2849],[7.0482,52.3651],[6.9733,52.4514],[6.9002,52.4319],[6.7148,52.4616],[6.6717,52.5417],[6.7438,52.5597],[6.704,52.5831],[6.7018,52.6191],[6.737,52.6347],[7.0185,52.626],[7.0367,52.6474],[7.062,52.824],[7.1619,52.9326],[7.1928,52.998],[7.1719,53.1377],[7.1954,53.185],[7.1946,53.245],[7.2336,53.2736],[7.2295,53.2966],[7.2547,53.3195],[7.3665,53.3028],[7.3029,53.3327],[7.0752,53.3376],[7.0383,53.3486],[7.0236,53.3764],[7.0233,53.4505],[7.0514,53.5126],[7.1196,53.5163],[7.1418,53.5372],[7.0868,53.5869],[7.2261,53.6665],[7.305,53.6848],[7.4588,53.6951],[7.5039,53.6787],[7.9514,53.7219],[8.0314,53.7081],[8.0249,53.6726],[8.0529,53.6363],[8.1276,53.5908],[8.1192,53.5719],[8.168,53.5532],[8.1554,53.526],[8.0588,53.502],[8.077,53.4687],[8.0998,53.4474],[8.1524,53.4498],[8.2053,53.4107],[8.2595,53.4123],[8.3151,53.4749],[8.3205,53.5092],[8.2915,53.5294],[8.2312,53.5252],[8.2707,53.6129],[8.3294,53.6181],[8.3877,53.5771],[8.5521,53.5436],[8.49,53.4864],[8.485,53.4012],[8.5044,53.3581],[8.4976,53.4748],[8.5567,53.5182],[8.5658,53.5467],[8.5083,53.6251],[8.4861,53.7004],[8.5876,53.8704],[8.6727,53.8916],[8.7446,53.8542],[8.8607,53.831],[9.2107,53.872],[9.2834,53.8616],[9.5824,53.5913],[9.6966,53.5566],[9.832,53.5436],[9.5837,53.6125],[9.5508,53.6346],[9.5322,53.7112],[9.4358,53.7487],[9.3952,53.831],[9.2578,53.8856],[8.9846,53.897],[8.916,53.9374],[8.8333,54.0364],[8.8906,54.0478],[8.9972,54.0302],[9.0183,54.0979],[8.9529,54.1501],[8.8607,54.1252],[8.8128,54.1805],[8.8467,54.2335],[8.8396,54.2556],[8.922,54.2742],[8.9631,54.3176],[8.8811,54.2903],[8.888,54.3039],[8.7389,54.2939],[8.6785,54.2692],[8.6234,54.2901],[8.5999,54.3381],[8.6956,54.3586],[8.6506,54.378],[8.6348,54.3654],[8.6292,54.3877],[8.6484,54.4064],[8.8861,54.4178],[9.0047,54.4659],[9.0116,54.5063],[8.8788,54.6065],[8.8259,54.5981],[8.8533,54.6193],[8.8054,54.6876],[8.6887,54.7353],[8.6943,54.7602],[8.6428,54.8442],[8.6608,54.8963],[8.9041,54.8979],[9.1948,54.8504],[9.2441,54.8018],[9.4514,54.8104],[9.5799,54.8663],[9.5832,54.8303],[9.7346,54.8073],[9.8018,54.7834],[9.8237,54.7567],[9.8954,54.7695],[9.8914,54.7903],[9.9475,54.7795],[10.0182,54.7012],[9.9705,54.7012],[9.9295,54.6739],[10.0391,54.6668],[10.0269,54.56],[9.9656,54.5062],[9.8401,54.4753],[9.8833,54.4621],[10.1434,54.4918],[10.2039,54.461],[10.1839,54.4494],[10.1913,54.3967],[10.1418,54.3723],[10.1555,54.3434],[10.1418,54.3244],[10.1803,54.3411],[10.2244,54.4138],[10.3184,54.4433],[10.6011,54.3654],[10.7313,54.3102],[10.9353,54.3795],[11.0188,54.3859],[10.9758,54.3784],[11.0339,54.3676],[11.1042,54.3929],[11.1355,54.3859],[11.0877,54.3518],[11.0666,54.3586],[11.0945,54.2835],[11.0902,54.208],[11.0666,54.1839],[10.8928,54.1025],[10.8054,54.0949],[10.7526,54.0501],[10.7804,54.01],[10.8755,53.9954],[10.9021,53.9614],[11.0535,54.0085],[11.1751,54.018],[11.2454,53.9784],[11.2429,53.9452],[11.2937,53.9409],[11.3342,53.9614],[11.4577,53.9062],[11.4724,53.9688],[11.4979,53.9818],[11.4917,54.0023],[11.5259,54.0228],[11.5191,54.0364],[11.5735,54.039],[11.6245,54.0836],[11.6253,54.1098],[11.6897,54.1552],[11.8123,54.1498],[12.0881,54.1941],[12.0916,54.114],[12.115,54.0979],[12.0951,54.1457],[12.1428,54.1805],[12.1013,54.1737],[12.1089,54.183],[12.1869,54.2434],[12.3421,54.3039],[12.502,54.4736],[12.5339,54.4883],[12.5484,54.4621],[12.5915,54.4517],[12.8796,54.4488],[12.9212,54.4335],[12.8708,54.4168],[12.6946,54.4337],[12.6242,54.4229],[12.5817,54.4064],[12.5947,54.3859],[12.554,54.3908],[12.527,54.3723],[12.4385,54.3875],[12.424,54.3449],[12.3967,54.3518],[12.3916,54.3211],[12.3626,54.3102],[12.3801,54.2771],[12.3688,54.2692],[12.4124,54.2514],[12.4582,54.2556],[12.4103,54.2692],[12.4787,54.3319],[12.5606,54.3586],[12.5408,54.3723],[12.6773,54.3921],[12.6808,54.4109],[12.7175,54.4138],[12.6924,54.3962],[12.6841,54.3723],[12.7046,54.3996],[12.735,54.3782],[12.7871,54.3921],[12.818,54.358],[12.8547,54.3579],[12.9294,54.4144],[13.0088,54.4381],[13.0342,54.4337],[13.021,54.4145],[13.0404,54.3921],[13.0956,54.3723],[13.0767,54.3525],[13.1149,54.28],[13.2888,54.2343],[13.3489,54.1805],[13.3215,54.1668],[13.4035,54.1737],[13.383,54.1531],[13.4177,54.1531],[13.4836,54.0913],[13.5071,54.0979],[13.4793,54.1252],[13.7119,54.1737],[13.6983,54.1531],[13.8081,54.1047],[13.7732,54.0463],[13.7461,54.0364],[13.8386,53.9863],[13.8486,53.9556],[13.906,53.9431],[13.8901,53.9129],[13.8185,53.878],[13.8171,53.8529],[14.0374,53.7553],[14.1865,53.7398],[14.2341,53.7618],[14.2645,53.7516],[14.2595,53.728],[14.2127,53.7081],[14.2639,53.7],[14.3042,53.5085],[14.3599,53.4441],[14.4033,53.2788],[14.4416,53.2518],[14.3807,53.1899],[14.3895,53.1317],[14.3433,53.0486],[14.1445,52.9599],[14.165,52.8957],[14.1239,52.8507],[14.3822,52.7382],[14.4319,52.6861],[14.6448,52.5769],[14.6091,52.5178],[14.6323,52.4967],[14.5398,52.4219],[14.5454,52.3822],[14.5901,52.3094],[14.5842,52.2912],[14.7124,52.2359],[14.6864,52.121],[14.7614,52.0767],[14.6991,51.9925],[14.6871,51.9119],[14.5959,51.8424],[14.5858,51.8039],[14.6342,51.769],[14.6484,51.7172],[14.7325,51.6583],[14.7439,51.6066],[14.7127,51.5674],[14.71,51.5302],[14.911,51.469],[14.9554,51.4354],[14.961,51.3353],[15.0195,51.2717],[15.0221,51.2368],[14.9553,51.064],[14.8602,50.9168],[14.8105,50.8771],[14.7946,50.8316],[14.7592,50.8102],[14.6132,50.8456],[14.6292,50.9207],[14.5504,50.9121],[14.5743,50.9755],[14.5029,51.0085],[14.4821,51.0372],[14.3978,51.0131],[14.2875,51.0368],[14.2383,50.9825],[14.3038,50.9697],[14.2928,50.9535],[14.3819,50.9209],[14.3465,50.8802],[14.2321,50.8794],[14.1908,50.8479],[14.0349,50.8026],[13.9596,50.8021],[13.8925,50.7804],[13.8822,50.7427],[13.8345,50.7237],[13.5566,50.7067],[13.5156,50.691],[13.5233,50.6622],[13.4479,50.5973],[13.3688,50.6283],[13.3056,50.5758],[13.2323,50.582],[13.1601,50.497],[13.0096,50.4927],[12.9966,50.4337],[12.9526,50.4042],[12.8174,50.443],[12.7379,50.4315],[12.6918,50.3947],[12.5102,50.3888],[12.3365,50.2586],[12.3004,50.1608],[12.2299,50.2348],[12.2396,50.2566],[12.178,50.2688],[12.1493,50.3117],[12.0761,50.3152],[12.111,50.2766],[12.0796,50.2427],[12.175,50.1826],[12.1792,50.118],[12.2325,50.0805],[12.2469,50.045],[12.4513,49.9806],[12.4682,49.9702],[12.4627,49.9313],[12.5241,49.905],[12.4825,49.8272],[12.4625,49.8312],[12.4527,49.7797],[12.3836,49.7429],[12.4196,49.7002],[12.4964,49.67],[12.502,49.6197],[12.5466,49.5956],[12.5829,49.5224],[12.623,49.5098],[12.6435,49.4295],[12.7293,49.3911],[12.7779,49.3325],[12.8567,49.3222],[12.8847,49.3396],[12.9998,49.2949],[13.1785,49.1183],[13.2995,49.0936],[13.3724,49.0385],[13.3842,48.993],[13.4273,48.96],[13.4823,48.9376],[13.5159,48.9702],[13.6087,48.9462],[13.6374,48.8935],[13.7247,48.8673],[13.8157,48.7664],[13.7859,48.7248]]],[[[11.4979,54.0228],[11.4577,53.9614],[11.447,53.9971],[11.4231,53.9677],[11.3757,53.9818],[11.4266,54.0229],[11.4979,54.0228]]],[[[14.1753,53.9065],[14.2008,53.8782],[14.0484,53.8794],[13.9385,53.8447],[13.8401,53.8503],[13.8218,53.8651],[13.9317,53.8993],[13.939,53.9282],[13.9019,53.9698],[13.9045,53.9954],[13.9727,53.9892],[13.959,53.9409],[13.9875,53.9614],[14.0278,53.9614],[14.0143,53.9471],[14.0484,53.9409],[14.0513,54.0051],[13.9461,54.0666],[13.9159,54.0564],[13.9248,54.0364],[13.8909,54.0102],[13.856,54.0023],[13.8763,54.0364],[13.8636,54.05],[13.7741,54.0228],[13.815,54.1013],[13.7529,54.1531],[13.7776,54.174],[13.815,54.1737],[13.8825,54.1024],[14.0166,54.06],[14.2101,53.9385],[14.1753,53.9065]]],[[[11.6159,54.1121],[11.5527,54.0731],[11.5339,54.057],[11.5339,54.0849],[11.6159,54.1121]]],[[[13.7664,54.3449],[13.7127,54.279],[13.6909,54.2835],[13.7119,54.2866],[13.7119,54.3039],[13.6511,54.2972],[13.7119,54.3319],[13.617,54.3176],[13.6909,54.3518],[13.4997,54.3449],[13.3596,54.2755],[13.3557,54.2487],[13.4177,54.2661],[13.423,54.2327],[13.4072,54.2282],[13.3115,54.2511],[13.3352,54.2835],[13.2679,54.2565],[13.2101,54.2758],[13.2048,54.2972],[13.1497,54.2903],[13.1489,54.3048],[13.1775,54.3102],[13.1155,54.3381],[13.1489,54.3773],[13.2669,54.3859],[13.2116,54.4311],[13.157,54.4268],[13.1818,54.453],[13.2731,54.4821],[13.2332,54.4931],[13.2328,54.5163],[13.1854,54.5083],[13.1434,54.5429],[13.2595,54.5538],[13.2979,54.5197],[13.301,54.5504],[13.3694,54.5852],[13.3421,54.5504],[13.3631,54.5429],[13.3489,54.5237],[13.3838,54.5319],[13.3898,54.5429],[13.3631,54.5504],[13.3767,54.5646],[13.4307,54.4927],[13.5071,54.4883],[13.5208,54.5237],[13.4997,54.5572],[13.5208,54.5708],[13.4414,54.5572],[13.3692,54.6121],[13.2533,54.5646],[13.2935,54.6423],[13.2248,54.635],[13.2536,54.665],[13.3908,54.6882],[13.4451,54.6801],[13.383,54.6364],[13.4077,54.5934],[13.4663,54.5769],[13.596,54.5914],[13.6707,54.5662],[13.6773,54.5405],[13.5848,54.4865],[13.5791,54.4551],[13.6095,54.4138],[13.6983,54.3921],[13.7664,54.3449]]],[[[11.3142,54.4138],[11.1126,54.4152],[11.0986,54.4516],[11.0325,54.4473],[11.0057,54.4685],[11.0337,54.5089],[11.1213,54.536],[11.2321,54.5017],[11.3142,54.4138]]],[[[8.9631,54.5237],[8.888,54.4685],[8.8128,54.4821],[8.8255,54.4912],[8.8128,54.5019],[8.8796,54.5291],[8.9631,54.5237]]],[[[8.6413,54.4924],[8.6061,54.4992],[8.6021,54.5298],[8.6989,54.5586],[8.6929,54.5233],[8.6413,54.4924]]],[[[13.1189,54.5864],[13.0614,54.4685],[13.1023,54.5961],[13.1511,54.6049],[13.1497,54.5777],[13.1434,54.5981],[13.1189,54.5864]]],[[[8.5938,54.7285],[8.5521,54.685],[8.3945,54.7148],[8.4368,54.7485],[8.4976,54.7564],[8.5759,54.7464],[8.5938,54.7285]]],[[[8.6545,54.8936],[8.5044,54.8862],[8.4461,54.8663],[8.3374,54.8776],[8.302,54.8626],[8.2907,54.7453],[8.2778,54.7564],[8.298,54.9125],[8.3737,55.035],[8.4158,55.0653],[8.4634,55.0507],[8.3945,55.0439],[8.4304,55.03],[8.362,54.9868],[8.3545,54.9127],[8.4365,54.8873],[8.6545,54.8936]]]]}},{"type":"Feature","properties":{"id":"EU-DK","zh":"丹麥","en":"Denmark","labelLng":9.0182,"labelLat":55.967},"geometry":{"type":"MultiPolygon","coordinates":[[[[10.4502,54.8998],[10.5186,54.852],[10.3835,54.8308],[10.2114,54.9394],[10.1892,54.9775],[10.3496,54.8967],[10.3914,54.8955],[10.3888,54.9203],[10.426,54.8725],[10.4609,54.8745],[10.4502,54.8998]]],[[[10.9567,55.1537],[10.9089,55.0302],[10.8377,54.9372],[10.7411,54.7524],[10.6939,54.7353],[10.6564,54.8037],[10.6011,54.8383],[10.6409,54.8432],[10.6844,54.8878],[10.7245,54.8862],[10.7178,54.9073],[10.683,54.9073],[10.697,54.9313],[10.855,55.0439],[10.9343,55.1597],[10.9567,55.1537]]],[[[10.0651,54.8908],[9.968,54.8595],[9.8743,54.8862],[9.9009,54.9007],[9.9915,54.8725],[9.9437,54.9036],[9.8147,54.9011],[9.7612,54.9431],[9.7581,54.9818],[9.8475,54.9482],[9.8421,54.9703],[9.7868,55.0001],[9.7991,55.0165],[9.6742,55.0211],[9.6966,55.0507],[9.6284,55.0581],[9.7935,55.0808],[9.853,55.0401],[9.9609,55.015],[10.0259,54.9598],[10.0651,54.8908]]],[[[10.7337,55.0718],[10.5169,55.0313],[10.2342,55.0922],[10.2053,55.0937],[10.197,55.0643],[10.1418,55.0922],[10.0835,55.087],[10.0659,55.0922],[10.156,55.1401],[10.094,55.1884],[10.0393,55.181],[10.0036,55.1973],[9.9945,55.1728],[10.0291,55.1424],[10.0256,55.1257],[9.9855,55.1278],[9.9795,55.2128],[9.9114,55.2285],[9.884,55.2535],[9.8848,55.3489],[9.8024,55.3624],[9.7781,55.3803],[9.8401,55.4001],[9.7855,55.4138],[9.8196,55.4138],[9.7373,55.4382],[9.7035,55.4684],[9.8122,55.4411],[9.6763,55.4957],[9.7551,55.5441],[9.8274,55.5484],[9.8401,55.5236],[9.8882,55.5087],[10.2373,55.6055],[10.2936,55.5881],[10.3076,55.6182],[10.5188,55.5334],[10.4753,55.532],[10.486,55.4948],[10.4196,55.4588],[10.4715,55.4431],[10.4912,55.4653],[10.6091,55.4926],[10.5669,55.5236],[10.6138,55.5279],[10.5942,55.5783],[10.6146,55.5646],[10.6086,55.613],[10.6276,55.6136],[10.7041,55.5503],[10.7424,55.4875],[10.6575,55.4597],[10.5713,55.4612],[10.554,55.4426],[10.5942,55.4411],[10.596,55.4597],[10.6979,55.4403],[10.7966,55.3585],[10.8343,55.2903],[10.7803,55.3049],[10.7787,55.2748],[10.8133,55.2356],[10.8127,55.1943],[10.7834,55.1242],[10.7337,55.0718]]],[[[8.3709,55.4274],[8.3744,55.4633],[8.4082,55.4684],[8.412,55.4387],[8.4634,55.4274],[8.4502,55.3934],[8.4764,55.3454],[8.4253,55.3555],[8.3709,55.4274]]],[[[10.5669,55.9283],[10.5154,55.9512],[10.544,55.998],[10.5803,55.9365],[10.6283,55.9208],[10.6214,55.8799],[10.6387,55.8661],[10.6693,55.88],[10.6283,55.8458],[10.6146,55.7768],[10.5822,55.7598],[10.5203,55.7886],[10.5116,55.8253],[10.5731,55.8789],[10.5669,55.9283]]],[[[8.6664,54.9733],[8.641,55.0234],[8.6819,55.1332],[8.5636,55.1434],[8.5574,55.0964],[8.4994,55.0656],[8.4588,55.1035],[8.4889,55.1972],[8.5938,55.181],[8.5552,55.1494],[8.6895,55.1416],[8.6484,55.2803],[8.6597,55.3272],[8.6177,55.4379],[8.4419,55.4639],[8.3104,55.5627],[8.3324,55.572],[8.3132,55.5827],[8.2678,55.5805],[8.239,55.5579],[8.2717,55.5305],[8.2437,55.5168],[8.3167,55.4894],[8.3262,55.4721],[8.3133,55.4693],[8.1936,55.5259],[8.0952,55.5491],[8.1817,55.7291],[8.1278,55.9876],[8.1506,55.977],[8.1934,55.8738],[8.1936,55.8118],[8.3478,55.8693],[8.3933,55.9092],[8.3195,55.986],[8.3081,56.0529],[8.2824,56.0759],[8.1497,56.1112],[8.1348,55.994],[8.1079,56.0243],[8.1065,56.1195],[8.1338,56.2055],[8.1224,56.5517],[8.1787,56.6721],[8.22,56.7092],[8.2324,56.6884],[8.2022,56.6402],[8.3059,56.5978],[8.2915,56.593],[8.3074,56.5543],[8.312,56.5788],[8.3921,56.5853],[8.5147,56.5447],[8.5658,56.5788],[8.6011,56.5011],[8.637,56.4797],[8.7266,56.4832],[8.7625,56.5634],[8.709,56.5886],[8.6819,56.6265],[8.7409,56.635],[8.8054,56.6955],[8.9168,56.7088],[8.8408,56.7224],[8.8766,56.7643],[8.9557,56.803],[9.0632,56.8126],[9.106,56.8001],[9.176,56.7086],[9.0934,56.675],[9.0975,56.6584],[9.0593,56.634],[9.0606,56.5657],[9.0934,56.5781],[9.1068,56.6108],[9.1554,56.6129],[9.1213,56.6203],[9.1554,56.6613],[9.1494,56.6389],[9.2762,56.633],[9.2824,56.6105],[9.2503,56.5788],[9.3262,56.5303],[9.3727,56.5654],[9.2937,56.561],[9.326,56.6694],[9.3057,56.6955],[9.2708,56.7023],[9.1991,56.6766],[9.1691,56.6887],[9.2264,56.7163],[9.2425,56.7471],[9.1965,56.7705],[9.175,56.8061],[9.2106,56.8631],[9.1629,56.8941],[9.2002,56.9389],[9.2887,56.9971],[9.437,57.0244],[9.5868,56.9971],[9.5731,56.9788],[9.6079,56.9699],[9.689,57.0391],[9.7612,57.0586],[9.9158,57.0586],[9.7957,57.1064],[9.7119,57.0613],[9.6751,57.0792],[9.5808,57.0493],[9.2454,57.0023],[9.1145,57.0586],[9.1128,57.0386],[9.0427,57.0177],[8.9968,57.0281],[8.9016,56.9863],[8.8504,57.0035],[8.8117,56.9699],[8.6795,56.9525],[8.6211,56.8941],[8.6079,56.8497],[8.4914,56.7943],[8.4764,56.716],[8.5256,56.716],[8.527,56.6953],[8.4082,56.6887],[8.501,56.675],[8.5863,56.6887],[8.5863,56.6539],[8.6081,56.631],[8.5466,56.6017],[8.5596,56.593],[8.5115,56.607],[8.4448,56.664],[8.3522,56.6929],[8.302,56.7637],[8.2437,56.7774],[8.2632,56.7189],[8.2459,56.704],[8.2362,56.7712],[8.2479,56.8124],[8.4497,57.004],[8.618,57.1229],[8.7839,57.1048],[8.9146,57.1274],[8.9805,57.161],[9.2306,57.1411],[9.4121,57.1654],[9.5733,57.2429],[9.7884,57.4593],[9.967,57.5914],[10.1976,57.6012],[10.3506,57.649],[10.5391,57.7438],[10.6489,57.737],[10.5425,57.6989],[10.4605,57.6306],[10.4304,57.5705],[10.5466,57.4353],[10.5174,57.3913],[10.5391,57.2367],[10.4468,57.1849],[10.4115,57.1444],[10.3472,57.0102],[10.2398,56.9928],[9.9946,57.0927],[9.9269,57.0586],[10.002,57.0839],[10.1924,56.994],[10.3137,56.9829],[10.2796,56.9555],[10.2659,56.9077],[10.2954,56.7789],[10.3406,56.7174],[10.2039,56.7023],[10.1465,56.7224],[9.9456,56.6581],[9.8059,56.6402],[10.0015,56.6613],[10.0628,56.6887],[10.1013,56.6827],[10.1506,56.7144],[10.242,56.6884],[10.3342,56.7038],[10.3577,56.6487],[10.3403,56.6203],[10.2144,56.5583],[10.2068,56.491],[10.1834,56.4695],[10.2256,56.4757],[10.2376,56.5544],[10.3303,56.6032],[10.3652,56.5584],[10.4699,56.5209],[10.8223,56.5342],[10.9641,56.4484],[10.9285,56.4065],[10.9116,56.3341],[10.7554,56.2293],[10.7386,56.1545],[10.6722,56.1652],[10.6489,56.1884],[10.6852,56.1962],[10.6877,56.2222],[10.6286,56.2375],[10.5492,56.1782],[10.5737,56.1126],[10.548,56.1013],[10.5186,56.1027],[10.4912,56.14],[10.5254,56.1536],[10.5095,56.1701],[10.4087,56.1649],[10.3547,56.2021],[10.4292,56.2225],[10.4778,56.2023],[10.4912,56.2163],[10.4754,56.2447],[10.5047,56.2778],[10.403,56.2982],[10.2202,56.1479],[10.2656,56.0737],[10.2311,56.017],[10.2775,56.0178],[10.2525,55.9862],[10.2454,55.9146],[10.1834,55.8737],[10.1994,55.8507],[10.1821,55.8337],[10.1511,55.8381],[10.1018,55.8824],[9.8674,55.852],[10.0457,55.814],[10.0173,55.7656],[10.0598,55.7495],[10.0188,55.7363],[10.0052,55.7011],[9.7922,55.6745],[9.6865,55.7086],[9.5564,55.7116],[9.5736,55.6955],[9.6585,55.6904],[9.7383,55.6297],[9.8538,55.6267],[9.7124,55.5603],[9.7069,55.5373],[9.5596,55.5236],[9.5519,55.5051],[9.4981,55.4894],[9.6024,55.4958],[9.6602,55.478],[9.6489,55.4411],[9.5868,55.4274],[9.6079,55.3933],[9.6008,55.3659],[9.6453,55.3427],[9.6346,55.3176],[9.7103,55.2487],[9.6844,55.1976],[9.5698,55.1925],[9.4863,55.1562],[9.5119,55.1332],[9.4566,55.1257],[9.5213,55.1159],[9.5596,55.0854],[9.4343,55.0375],[9.4553,55.0232],[9.5799,55.0507],[9.731,54.9954],[9.7632,54.9005],[9.7035,54.8862],[9.7445,54.8663],[9.7459,54.836],[9.6233,54.8653],[9.6346,54.8793],[9.6104,54.9032],[9.6442,54.9133],[9.615,54.9327],[9.5868,54.9277],[9.5459,54.8793],[9.4564,54.8438],[9.4369,54.8101],[9.2441,54.8018],[9.1948,54.8504],[8.9041,54.8979],[8.6608,54.8963],[8.6664,54.9733]]],[[[8.7661,56.6987],[8.6484,56.6811],[8.5863,56.7365],[8.5147,56.7382],[8.5181,56.7501],[8.5532,56.7681],[8.5453,56.7911],[8.6688,56.8258],[8.6211,56.832],[8.6551,56.8668],[8.6516,56.8942],[8.8136,56.9103],[8.8674,56.963],[8.8904,56.9548],[8.9289,56.9766],[8.9085,56.9487],[8.9227,56.922],[8.9004,56.8748],[8.888,56.8668],[8.8674,56.8941],[8.8364,56.8693],[8.8552,56.8198],[8.8811,56.8054],[8.8533,56.7978],[8.8674,56.7911],[8.8391,56.7573],[8.7661,56.6987]]],[[[11.807,54.708],[11.8464,54.6978],[11.8107,54.6551],[11.6105,54.6664],[11.4518,54.6284],[11.1878,54.7322],[11.0093,54.7716],[11.0057,54.8037],[11.0897,54.8106],[11.1082,54.8315],[11.0252,54.8795],[11.0188,54.9034],[11.074,54.9482],[11.2317,54.9612],[11.3389,54.9191],[11.3689,54.8811],[11.5947,54.8111],[11.5728,54.848],[11.6563,54.8663],[11.6494,54.9135],[11.7873,54.8315],[11.773,54.8247],[11.7876,54.8069],[11.8486,54.7732],[11.8555,54.7436],[11.807,54.708]]],[[[12.5518,54.9572],[12.3484,54.96],[12.2078,54.8862],[12.115,54.9073],[12.1491,54.9408],[12.1292,54.9544],[12.177,54.9681],[12.177,54.9892],[12.2322,54.9755],[12.2869,54.9892],[12.2942,55.0234],[12.2527,55.0439],[12.262,55.0643],[12.3353,55.0333],[12.5047,55.0198],[12.5376,55.0024],[12.5518,54.9572]]],[[[15.1377,55.1195],[15.1477,55.0956],[15.1066,55.0447],[15.1132,55.0183],[15.0727,54.9916],[14.7808,55.0511],[14.6842,55.1013],[14.7092,55.2358],[14.7609,55.3093],[14.8514,55.2482],[15.1316,55.1455],[15.1514,55.1332],[15.1377,55.1195]]],[[[12.1118,54.8896],[12.1702,54.8383],[12.0671,54.7868],[11.9607,54.6941],[11.969,54.5698],[11.9491,54.5686],[11.8692,54.6596],[11.9102,54.7217],[11.8758,54.7297],[11.8828,54.7564],[11.8091,54.8049],[11.7935,54.8445],[11.7497,54.8731],[11.742,54.9254],[11.7114,54.9408],[11.7593,54.9681],[11.804,54.9482],[11.8828,54.9818],[11.8418,55.0302],[11.6159,55.0922],[11.8275,55.0507],[11.7176,55.1257],[11.807,55.1469],[11.7285,55.1548],[11.7114,55.1679],[11.7347,55.1887],[11.7176,55.2083],[11.6494,55.181],[11.4232,55.2219],[11.3,55.2083],[11.3205,55.1946],[11.261,55.2006],[11.2385,55.2424],[11.2678,55.2359],[11.2863,55.2561],[11.242,55.2487],[11.2415,55.2785],[11.1528,55.3284],[11.1901,55.3454],[11.1423,55.3523],[11.1082,55.3319],[11.0877,55.3585],[11.2142,55.4038],[11.1639,55.5019],[11.0809,55.5131],[11.0886,55.5338],[11.138,55.5429],[11.1457,55.5761],[11.0879,55.6269],[10.9299,55.6676],[11.0877,55.6601],[10.9602,55.7244],[10.8755,55.7427],[11.0331,55.7291],[11.1628,55.7495],[11.1218,55.7365],[11.1926,55.7003],[11.218,55.7086],[11.1764,55.7291],[11.1901,55.7365],[11.2522,55.7291],[11.364,55.7651],[11.3757,55.8079],[11.3484,55.8383],[11.3984,55.8264],[11.4775,55.8415],[11.5052,55.8687],[11.5105,55.9083],[11.4774,55.9414],[11.3045,55.9678],[11.2726,55.9966],[11.4006,55.962],[11.5994,55.9421],[11.7683,55.9705],[11.7798,55.9619],[11.7388,55.9208],[11.744,55.9038],[11.7114,55.9072],[11.7176,55.9208],[11.6631,55.9072],[11.7316,55.8307],[11.7176,55.811],[11.6563,55.811],[11.6078,55.783],[11.7388,55.7973],[11.7627,55.7495],[11.6572,55.7309],[11.7463,55.731],[11.7944,55.6879],[11.7798,55.6601],[11.8555,55.7328],[11.8418,55.7564],[11.8692,55.8048],[11.9373,55.8253],[11.9536,55.8535],[11.9095,55.9155],[11.9347,55.9337],[11.9982,55.9028],[11.992,55.8737],[12.0313,55.8166],[12.0519,55.7366],[12.0261,55.7154],[11.9727,55.7214],[11.9102,55.6601],[11.9592,55.6651],[12.0011,55.6987],[12.0404,55.6745],[12.0114,55.669],[12.0603,55.654],[12.0951,55.7291],[12.0261,55.9414],[11.9924,55.9606],[11.8655,55.9394],[11.8486,55.9482],[11.8656,55.9727],[12.2451,56.1287],[12.4861,56.099],[12.6219,56.0438],[12.5127,55.9283],[12.6022,55.7973],[12.5879,55.7291],[12.6022,55.7086],[12.4872,55.6098],[12.4036,55.6192],[12.3313,55.5954],[12.2482,55.5461],[12.1981,55.4875],[12.2249,55.4349],[12.2734,55.4102],[12.3688,55.4001],[12.4347,55.3637],[12.465,55.2903],[12.3924,55.2553],[12.1828,55.2272],[12.1211,55.1911],[12.099,55.1414],[12.0807,55.1469],[12.0767,55.182],[12.0147,55.1675],[12.0466,55.1401],[12.1686,55.1285],[12.1714,55.0954],[12.1185,55.0736],[12.1633,55.0234],[12.1489,54.9941],[12.033,54.9681],[11.9439,55.0061],[11.8971,54.9954],[11.8828,54.9408],[11.9033,54.923],[11.9579,54.9482],[12.0239,54.898],[12.1118,54.8896]]],[[[12.6746,55.6013],[12.5563,55.5505],[12.5205,55.5967],[12.5202,55.6192],[12.6084,55.7011],[12.6746,55.6013]]],[[[11.6494,56.7296],[11.5811,56.6812],[11.5122,56.6955],[11.5208,56.7154],[11.6494,56.7296]]],[[[11.1973,57.3134],[11.1891,57.2943],[11.0666,57.2913],[11.0911,57.2528],[11.0288,57.2019],[10.9979,57.1979],[10.9518,57.2337],[10.855,57.2646],[11.0277,57.3207],[11.1699,57.3327],[11.1973,57.3134]]]]}},{"type":"Feature","properties":{"id":"EU-EE","zh":"愛沙尼亞","en":"Estonia","labelLng":25.8671,"labelLat":58.7249},"geometry":{"type":"MultiPolygon","coordinates":[[[[23.2702,57.7856],[23.2178,57.8009],[23.2243,57.8237],[23.2707,57.8078],[23.2702,57.7856]]],[[[23.938,58.1373],[24.0134,58.1535],[24.0221,58.1299],[23.9707,58.0996],[23.9434,58.1132],[23.938,58.1373]]],[[[23.3184,58.4725],[23.325,58.4423],[23.2614,58.4659],[23.2376,58.4564],[23.278,58.4365],[23.1565,58.4775],[23.1304,58.4395],[23.0842,58.4296],[23.0868,58.395],[23.0425,58.3715],[22.9548,58.381],[22.9695,58.3602],[22.9027,58.3118],[22.8112,58.2734],[22.7212,58.2703],[22.7101,58.2578],[22.7567,58.2423],[22.7232,58.2254],[22.6692,58.2215],[22.6213,58.2528],[22.565,58.2352],[22.535,58.2541],[22.5042,58.2235],[22.4768,58.2451],[22.3234,58.2066],[22.2717,58.1743],[22.2654,58.1151],[22.1999,58.026],[22.203,57.994],[22.0169,57.9145],[21.9634,57.984],[21.9976,57.984],[22.0857,58.0826],[22.1477,58.0796],[22.203,58.1479],[22.0723,58.1758],[21.9938,58.2447],[21.8678,58.2646],[21.8433,58.3022],[21.9082,58.2987],[21.8733,58.3416],[21.9446,58.3188],[21.968,58.3546],[22.0112,58.3539],[21.946,58.4323],[21.8324,58.511],[21.9014,58.498],[21.9285,58.5184],[21.9956,58.5125],[22.0894,58.4222],[22.1037,58.4872],[22.1946,58.5458],[22.2156,58.5442],[22.2289,58.5106],[22.2732,58.502],[22.2883,58.5693],[22.322,58.5848],[22.4631,58.5929],[22.5832,58.6345],[22.6481,58.5867],[22.6821,58.6003],[22.7363,58.5881],[22.8114,58.623],[22.922,58.6174],[23.0911,58.5709],[23.1483,58.5216],[23.3184,58.4725]]],[[[24.3062,57.8682],[24.3983,58.0233],[24.4641,58.0722],[24.4729,58.1547],[24.4548,58.1964],[24.471,58.2509],[24.5485,58.2893],[24.551,58.3337],[24.4442,58.3861],[24.3618,58.3973],[24.3159,58.38],[24.2869,58.3185],[24.2433,58.2802],[24.156,58.2768],[24.1117,58.241],[23.9802,58.3184],[23.8335,58.3539],[23.741,58.3431],[23.7189,58.3996],[23.6774,58.4352],[23.679,58.5242],[23.5843,58.5449],[23.5612,58.5832],[23.5164,58.5546],[23.5015,58.5625],[23.5182,58.6037],[23.4977,58.6966],[23.5466,58.7096],[23.5331,58.7475],[23.697,58.7512],[23.8025,58.7307],[23.7855,58.778],[23.8744,58.7717],[23.7842,58.801],[23.7577,58.7853],[23.6034,58.7948],[23.4295,58.7648],[23.4666,58.8007],[23.5261,58.8198],[23.4636,58.8642],[23.422,58.9287],[23.5845,58.9536],[23.6277,58.9792],[23.6216,59.0153],[23.5598,59.0528],[23.6144,59.0113],[23.5803,59.0051],[23.553,58.9709],[23.4613,58.9924],[23.4084,59.0256],[23.4363,59.0256],[23.4349,59.0561],[23.4907,59.0883],[23.5182,59.0733],[23.5194,59.125],[23.4709,59.2121],[23.5785,59.2263],[23.6419,59.2574],[23.7305,59.2304],[23.7429,59.2501],[23.7236,59.2651],[23.7568,59.2836],[24.0386,59.2933],[24.0806,59.2713],[24.1001,59.2945],[24.0194,59.3673],[24.0348,59.3887],[24.0806,59.3955],[24.1649,59.3541],[24.2219,59.3552],[24.1631,59.4023],[24.3062,59.4191],[24.3338,59.4706],[24.4225,59.4774],[24.4983,59.4438],[24.5482,59.463],[24.6426,59.4364],[24.6566,59.4499],[24.6218,59.4706],[24.6585,59.4721],[24.675,59.496],[24.7444,59.4472],[24.7726,59.4501],[24.8158,59.4893],[24.7726,59.56],[24.8035,59.5705],[24.9344,59.508],[25.0122,59.5184],[25.0978,59.4979],[25.1165,59.5031],[25.1079,59.529],[25.1455,59.5391],[25.4094,59.491],[25.4158,59.5271],[25.5437,59.5351],[25.4971,59.5709],[25.4849,59.6698],[25.6223,59.5805],[25.6768,59.5661],[25.7185,59.5876],[25.6848,59.6286],[25.6907,59.6494],[25.6707,59.6555],[25.6947,59.6709],[25.7805,59.6357],[25.7937,59.5912],[25.8262,59.5753],[25.8613,59.5861],[25.8831,59.6313],[25.9445,59.5947],[25.9885,59.6343],[26.091,59.5856],[26.28,59.5873],[26.4978,59.54],[26.5847,59.56],[26.665,59.5519],[26.8269,59.477],[26.9377,59.4501],[27.409,59.4519],[27.8733,59.4076],[27.9535,59.4282],[28.0191,59.4818],[28.1865,59.3749],[28.1818,59.3561],[28.0006,59.3337],[28.0969,59.3194],[28.0766,59.3053],[27.9597,59.3065],[27.8823,59.2757],[27.8908,59.258],[27.8424,59.1612],[27.7133,58.9919],[27.4778,58.8754],[27.4106,58.7549],[27.5549,58.3952],[27.4941,58.3195],[27.4954,58.2215],[27.6304,58.0883],[27.6316,58.0042],[27.6691,57.992],[27.6752,57.9678],[27.665,57.9184],[27.7744,57.8907],[27.7993,57.8611],[27.7007,57.8248],[27.5246,57.8073],[27.5539,57.7948],[27.5024,57.7725],[27.5078,57.7148],[27.3914,57.6802],[27.3821,57.6027],[27.328,57.5832],[27.3529,57.5276],[27.32,57.5161],[27.0854,57.5494],[26.9811,57.609],[26.8727,57.6272],[26.7958,57.5713],[26.667,57.5649],[26.5901,57.5204],[26.4996,57.5158],[26.4309,57.5617],[26.2972,57.5991],[26.1685,57.704],[26.0247,57.7744],[26.0145,57.8428],[25.7926,57.856],[25.7303,57.9231],[25.6015,57.9122],[25.5417,57.9628],[25.3246,58.0348],[25.2817,58.0734],[25.2507,58.0685],[25.2495,58.0512],[25.2844,58.0081],[25.2325,57.9854],[25.2021,57.992],[25.167,58.0587],[25.0942,58.0673],[24.9493,58.0064],[24.8168,57.9767],[24.7335,57.9922],[24.6848,57.9476],[24.5338,57.9451],[24.4416,57.9081],[24.3782,57.8594],[24.3062,57.8682]]],[[[23.4002,58.5554],[23.3622,58.5325],[23.2786,58.5464],[23.2238,58.5355],[23.0593,58.6035],[23.0628,58.6246],[23.1209,58.6283],[23.1346,58.6618],[23.1758,58.6811],[23.2883,58.6665],[23.3438,58.6447],[23.3475,58.6072],[23.4002,58.5554]]],[[[22.195,58.888],[22.0447,58.9362],[22.0555,58.9527],[22.4631,58.9709],[22.4421,58.9847],[22.4885,58.9811],[22.4876,59.0164],[22.5593,59.0384],[22.5872,59.087],[22.6667,59.0849],[22.7141,59.0696],[22.6916,59.0412],[22.7367,59.0051],[22.8372,59.0086],[22.9341,58.984],[22.9496,58.9362],[23.0151,58.8918],[23.0405,58.8408],[22.8796,58.8327],[22.8672,58.8201],[22.8867,58.7905],[22.8454,58.7765],[22.7783,58.7922],[22.8269,58.8192],[22.8193,58.8297],[22.7776,58.8244],[22.7367,58.8065],[22.655,58.7028],[22.5557,58.687],[22.4631,58.7165],[22.4972,58.7375],[22.4495,58.7868],[22.4398,58.8414],[22.3821,58.8823],[22.325,58.8966],[22.195,58.888]]],[[[23.3848,58.9805],[23.1633,58.9689],[23.1141,59.0218],[23.1482,59.0444],[23.3442,59.0393],[23.3897,59.0075],[23.3848,58.9805]]],[[[24.5428,59.5478],[24.4891,59.5596],[24.5005,59.5963],[24.5309,59.584],[24.5428,59.5478]]]]}},{"type":"Feature","properties":{"id":"EU-ES","zh":"西班牙","en":"Spain","labelLng":-3.4647,"labelLat":40.091},"geometry":{"type":"MultiPolygon","coordinates":[[[[-4.2969,35.1722],[-4.3009,35.1721],[-4.3019,35.1727],[-4.2969,35.1722]]],[[[-2.4314,35.1788],[-2.4294,35.186],[-2.4265,35.1821],[-2.4314,35.1788]]],[[[-3.9025,35.2148],[-3.9023,35.2159],[-3.902,35.2155],[-3.9025,35.2148]]],[[[-3.8998,35.2173],[-3.9013,35.2176],[-3.9,35.2179],[-3.8998,35.2173]]],[[[-2.943,35.2679],[-2.9669,35.3139],[-2.9478,35.3298],[-2.9129,35.2769],[-2.943,35.2679]]],[[[-5.3989,35.9245],[-5.3093,35.9008],[-5.2831,35.9117],[-5.3407,35.8474],[-5.3989,35.9245]]],[[[-5.4179,35.9109],[-5.4188,35.9156],[-5.416,35.9135],[-5.4179,35.9109]]],[[[-1.7682,43.3309],[-1.7474,43.291],[-1.683,43.3049],[-1.645,43.2924],[-1.6219,43.247],[-1.5876,43.2516],[-1.559,43.2841],[-1.4322,43.265],[-1.4035,43.2433],[-1.4258,43.1353],[-1.4878,43.0818],[-1.4571,43.0451],[-1.3661,43.0333],[-1.3483,43.0931],[-1.286,43.1092],[-1.3151,43.0829],[-1.2937,43.0552],[-1.1499,43.0057],[-1.0285,42.9867],[-0.9432,42.9479],[-0.7597,42.9465],[-0.7403,42.8848],[-0.6483,42.8498],[-0.569,42.7726],[-0.5356,42.7842],[-0.5339,42.808],[-0.4239,42.7907],[-0.3228,42.8425],[-0.2351,42.7862],[-0.1614,42.7953],[-0.1578,42.7607],[-0.119,42.7169],[-0.0389,42.6851],[0.1692,42.7265],[0.2384,42.7104],[0.2754,42.6687],[0.3542,42.7175],[0.4093,42.6823],[0.6567,42.688],[0.6664,42.7148],[0.6335,42.7448],[0.6507,42.7634],[0.6563,42.8384],[0.8129,42.8316],[0.9211,42.7844],[0.9503,42.7961],[1.0891,42.7713],[1.1515,42.7067],[1.3426,42.7087],[1.3382,42.6944],[1.4293,42.5954],[1.4065,42.5292],[1.429,42.5315],[1.45,42.5041],[1.4076,42.4868],[1.4479,42.4346],[1.5166,42.4295],[1.6395,42.4664],[1.654,42.4965],[1.707,42.5028],[1.9275,42.4369],[1.9637,42.3672],[2.0092,42.3471],[2.0633,42.3579],[2.137,42.4162],[2.2774,42.4286],[2.4225,42.3837],[2.4456,42.352],[2.5148,42.3257],[2.5481,42.3522],[2.6622,42.339],[2.6403,42.3728],[2.6904,42.4062],[2.7886,42.412],[2.9337,42.4702],[3.0296,42.4657],[3.0861,42.4272],[3.181,42.4315],[3.1702,42.3966],[3.1873,42.3495],[3.3177,42.323],[3.263,42.2399],[3.1702,42.2597],[3.1188,42.2183],[3.1225,42.1405],[3.2145,42.0683],[3.1959,42.0331],[3.2322,41.946],[3.1502,41.8454],[3.0786,41.8266],[3.0691,41.7991],[2.933,41.7125],[2.8402,41.6946],[2.7785,41.6456],[2.4495,41.5352],[2.2673,41.4486],[2.1305,41.3037],[2.0197,41.2659],[1.5392,41.1874],[1.2178,41.1047],[1.1729,41.0587],[1.0977,41.0709],[1.0174,41.0518],[0.7142,40.8152],[0.6948,40.786],[0.7502,40.7656],[0.7673,40.771],[0.7502,40.786],[0.7669,40.785],[0.8737,40.7279],[0.8581,40.6863],[0.784,40.661],[0.6771,40.5652],[0.6159,40.5535],[0.5925,40.5821],[0.6632,40.5747],[0.7327,40.6337],[0.5998,40.6137],[0.5635,40.59],[0.3506,40.2849],[0.2053,40.1715],[0.1445,40.0788],[0.0662,40.0319],[-0.0287,39.9018],[-0.0913,39.8479],[-0.3234,39.5162],[-0.3275,39.4307],[-0.3013,39.322],[-0.2155,39.1818],[-0.2422,39.1663],[-0.2267,39.1118],[-0.158,39.0021],[-0.1059,38.9365],[-0.0098,38.8697],[0.154,38.831],[0.1853,38.8035],[0.1709,38.7961],[0.2277,38.7702],[0.2345,38.7423],[0.083,38.661],[0.0806,38.631],[-0.043,38.6117],[-0.0754,38.5399],[-0.177,38.5272],[-0.3294,38.47],[-0.3952,38.4138],[-0.4137,38.3648],[-0.5098,38.3384],[-0.504,38.2072],[-0.5914,38.1896],[-0.6237,38.1624],[-0.645,38.116],[-0.6545,37.9893],[-0.7184,37.943],[-0.7586,37.8633],[-0.7607,37.7961],[-0.788,37.8228],[-0.8124,37.7701],[-0.8561,37.7425],[-0.8099,37.6669],[-0.7548,37.6413],[-0.7265,37.6515],[-0.7053,37.6195],[-0.9252,37.5559],[-0.9735,37.5764],[-1.0878,37.5809],[-1.12,37.559],[-1.1058,37.5321],[-1.2427,37.5792],[-1.2617,37.5577],[-1.3237,37.562],[-1.4709,37.4822],[-1.4969,37.4278],[-1.6709,37.3633],[-1.8127,37.2071],[-1.9061,36.9876],[-1.9003,36.9412],[-1.9889,36.9005],[-2.0712,36.7753],[-2.1267,36.7364],[-2.2036,36.7371],[-2.2828,36.8101],[-2.3617,36.8368],[-2.4331,36.8163],[-2.4814,36.8299],[-2.5608,36.8188],[-2.6172,36.7284],[-2.6589,36.6948],[-2.7183,36.682],[-2.7567,36.6804],[-2.821,36.7139],[-2.8483,36.7002],[-2.9333,36.7517],[-2.9877,36.7371],[-3.2279,36.7548],[-3.3296,36.7449],[-3.4152,36.6955],[-3.4776,36.6961],[-3.516,36.721],[-3.5498,36.7124],[-3.6011,36.7426],[-3.7313,36.7241],[-3.8385,36.752],[-3.961,36.7268],[-4.0567,36.748],[-4.2247,36.7124],[-4.4032,36.7239],[-4.4333,36.7107],[-4.5248,36.5807],[-4.5878,36.5738],[-4.615,36.5306],[-4.6593,36.5076],[-4.7228,36.493],[-4.9027,36.5065],[-4.9942,36.4571],[-5.1866,36.4112],[-5.2537,36.2971],[-5.2906,36.2774],[-5.3388,36.1411],[-5.4254,36.1798],[-5.4423,36.1488],[-5.4386,36.0628],[-5.6118,36.0065],[-5.6297,36.0368],[-5.6894,36.0671],[-5.7961,36.0855],[-5.9172,36.1841],[-6.0368,36.1895],[-6.1047,36.2807],[-6.1595,36.3043],[-6.1842,36.3707],[-6.31,36.5341],[-6.2575,36.5138],[-6.2315,36.4727],[-6.1794,36.5135],[-6.2244,36.5109],[-6.2349,36.5758],[-6.2832,36.6124],[-6.3947,36.6369],[-6.4333,36.7512],[-6.3456,36.795],[-6.3382,36.8837],[-6.3044,36.9072],[-6.2233,36.9023],[-6.1948,36.9321],[-6.3447,36.9013],[-6.3467,36.8199],[-6.388,36.8082],[-6.4996,36.9597],[-6.8929,37.1666],[-6.9176,37.2151],[-6.8527,37.2952],[-6.9311,37.2339],[-6.9626,37.2338],[-6.9285,37.1723],[-7.101,37.2243],[-7.1273,37.2147],[-7.0856,37.2065],[-7.3279,37.2016],[-7.3814,37.1799],[-7.4144,37.1928],[-7.4689,37.4756],[-7.5291,37.5567],[-7.5143,37.6014],[-7.4716,37.6369],[-7.444,37.7302],[-7.3069,37.8508],[-7.2727,37.977],[-7.1597,37.9968],[-7.1233,38.04],[-7.024,38.0226],[-6.9475,38.1966],[-7.0264,38.1996],[-7.1035,38.1736],[-7.1672,38.2721],[-7.3171,38.4246],[-7.3592,38.4464],[-7.3352,38.4694],[-7.3456,38.4941],[-7.3177,38.5563],[-7.2704,38.6177],[-7.293,38.6563],[-7.2704,38.7375],[-7.151,38.8193],[-7.0561,38.8551],[-7.066,38.9046],[-6.9733,39.014],[-6.9857,39.0668],[-7.0158,39.0968],[-7.0649,39.1148],[-7.1572,39.1054],[-7.1681,39.1706],[-7.2581,39.2113],[-7.2508,39.2706],[-7.3267,39.3413],[-7.3135,39.4574],[-7.3994,39.4937],[-7.5158,39.5938],[-7.5573,39.6798],[-7.1829,39.6751],[-7.0211,39.694],[-6.993,39.7742],[-7.0003,39.8025],[-6.9277,39.8619],[-6.9252,39.9179],[-6.8797,40.0092],[-6.9557,40.1029],[-7.0158,40.1191],[-7.0431,40.1814],[-7.0158,40.2255],[-6.8781,40.2652],[-6.8702,40.2955],[-6.7944,40.3564],[-6.8513,40.4095],[-6.8571,40.4421],[-6.8125,40.5146],[-6.8505,40.5822],[-6.8143,40.6472],[-6.8391,40.7575],[-6.8367,40.8402],[-6.8162,40.8568],[-6.9425,41.016],[-6.9068,41.0561],[-6.8044,41.0644],[-6.7648,41.1089],[-6.7552,41.1588],[-6.6466,41.2676],[-6.4959,41.2949],[-6.3792,41.3775],[-6.3792,41.3973],[-6.3211,41.411],[-6.2795,41.497],[-6.2059,41.5703],[-6.2722,41.6282],[-6.3659,41.6636],[-6.4608,41.6766],[-6.503,41.6531],[-6.5415,41.6589],[-6.5774,41.7397],[-6.5242,41.8674],[-6.5758,41.8829],[-6.5717,41.9426],[-6.6095,41.9623],[-6.6228,41.941],[-6.728,41.9309],[-6.8249,41.9838],[-6.8312,41.954],[-6.855,41.9429],[-6.9451,41.9434],[-6.9924,41.9664],[-7.0513,41.942],[-7.1454,41.9875],[-7.1999,41.9637],[-7.1979,41.9015],[-7.2187,41.879],[-7.3919,41.842],[-7.4427,41.806],[-7.4694,41.8525],[-7.5158,41.865],[-7.5467,41.832],[-7.6061,41.8255],[-7.6228,41.8417],[-7.6074,41.8732],[-7.722,41.8993],[-7.8966,41.8579],[-7.9061,41.9139],[-7.9448,41.867],[-7.9936,41.8637],[-8.0486,41.8164],[-8.1796,41.8107],[-8.177,41.8498],[-8.2204,41.8682],[-8.2302,41.9047],[-8.0951,42.0409],[-8.1376,42.0729],[-8.204,42.0696],[-8.2043,42.1288],[-8.2224,42.1536],[-8.3467,42.1017],[-8.6269,42.051],[-8.6708,41.9998],[-8.8813,41.8933],[-8.8955,42.1191],[-8.8265,42.1305],[-8.847,42.1608],[-8.6252,42.3019],[-8.6227,42.3475],[-8.6748,42.299],[-8.785,42.2601],[-8.8675,42.2564],[-8.8533,42.3048],[-8.8272,42.2967],[-8.8307,42.3416],[-8.772,42.3427],[-8.6553,42.4414],[-8.7576,42.4072],[-8.8436,42.4037],[-8.888,42.4556],[-8.9426,42.4693],[-8.8813,42.4966],[-8.8608,42.485],[-8.8743,42.4693],[-8.8265,42.4619],[-8.8129,42.5028],[-8.823,42.5695],[-8.7755,42.6047],[-8.7309,42.6884],[-8.785,42.6406],[-8.8395,42.6824],[-8.8688,42.6175],[-8.9034,42.6255],[-8.9364,42.6064],[-8.9222,42.5937],[-8.9699,42.5792],[-8.9808,42.5512],[-9.0115,42.5307],[-9.0264,42.5431],[-9.0334,42.5781],[-9.0709,42.5961],[-9.0301,42.7077],[-8.8983,42.7923],[-8.8877,42.8311],[-8.9084,42.8395],[-8.9126,42.8166],[-8.951,42.7951],[-9.0489,42.7947],[-9.0687,42.7597],[-9.1002,42.7575],[-9.135,42.8128],[-9.1002,42.8333],[-9.1412,42.8574],[-9.1345,42.9175],[-9.1959,42.9493],[-9.1958,42.9266],[-9.2242,42.9402],[-9.2731,42.8933],[-9.292,42.9288],[-9.251,43.0168],[-9.2795,43.055],[-9.2176,43.1144],[-9.1898,43.1023],[-9.1077,43.1411],[-9.2084,43.1379],[-9.2176,43.1553],[-9.1379,43.2015],[-9.0524,43.1964],[-9.0115,43.2388],[-8.9325,43.2353],[-8.9153,43.245],[-8.988,43.283],[-8.83,43.3412],[-8.7856,43.3124],[-8.6931,43.2934],[-8.5925,43.3242],[-8.5584,43.3132],[-8.3883,43.3859],[-8.3536,43.3486],[-8.3307,43.4057],[-8.2672,43.3859],[-8.2102,43.3132],[-8.2096,43.3907],[-8.1754,43.4163],[-8.2648,43.4273],[-8.3052,43.4511],[-8.1788,43.4733],[-8.1686,43.492],[-8.3331,43.4715],[-8.3166,43.5229],[-8.2921,43.5329],[-8.3127,43.5671],[-8.2322,43.5755],[-8.0867,43.6565],[-8.0746,43.6396],[-8.0519,43.6428],[-8.074,43.6785],[-8.0593,43.7094],[-7.9812,43.7178],[-7.9086,43.7663],[-7.8808,43.7633],[-7.8465,43.718],[-7.8676,43.718],[-7.8738,43.6845],[-7.9086,43.6702],[-7.8584,43.6682],[-7.8676,43.6975],[-7.8192,43.6975],[-7.812,43.7231],[-7.7128,43.7607],[-7.6855,43.7934],[-7.6683,43.7725],[-7.6956,43.7459],[-7.6916,43.7272],[-7.641,43.7527],[-7.616,43.6885],[-7.5414,43.7316],[-7.3671,43.6801],[-7.3041,43.5986],[-7.2567,43.5816],[-7.2711,43.5611],[-7.0443,43.5594],[-7.0309,43.5332],[-7.0536,43.4965],[-7.0446,43.4792],[-7.0014,43.5567],[-6.944,43.566],[-6.7037,43.5576],[-6.6487,43.579],[-6.5101,43.5475],[-6.463,43.555],[-6.4691,43.5754],[-6.3146,43.5686],[-6.2228,43.5959],[-6.178,43.5754],[-6.0692,43.5697],[-6.0235,43.5884],[-5.9074,43.5884],[-5.9074,43.6368],[-5.8635,43.6414],[-5.8522,43.6629],[-5.8038,43.6505],[-5.7089,43.5686],[-5.6968,43.5828],[-5.6775,43.5611],[-5.3939,43.5552],[-5.4139,43.5065],[-5.3568,43.5386],[-5.2999,43.5377],[-5.1779,43.4894],[-4.9752,43.4588],[-4.941,43.4717],[-4.7349,43.4171],[-4.5082,43.4025],[-4.4817,43.3836],[-4.4325,43.4026],[-4.3793,43.3836],[-4.3594,43.3997],[-4.1886,43.4054],[-4.0128,43.4525],[-3.9814,43.4383],[-3.9401,43.4771],[-3.8267,43.497],[-3.7692,43.4792],[-3.8443,43.4451],[-3.8112,43.4255],[-3.7723,43.4525],[-3.745,43.4383],[-3.7555,43.4717],[-3.7289,43.4655],[-3.7289,43.4792],[-3.5794,43.5183],[-3.5054,43.4792],[-3.4315,43.4669],[-3.4286,43.4468],[-3.47,43.4542],[-3.5017,43.4308],[-3.4611,43.4125],[-3.447,43.4308],[-3.269,43.4041],[-3.1315,43.3558],[-3.0895,43.3669],[-3.0082,43.3209],[-3.0293,43.3762],[-2.9399,43.4171],[-2.9467,43.4308],[-2.7686,43.4525],[-2.7152,43.4245],[-2.691,43.3675],[-2.6612,43.4119],[-2.4835,43.3706],[-2.4644,43.3492],[-2.3271,43.3068],[-2.1963,43.3148],[-2.1278,43.2874],[-1.9604,43.3431],[-1.9187,43.321],[-1.9047,43.3284],[-1.9257,43.3426],[-1.8113,43.3951],[-1.7941,43.386],[-1.7969,43.3411],[-1.7682,43.3309]]],[[[-0.7469,37.6838],[-0.7545,37.7744],[-0.7494,37.7749],[-0.7265,37.6652],[-0.7469,37.6838]]],[[[1.5814,38.6531],[1.4581,38.6813],[1.383,38.6421],[1.3828,38.7116],[1.4354,38.7554],[1.4861,38.6946],[1.5264,38.6778],[1.5657,38.6915],[1.5814,38.6531]]],[[[1.6231,39.0292],[1.5098,38.9302],[1.4147,38.8906],[1.4031,38.8323],[1.2835,38.8746],[1.2599,38.8579],[1.2166,38.8851],[1.2184,38.9541],[1.301,38.9678],[1.2928,39.0333],[1.3568,39.0776],[1.5371,39.118],[1.606,39.0913],[1.6231,39.0292]]],[[[2.9136,39.152],[2.9404,39.1719],[2.9806,39.1856],[2.9823,39.1392],[2.9622,39.1161],[2.9309,39.1182],[2.9136,39.152]]],[[[3.4685,39.7393],[3.4539,39.6597],[3.4019,39.6232],[3.406,39.592],[3.3233,39.5239],[3.2825,39.4201],[3.2688,39.4276],[3.221,39.3599],[3.0608,39.2691],[2.9588,39.3632],[2.7866,39.3759],[2.7366,39.4621],[2.7549,39.5026],[2.7435,39.5234],[2.6817,39.5587],[2.6553,39.5647],[2.5691,39.5315],[2.5202,39.4728],[2.4927,39.4702],[2.469,39.5059],[2.4806,39.5162],[2.4539,39.5374],[2.3919,39.5237],[2.3508,39.5765],[2.3577,39.6119],[2.5697,39.7131],[2.6314,39.7701],[2.8132,39.8726],[3.1795,39.9688],[3.2142,39.9551],[3.0969,39.9135],[3.0947,39.8812],[3.2068,39.893],[3.1872,39.8544],[3.1263,39.8319],[3.1365,39.7888],[3.2239,39.7497],[3.2925,39.7497],[3.3545,39.7844],[3.4685,39.7393]]],[[[4.3303,39.8672],[4.3029,39.8876],[4.3001,39.8218],[4.2481,39.8165],[3.9814,39.9361],[3.8307,39.9361],[3.8505,39.9839],[3.8032,40.0181],[3.8219,40.0476],[4.052,40.0582],[4.1051,40.0794],[4.1423,40.0248],[4.1705,40.0646],[4.1786,40.0388],[4.2649,39.9864],[4.2724,39.9553],[4.2546,39.9497],[4.298,39.942],[4.3303,39.8672]]],[[[1.9475,42.4512],[1.968,42.4857],[1.9995,42.4439],[1.9475,42.4512]]]]}},{"type":"Feature","properties":{"id":"EU-FI","zh":"芬蘭","en":"Finland","labelLng":27.2764,"labelLat":63.2524},"geometry":{"type":"MultiPolygon","coordinates":[[[[21.6543,60.1558],[21.6133,60.1291],[21.637,60.1237],[21.6131,60.1021],[21.5144,60.0974],[21.4823,60.1148],[21.5581,60.1216],[21.4966,60.1353],[21.5711,60.1704],[21.6543,60.1558]]],[[[21.4489,60.1906],[21.3805,60.1627],[21.2707,60.1906],[21.3533,60.2111],[21.4489,60.1906]]],[[[21.6267,60.2526],[21.5779,60.2216],[21.5623,60.2399],[21.6047,60.2688],[21.5974,60.257],[21.6267,60.2526]]],[[[21.3571,60.3581],[21.3039,60.3642],[21.2962,60.3776],[21.3381,60.3834],[21.3571,60.3581]]],[[[21.4707,60.5237],[21.4631,60.4923],[21.4336,60.4891],[21.4426,60.4711],[21.3923,60.49],[21.3601,60.5332],[21.3361,60.5194],[21.3259,60.5432],[21.3942,60.5599],[21.4707,60.5237]]],[[[21.2529,60.5314],[21.2292,60.5599],[21.2785,60.5423],[21.3249,60.4821],[21.2503,60.4984],[21.2529,60.5314]]],[[[21.2987,60.5673],[21.2139,60.6164],[21.2593,60.6475],[21.2912,60.6151],[21.2783,60.5861],[21.2987,60.5673]]],[[[21.2676,60.8378],[21.1863,60.8565],[21.2595,60.8531],[21.2676,60.8378]]],[[[21.2987,60.8957],[21.2912,60.91],[21.3123,60.923],[21.2434,60.9509],[21.3049,60.9714],[21.3743,60.9304],[21.3279,60.9101],[21.3181,60.8802],[21.2024,60.8895],[21.2987,60.8957]]],[[[21.3524,61.176],[21.3464,61.1963],[21.3801,61.214],[21.4317,61.1715],[21.3524,61.176]]],[[[21.5239,61.6331],[21.4784,61.6208],[21.46,61.6293],[21.5239,61.6331]]],[[[21.136,62.963],[21.1594,62.9754],[21.1318,62.9928],[21.1516,63.0103],[21.2074,62.9862],[21.2219,62.9514],[21.1681,62.946],[21.136,62.963]]],[[[21.4284,63.1984],[21.3628,63.2062],[21.2912,63.1779],[21.3185,63.1649],[21.3015,63.1562],[21.2434,63.1507],[21.1888,63.1916],[21.1472,63.1822],[21.1336,63.1984],[21.1546,63.2059],[21.1028,63.236],[21.0789,63.2878],[21.1203,63.272],[21.2434,63.281],[21.1951,63.2258],[21.2868,63.2114],[21.2912,63.2394],[21.3158,63.2519],[21.3963,63.2607],[21.4221,63.2468],[21.4284,63.1984]]],[[[21.2341,63.3328],[21.346,63.3638],[21.3743,63.3493],[21.3185,63.2878],[21.3153,63.304],[21.2775,63.3015],[21.2341,63.3328]]],[[[22.0124,60.1227],[21.9299,60.1246],[21.9621,60.1379],[22.0124,60.1227]]],[[[21.8877,60.1837],[21.846,60.1701],[21.8678,60.1558],[21.7915,60.1558],[21.8262,60.1496],[21.7832,60.1232],[21.6958,60.1216],[21.7225,60.1496],[21.7082,60.1718],[21.7437,60.1906],[21.8535,60.1968],[21.8877,60.1837]]],[[[22.0093,60.1373],[21.9507,60.1491],[21.9354,60.1763],[22.0589,60.2111],[22.072,60.1968],[22.0112,60.1701],[22.0379,60.1558],[22.0093,60.1373]]],[[[22.2969,60.2213],[22.2323,60.185],[22.2092,60.2043],[22.2717,60.253],[22.2969,60.2213]]],[[[22.3372,60.2745],[22.2155,60.2531],[22.1812,60.2813],[22.1409,60.2787],[22.1819,60.2787],[22.1633,60.2592],[22.0801,60.2695],[22.0767,60.2835],[22.132,60.3157],[22.2498,60.3115],[22.3213,60.2971],[22.3372,60.2745]]],[[[21.9963,60.2961],[21.9958,60.2873],[21.9729,60.2853],[21.9963,60.2961]]],[[[21.8753,60.3049],[21.9598,60.3122],[21.9754,60.3026],[21.926,60.2773],[21.8753,60.3049]]],[[[22.1572,60.3519],[22.2557,60.3742],[22.2997,60.3676],[22.1911,60.3417],[22.1572,60.3519]]],[[[22.1379,60.3791],[22.2062,60.3826],[22.2075,60.3756],[22.1043,60.3542],[22.1379,60.3791]]],[[[21.9797,60.3286],[21.7941,60.374],[21.7922,60.397],[21.846,60.4097],[21.7984,60.4438],[21.8081,60.4667],[21.8923,60.4492],[21.9504,60.4022],[21.8945,60.396],[21.9976,60.355],[21.9634,60.3476],[21.9976,60.3414],[21.9797,60.3286]]],[[[21.6909,60.4841],[21.7642,60.5258],[21.688,60.4553],[21.6909,60.4841]]],[[[22.0671,63.279],[22.0889,63.2946],[22.0692,63.3185],[22.1102,63.3289],[22.1956,63.3098],[22.2263,63.3406],[22.2463,63.3071],[22.2087,63.2733],[22.1144,63.2842],[22.1585,63.2741],[22.1442,63.2514],[22.0671,63.279]]],[[[22.0298,63.2774],[22.0046,63.2912],[21.9844,63.2772],[21.9777,63.2987],[22.03,63.3084],[22.0076,63.3249],[22.0335,63.3221],[22.0608,63.3022],[22.0298,63.2774]]],[[[21.9572,63.3316],[21.9964,63.3847],[22.096,63.3835],[22.0762,63.3601],[22.0127,63.3637],[21.9572,63.3316]]],[[[22.4277,59.8495],[22.4138,59.8612],[22.5129,59.8737],[22.5051,59.8687],[22.4277,59.8495]]],[[[23.9235,59.9693],[23.8708,59.9467],[23.8474,59.9547],[23.8703,59.9728],[23.9235,59.9693]]],[[[22.9266,60.0654],[22.8722,60.006],[22.8511,60.0279],[22.8833,60.0431],[22.8633,60.0626],[22.9266,60.0654]]],[[[22.4495,60.0665],[22.4426,59.9975],[22.4095,60.0093],[22.3828,59.9926],[22.3489,60.0632],[22.3706,60.0808],[22.3872,60.0517],[22.4084,60.0528],[22.4019,60.0758],[22.4304,60.0819],[22.4495,60.0665]]],[[[22.9617,60.1044],[22.9279,60.0899],[22.8451,60.0858],[22.917,60.1251],[22.9617,60.1044]]],[[[22.9495,60.2705],[22.8399,60.2011],[22.8403,60.1701],[22.8193,60.1627],[22.8403,60.1558],[22.8469,60.111],[22.7305,60.0466],[22.758,60.0323],[22.7298,60.005],[22.6821,59.9975],[22.655,60.0323],[22.6003,59.9845],[22.599,60.008],[22.5749,60.017],[22.5934,60.0466],[22.53,60.0082],[22.4699,59.9975],[22.4736,60.091],[22.4221,60.1148],[22.6003,60.1422],[22.4152,60.1496],[22.4481,60.2214],[22.4773,60.2247],[22.451,60.1885],[22.4665,60.1837],[22.5666,60.1933],[22.815,60.227],[22.9207,60.2967],[22.9564,60.293],[22.9495,60.2705]]],[[[22.3191,60.1601],[22.3369,60.1485],[22.2883,60.1498],[22.3045,60.1888],[22.3856,60.1953],[22.3191,60.1601]]],[[[25.8356,60.196],[25.822,60.2163],[25.8762,60.2172],[25.8631,60.2043],[25.8356,60.196]]],[[[25.5983,60.2907],[25.6844,60.2452],[25.6437,60.2281],[25.636,60.2043],[25.6034,60.2154],[25.6223,60.2383],[25.5921,60.2426],[25.5645,60.2783],[25.5983,60.2907]]],[[[22.3128,60.3209],[22.3982,60.355],[22.4773,60.3209],[22.3674,60.293],[22.388,60.3209],[22.3128,60.3209]]],[[[26.6526,60.4269],[26.5383,60.3781],[26.5072,60.4035],[26.5747,60.4218],[26.5934,60.4459],[26.6526,60.4269]]],[[[22.8201,63.7689],[22.8021,63.7382],[22.7396,63.7205],[22.6815,63.7634],[22.7638,63.7914],[22.8201,63.7689]]],[[[28.4268,68.8706],[28.7283,68.865],[28.8015,68.8355],[28.7164,68.728],[28.4479,68.5297],[28.6903,68.1832],[29.3309,68.0727],[29.6512,67.8236],[30.0094,67.6858],[29.9777,67.6622],[29.9599,67.5716],[29.9162,67.5081],[29.5198,67.2982],[29.0999,66.9911],[29.0515,66.9078],[29.0892,66.8375],[29.3222,66.6801],[29.4094,66.5685],[29.5245,66.4912],[29.5697,66.3782],[29.6509,66.2879],[29.9002,66.1081],[29.9585,65.9739],[30.0751,65.8228],[30.1117,65.712],[30.1139,65.6655],[30.0985,65.6564],[30.003,65.6781],[29.7029,65.6294],[29.8386,65.5649],[29.7263,65.4915],[29.7201,65.3291],[29.5801,65.2354],[29.6267,65.2152],[29.8332,65.205],[29.8393,65.1669],[29.8082,65.1353],[29.8502,65.1215],[29.8205,65.0937],[29.6678,65.0779],[29.5984,65.0344],[29.5881,64.9914],[29.6336,64.9072],[29.6983,64.8391],[29.7803,64.7956],[30.1189,64.7679],[30.1091,64.7201],[30.1705,64.6817],[30.1808,64.6428],[30.1364,64.6154],[29.9548,64.569],[29.9905,64.5042],[30.0704,64.4719],[30.0325,64.3969],[30.0931,64.3612],[30.3211,64.3177],[30.446,64.2508],[30.5585,64.2197],[30.5328,64.1625],[30.5864,64.0847],[30.5523,64.0217],[30.3286,63.896],[30.2015,63.7926],[29.9808,63.7415],[30.0011,63.7153],[30.2425,63.5818],[30.3805,63.5325],[30.4611,63.4729],[30.8209,63.3757],[30.9749,63.2892],[31.204,63.2127],[31.2628,63.1006],[31.4806,62.9863],[31.5358,62.9195],[31.5695,62.9059],[31.4413,62.7887],[31.3633,62.6516],[31.2841,62.573],[31.2438,62.5033],[31.1686,62.476],[30.9806,62.3588],[30.9256,62.3021],[30.6477,62.1928],[29.9777,61.7282],[29.8422,61.6602],[29.7791,61.5931],[29.6351,61.5111],[29.517,61.4751],[29.4634,61.4138],[29.3184,61.3384],[29.2032,61.2459],[28.7976,61.0968],[28.6146,60.9619],[28.4809,60.9335],[27.8079,60.553],[27.7621,60.5801],[27.7395,60.5742],[27.7532,60.5599],[27.7334,60.5443],[27.7532,60.5189],[27.7327,60.5121],[27.7532,60.5058],[27.7054,60.4854],[27.6365,60.4923],[27.6917,60.5189],[27.616,60.5121],[27.6296,60.4711],[27.5085,60.5139],[27.4727,60.5058],[27.4932,60.4923],[27.4727,60.478],[27.5067,60.4575],[27.4568,60.4637],[27.3693,60.4979],[27.2324,60.5121],[27.2308,60.5263],[27.3081,60.5258],[27.2119,60.5599],[27.2277,60.5796],[27.2146,60.5849],[27.1777,60.5673],[27.2007,60.5233],[27.1777,60.5121],[27.1126,60.5468],[27.0884,60.5258],[27.0544,60.5468],[27.0244,60.5361],[26.9982,60.488],[26.9314,60.4854],[26.9624,60.4472],[26.9147,60.4746],[26.7936,60.4575],[26.8147,60.4854],[26.797,60.4859],[26.7424,60.468],[26.739,60.437],[26.6873,60.4182],[26.6359,60.4506],[26.5944,60.4523],[26.5534,60.433],[26.4827,60.468],[26.4749,60.4873],[26.5636,60.5434],[26.5674,60.581],[26.625,60.6096],[26.7532,60.5742],[26.6992,60.6402],[26.6592,60.6518],[26.5918,60.6286],[26.4658,60.5081],[26.4562,60.4746],[26.4857,60.4438],[26.4694,60.4275],[26.4164,60.4119],[26.4242,60.396],[26.3833,60.4165],[26.3421,60.3756],[26.2456,60.4509],[26.2293,60.4384],[26.2734,60.4022],[26.179,60.4106],[26.1424,60.396],[25.981,60.4758],[25.9172,60.4854],[26.029,60.4333],[26.04,60.406],[26.0068,60.4005],[26.0122,60.3886],[26.1082,60.3359],[26.0913,60.3066],[26.04,60.2998],[26.0388,60.3227],[25.9971,60.3549],[26.0059,60.3681],[25.9566,60.356],[25.8421,60.4022],[25.9172,60.3613],[25.8831,60.3066],[25.9302,60.2452],[25.7538,60.3207],[25.7454,60.2958],[25.8489,60.2657],[25.7355,60.2473],[25.6497,60.2998],[25.6706,60.3275],[25.6497,60.3414],[25.7044,60.3414],[25.6686,60.3647],[25.5261,60.3271],[25.5451,60.2923],[25.5028,60.2462],[25.3617,60.2452],[25.3635,60.2601],[25.3138,60.2725],[25.3213,60.2514],[25.1975,60.2452],[25.1858,60.2231],[25.1563,60.2322],[25.2039,60.2043],[25.1814,60.2005],[25.1971,60.1906],[25.0947,60.1763],[25.1016,60.1906],[25.0293,60.1479],[24.9979,60.1627],[25.0259,60.1994],[24.9988,60.2128],[24.9509,60.1435],[24.8452,60.1437],[24.8342,60.1558],[24.8709,60.1617],[24.8688,60.1798],[24.8068,60.1906],[24.8273,60.1627],[24.6797,60.1301],[24.6703,60.1012],[24.6306,60.1363],[24.554,60.156],[24.5969,60.1273],[24.5404,60.0876],[24.6082,60.1012],[24.574,60.0739],[24.5945,60.0602],[24.4456,59.9923],[24.4163,59.9914],[24.4641,60.0466],[24.3748,60.005],[24.3677,60.022],[24.3127,59.9975],[24.3577,60.036],[24.3679,60.0739],[24.3197,60.0758],[24.2525,60.0397],[24.1585,60.043],[24.183,60.0255],[24.1642,60.0194],[24.106,60.0319],[24.0096,60.0106],[24.0192,60.0397],[24.0008,60.0383],[23.9553,60.0036],[23.8731,59.9931],[23.7995,59.9566],[23.6076,59.9566],[23.5735,59.9777],[23.4295,59.9566],[23.4836,60.0113],[23.5409,60.0291],[23.5462,60.0739],[23.4983,60.0633],[23.4397,59.9945],[23.3264,59.923],[23.2372,59.898],[23.2222,59.8678],[23.2513,59.8411],[22.9051,59.8112],[22.8882,59.8132],[22.9461,59.848],[23.1681,59.8889],[23.1659,59.9177],[23.2471,59.9224],[23.3264,60.0093],[23.3329,60.0299],[23.2234,59.9299],[23.1888,59.9502],[23.1107,59.9233],[23.1113,59.9743],[23.2036,59.9975],[23.2576,60.0397],[23.0355,60.0446],[22.9907,60.0773],[23.0459,60.1216],[23.0254,60.1353],[22.9695,60.0944],[22.9587,60.1216],[22.8747,60.1496],[22.8856,60.1693],[22.8672,60.1837],[23.0076,60.277],[23.0806,60.355],[23.0342,60.3439],[22.9981,60.3066],[22.9412,60.3165],[22.7362,60.2382],[22.5251,60.2043],[22.5934,60.2322],[22.572,60.2427],[22.5903,60.2623],[22.6481,60.2787],[22.4495,60.2452],[22.4592,60.265],[22.6276,60.3754],[22.6243,60.3991],[22.5435,60.3725],[22.4631,60.3756],[22.4836,60.4022],[22.2915,60.3826],[22.1815,60.4305],[22.1167,60.437],[22.1011,60.4621],[22.047,60.4388],[22.0181,60.4711],[21.9819,60.4768],[21.9839,60.4923],[21.9354,60.4923],[21.9504,60.5189],[21.9032,60.5289],[21.8439,60.5155],[21.874,60.478],[21.7853,60.478],[21.8079,60.5756],[21.846,60.5878],[21.8285,60.6064],[21.8405,60.6287],[21.6618,60.5673],[21.6543,60.509],[21.6121,60.4888],[21.5581,60.4923],[21.5838,60.505],[21.5178,60.5673],[21.5786,60.5673],[21.4085,60.5804],[21.4284,60.5941],[21.4148,60.6083],[21.47,60.6083],[21.3796,60.647],[21.3533,60.6902],[21.439,60.6803],[21.4221,60.725],[21.47,60.7311],[21.3874,60.7523],[21.4221,60.7591],[21.3289,60.8275],[21.3185,60.8647],[21.4284,60.8758],[21.3533,60.9025],[21.3908,60.9168],[21.4284,60.9025],[21.3185,61.0124],[21.339,61.0266],[21.2987,61.0601],[21.3874,61.0403],[21.4077,61.0507],[21.367,61.0601],[21.4823,61.0601],[21.4548,61.0782],[21.4631,61.1011],[21.4352,61.1427],[21.47,61.1496],[21.4426,61.17],[21.5581,61.2042],[21.5435,61.2251],[21.4761,61.2458],[21.5034,61.2799],[21.5444,61.2799],[21.5243,61.3753],[21.4489,61.4028],[21.5724,61.4164],[21.4221,61.4853],[21.5921,61.4853],[21.5656,61.5195],[21.5103,61.5195],[21.47,61.5468],[21.4601,61.5624],[21.4823,61.5679],[21.7163,61.5269],[21.6143,61.5854],[21.5918,61.6281],[21.5376,61.6498],[21.5441,61.6728],[21.5178,61.7112],[21.5859,61.6977],[21.47,61.7597],[21.4861,61.8112],[21.4446,61.8263],[21.4489,61.8416],[21.4032,61.8764],[21.3942,61.8894],[21.4141,61.9069],[21.3805,61.9378],[21.3125,61.9398],[21.2775,61.9515],[21.2949,61.9713],[21.2366,61.985],[21.2762,62.0502],[21.2891,62.1216],[21.3123,62.1091],[21.3259,62.1638],[21.384,62.1945],[21.3899,62.2082],[21.3533,62.232],[21.3743,62.2668],[21.3123,62.232],[21.339,62.3555],[21.2707,62.3493],[21.2707,62.4108],[21.2051,62.3597],[21.2161,62.335],[21.1943,62.3371],[21.2024,62.3903],[21.1813,62.3965],[21.2024,62.4176],[21.1336,62.404],[21.1546,62.4648],[21.1164,62.4602],[21.1156,62.4958],[21.1546,62.5275],[21.1267,62.5541],[21.2092,62.5821],[21.1935,62.6009],[21.1062,62.623],[21.0652,62.5958],[21.0789,62.6783],[21.1608,62.7193],[21.1165,62.7497],[21.1135,62.7812],[21.1509,62.7944],[21.1834,62.7824],[21.2434,62.8695],[21.3357,62.8555],[21.3908,62.8803],[21.4221,62.9418],[21.4631,62.9514],[21.4441,63.0409],[21.4805,63.043],[21.4951,63.0717],[21.6257,63.0239],[21.6885,63.0271],[21.5596,63.0951],[21.5724,63.1234],[21.5208,63.1268],[21.5034,63.1575],[21.5519,63.1779],[21.5129,63.185],[21.4966,63.209],[21.5581,63.2326],[21.6472,63.1977],[21.668,63.2195],[21.7424,63.1997],[21.7642,63.2059],[21.7026,63.2258],[21.8945,63.2605],[21.8809,63.1779],[21.9839,63.1432],[21.9559,63.1848],[21.9944,63.1964],[22.0248,63.2394],[22.1751,63.2326],[22.2781,63.3015],[22.3076,63.2759],[22.3301,63.2838],[22.3737,63.3214],[22.1956,63.4312],[22.1909,63.4584],[22.2468,63.4696],[22.3049,63.4359],[22.4016,63.4182],[22.28,63.4876],[22.2814,63.5262],[22.3374,63.5233],[22.3333,63.4932],[22.3802,63.4854],[22.3948,63.4523],[22.4074,63.4569],[22.4358,63.4728],[22.4315,63.4974],[22.4972,63.5858],[22.5457,63.5752],[22.4972,63.623],[22.532,63.6441],[22.5251,63.6577],[22.5857,63.657],[22.589,63.7033],[22.6371,63.6831],[22.6753,63.7024],[22.7341,63.6276],[22.7734,63.6275],[22.8293,63.6462],[22.8403,63.6776],[22.9019,63.7055],[22.833,63.726],[22.9019,63.726],[22.8747,63.7465],[22.9258,63.7434],[22.9025,63.7949],[22.9429,63.8005],[23.0007,63.7636],[22.9907,63.8154],[23.0628,63.853],[23.1213,63.8496],[23.1673,63.8869],[23.2752,63.8889],[23.3264,63.911],[23.3728,63.9006],[23.4158,63.9246],[23.3709,63.9465],[23.3674,63.9973],[23.3965,64.0561],[23.6045,64.0277],[23.6198,64.038],[23.5661,64.0966],[23.5736,64.1072],[23.6221,64.1071],[23.7236,64.1785],[23.7244,64.2089],[23.8191,64.2206],[23.8611,64.2679],[23.9434,64.2468],[23.929,64.3014],[24.0044,64.3891],[24.0686,64.4056],[24.0806,64.4317],[24.2057,64.4522],[24.2178,64.487],[24.2576,64.486],[24.286,64.515],[24.3441,64.5307],[24.3755,64.6173],[24.4229,64.6756],[24.5303,64.7178],[24.5461,64.7334],[24.5324,64.7539],[24.5877,64.7812],[24.5384,64.8053],[24.6683,64.7891],[24.6707,64.8297],[24.7317,64.8358],[24.7363,64.8554],[25.0947,64.9184],[25.1432,64.8842],[25.1773,64.8842],[25.2176,64.8415],[25.2593,64.8358],[25.2251,64.8227],[25.3548,64.8296],[25.3595,64.9111],[25.3213,64.9047],[25.2412,64.929],[25.1909,64.9668],[25.221,64.9905],[25.3216,64.9836],[25.4216,64.9489],[25.4435,64.9668],[25.4168,64.9986],[25.4163,65.0351],[25.3555,65.0965],[25.2114,65.1238],[25.2258,65.1566],[25.2825,65.1914],[25.2798,65.22],[25.3275,65.2269],[25.3001,65.2336],[25.3138,65.2541],[25.2798,65.261],[25.3213,65.3162],[25.307,65.3298],[25.335,65.3435],[25.2661,65.3776],[25.3213,65.3851],[25.3555,65.4118],[25.3587,65.4655],[25.3236,65.5068],[25.219,65.5573],[25.1248,65.5611],[25.0742,65.6142],[24.9372,65.6241],[24.8591,65.6591],[24.6758,65.6354],[24.6677,65.6909],[24.584,65.7169],[24.5505,65.7635],[24.6458,65.8795],[24.7075,65.8992],[24.7106,65.9121],[24.6179,65.8892],[24.6145,65.8662],[24.5188,65.796],[24.453,65.7969],[24.4048,65.7692],[24.2383,65.8227],[24.2443,65.7816],[24.2062,65.7788],[24.0548,65.9479],[24.0553,65.9852],[24.0196,66.0489],[23.9746,66.0728],[23.9114,66.1486],[23.75,66.1897],[23.6894,66.257],[23.6628,66.3165],[23.677,66.3636],[23.6423,66.4363],[23.6524,66.4588],[23.8819,66.5635],[23.9032,66.6863],[23.8924,66.7509],[23.9392,66.7911],[24.004,66.8052],[23.9334,66.8888],[23.8167,66.9755],[23.7203,67.0169],[23.6767,67.0585],[23.6666,67.0979],[23.5813,67.1531],[23.574,67.173],[23.6149,67.214],[23.5915,67.225],[23.6027,67.2603],[23.7354,67.2897],[23.7857,67.3375],[23.7514,67.3462],[23.7652,67.4201],[23.5946,67.4536],[23.4772,67.4438],[23.4313,67.4855],[23.4847,67.543],[23.4734,67.555],[23.5535,67.587],[23.4846,67.7372],[23.4813,67.8646],[23.6361,67.9135],[23.6622,67.9504],[23.383,68.0512],[23.3065,68.1456],[23.1656,68.122],[23.1494,68.1394],[23.1552,68.2174],[23.0669,68.2903],[22.9037,68.3366],[22.8083,68.3949],[22.7486,68.3855],[22.6622,68.4274],[22.3031,68.4761],[22.0722,68.477],[21.9192,68.5682],[21.7371,68.5879],[21.7168,68.6192],[21.4636,68.6869],[21.4064,68.7489],[21.3054,68.7558],[21.2166,68.8172],[21.0721,68.8694],[20.9057,68.8946],[20.8845,68.9067],[20.8876,68.9271],[20.9343,68.949],[20.9112,68.9807],[20.6232,69.0364],[20.7444,69.1044],[21.0715,69.0367],[21.1564,69.0876],[21.0336,69.1812],[21.0984,69.2395],[21.3136,69.2914],[21.6388,69.2714],[22.0231,69.012],[22.1607,68.9561],[22.2772,68.8575],[22.3714,68.8226],[22.4092,68.7129],[22.5701,68.7268],[22.8517,68.6757],[23.0715,68.6809],[23.1976,68.618],[23.4816,68.6856],[23.7348,68.7154],[23.7872,68.7998],[23.929,68.8162],[24.1312,68.7762],[24.1869,68.7445],[24.3325,68.7086],[24.6634,68.6661],[24.7542,68.6379],[24.8792,68.5548],[24.9052,68.557],[24.9518,68.6051],[25.1324,68.6476],[25.1496,68.7646],[25.2013,68.8126],[25.4339,68.8839],[25.6278,68.8741],[25.7539,68.9784],[25.7958,68.9933],[25.8011,69.0132],[25.7502,69.0592],[25.7712,69.1351],[25.7341,69.1913],[25.7372,69.2182],[25.7866,69.3128],[25.8774,69.3708],[25.8414,69.4178],[25.8867,69.4552],[25.9064,69.5019],[25.8867,69.5209],[25.9603,69.5487],[26.004,69.5872],[26.0051,69.6108],[25.9617,69.6525],[26.0051,69.6893],[26.1983,69.7154],[26.3168,69.7949],[26.4187,69.8356],[26.4479,69.856],[26.4359,69.8742],[26.5339,69.9252],[26.8646,69.9381],[27.1003,69.9018],[27.3118,69.9295],[27.3524,69.9487],[27.3232,69.9597],[27.3345,69.9686],[27.5633,70.0236],[27.6126,70.0621],[27.7922,70.0589],[27.8669,70.0753],[27.9272,70.0533],[28.1674,69.8943],[28.3812,69.8562],[28.3797,69.8224],[28.4046,69.8023],[29.1312,69.6742],[29.2032,69.586],[29.3445,69.4644],[29.2293,69.3769],[28.8522,69.2035],[28.8276,69.0908],[28.9541,69.0273],[28.8335,68.9845],[28.4102,68.8985],[28.4268,68.8706]]],[[[24.8197,65.0433],[24.7224,65.0035],[24.7508,64.976],[24.8273,64.973],[24.7347,64.9509],[24.7007,64.9582],[24.7106,64.973],[24.6839,64.9966],[24.6316,64.9678],[24.5628,65.0372],[24.6542,65.0802],[24.8345,65.0948],[24.8831,65.0869],[24.897,65.0724],[24.8828,65.0591],[25.0618,65.0435],[24.8197,65.0433]]]]}},{"type":"Feature","properties":{"id":"EU-FR","zh":"法國","en":"France","labelLng":2.5523,"labelLat":46.6961},"geometry":{"type":"MultiPolygon","coordinates":[[[[8.5818,42.1945],[8.5495,42.2423],[8.6878,42.2729],[8.6252,42.3192],[8.6053,42.3105],[8.5999,42.3219],[8.6348,42.3389],[8.6128,42.3524],[8.5521,42.3389],[8.5491,42.3771],[8.6595,42.4299],[8.6768,42.4725],[8.6571,42.48],[8.6675,42.5097],[8.7166,42.5307],[8.7092,42.5792],[8.787,42.562],[8.8054,42.6064],[9.05,42.6622],[9.1178,42.732],[9.2368,42.7226],[9.2922,42.6748],[9.3425,42.7491],[9.3355,42.8076],[9.3057,42.8393],[9.333,42.8671],[9.3303,42.9036],[9.3602,42.9286],[9.3467,43.0037],[9.4224,43.0174],[9.464,42.9901],[9.4539,42.9638],[9.4701,42.9423],[9.4828,42.8023],[9.4429,42.6406],[9.4769,42.5792],[9.5119,42.5655],[9.4896,42.6126],[9.5281,42.5635],[9.5596,42.1466],[9.5456,42.104],[9.4032,41.9529],[9.4016,41.7064],[9.3722,41.6839],[9.3779,41.6564],[9.3452,41.6403],[9.3467,41.6196],[9.2922,41.6264],[9.2786,41.5984],[9.3451,41.6045],[9.3506,41.5812],[9.2647,41.5308],[9.2708,41.4687],[9.2107,41.4482],[9.2233,41.4273],[9.2107,41.4073],[9.2503,41.4278],[9.2232,41.3725],[9.0964,41.4035],[9.1213,41.4346],[9.0666,41.4619],[9.0798,41.4824],[9.0387,41.4619],[9.0387,41.4761],[8.9357,41.4892],[8.7918,41.5612],[8.7964,41.5806],[8.7781,41.5916],[8.8018,41.6391],[8.8726,41.6511],[8.9227,41.6946],[8.7888,41.7126],[8.7849,41.7425],[8.6956,41.7294],[8.703,41.7425],[8.6551,41.7499],[8.7175,41.772],[8.7092,41.8045],[8.7849,41.8244],[8.7508,41.8455],[8.7918,41.8591],[8.7781,41.8728],[8.8054,41.9069],[8.7644,41.9343],[8.6143,41.9008],[8.6144,41.9441],[8.5863,41.969],[8.655,41.9787],[8.6646,42.0145],[8.745,42.0566],[8.6992,42.1093],[8.6609,42.1055],[8.5596,42.154],[8.5938,42.1745],[8.5658,42.1745],[8.5818,42.1945]]],[[[9.4768,42.6191],[9.4566,42.6474],[9.4821,42.6201],[9.4768,42.6191]]],[[[6.2522,43.0026],[6.2025,42.9871],[6.1647,43.0051],[6.2419,43.0256],[6.2522,43.0026]]],[[[-1.1777,45.9069],[-1.1946,45.8301],[-1.2269,45.8198],[-1.2604,45.8818],[-1.3783,45.976],[-1.3717,45.9953],[-1.4049,46.0532],[-1.2738,45.9976],[-1.2476,46.0018],[-1.2244,45.935],[-1.1777,45.9069]]],[[[-1.4329,46.2108],[-1.5043,46.2077],[-1.5558,46.2518],[-1.4801,46.2592],[-1.4739,46.2381],[-1.508,46.2456],[-1.4905,46.2244],[-1.4111,46.2381],[-1.4254,46.2238],[-1.3081,46.2069],[-1.2541,46.1624],[-1.3361,46.1672],[-1.4329,46.2108]]],[[[2.557,51.0012],[2.6085,50.9611],[2.6117,50.9412],[2.5769,50.9115],[2.5967,50.8676],[2.5867,50.8454],[2.6204,50.8165],[2.6919,50.8088],[2.7682,50.7332],[2.8869,50.6966],[2.9714,50.7578],[3.1292,50.7791],[3.189,50.7151],[3.2324,50.6959],[3.271,50.5269],[3.3611,50.4898],[3.4771,50.5199],[3.498,50.5119],[3.4867,50.4927],[3.4991,50.4868],[3.6083,50.4765],[3.6444,50.4455],[3.6617,50.3193],[3.6969,50.2982],[3.755,50.3463],[3.8959,50.3253],[4.0033,50.3441],[4.0979,50.2948],[4.1253,50.2571],[4.1437,50.2516],[4.1628,50.273],[4.1976,50.2585],[4.2013,50.2415],[4.1527,50.2045],[4.1258,50.1282],[4.1806,50.1272],[4.21,50.0601],[4.1373,50.0251],[4.1317,49.975],[4.2011,49.953],[4.2776,49.9602],[4.4351,49.9323],[4.6458,49.9845],[4.6729,50.0164],[4.6819,50.0839],[4.8156,50.1613],[4.8201,50.1464],[4.8719,50.1398],[4.8629,50.0841],[4.846,50.0907],[4.8272,50.0641],[4.7839,49.9583],[4.8602,49.9133],[4.8349,49.853],[4.849,49.7942],[4.971,49.7971],[5.0819,49.7527],[5.1694,49.6872],[5.2592,49.6913],[5.2994,49.6625],[5.2979,49.6133],[5.3349,49.6258],[5.4021,49.6025],[5.4502,49.5458],[5.4561,49.4989],[5.7463,49.5494],[5.8396,49.4999],[5.9281,49.4823],[5.9607,49.4413],[6.078,49.452],[6.1361,49.4953],[6.1936,49.4994],[6.3253,49.4567],[6.4027,49.4655],[6.5117,49.4247],[6.5777,49.3558],[6.5556,49.3472],[6.5564,49.3264],[6.6397,49.2712],[6.6806,49.2075],[6.7025,49.2136],[6.7138,49.1589],[6.8218,49.1478],[6.839,49.1628],[6.8335,49.2095],[6.9144,49.2067],[7.0095,49.1817],[7.0205,49.119],[7.0425,49.1076],[7.0799,49.142],[7.155,49.1144],[7.2744,49.105],[7.351,49.1592],[7.4105,49.1689],[7.4761,49.1515],[7.471,49.1283],[7.5209,49.0837],[7.6086,49.062],[7.635,49.0378],[7.9319,49.0348],[8.2003,48.9586],[8.0903,48.8075],[8.0388,48.7908],[8.0173,48.7618],[7.9701,48.7573],[7.9592,48.7214],[7.8103,48.615],[7.8135,48.5195],[7.7765,48.4982],[7.7383,48.4066],[7.7507,48.3414],[7.7025,48.3112],[7.6872,48.2529],[7.5857,48.1297],[7.5757,48.0537],[7.6189,48.0027],[7.6211,47.9714],[7.559,47.8827],[7.562,47.8392],[7.5259,47.7832],[7.5378,47.7318],[7.5119,47.7073],[7.5179,47.675],[7.5903,47.6079],[7.586,47.5846],[7.4827,47.5423],[7.5052,47.533],[7.4769,47.5149],[7.4845,47.4929],[7.4143,47.4902],[7.4261,47.4558],[7.3785,47.4306],[7.2381,47.4168],[7.1683,47.4436],[7.1808,47.4883],[6.9733,47.4891],[6.991,47.4522],[6.9261,47.4249],[6.8666,47.3542],[7.004,47.3681],[7.0443,47.3405],[7.0366,47.3295],[6.9586,47.2906],[6.9562,47.2452],[6.6897,47.0783],[6.6763,47.0624],[6.6883,47.0438],[6.6654,47.0213],[6.4426,46.9442],[6.4278,46.9091],[6.4468,46.8577],[6.4171,46.8022],[6.4292,46.7608],[6.1184,46.5835],[6.1457,46.5516],[6.0642,46.4711],[6.0542,46.4194],[6.1351,46.3704],[6.094,46.253],[5.9548,46.1999],[5.9829,46.1708],[5.9588,46.1305],[6.1403,46.1502],[6.2812,46.2401],[6.276,46.2631],[6.2376,46.2679],[6.2141,46.3155],[6.2691,46.375],[6.4829,46.4486],[6.6137,46.4559],[6.7871,46.4142],[6.7821,46.3785],[6.7504,46.3455],[6.8277,46.2695],[6.7657,46.1516],[6.7743,46.1348],[6.8692,46.1123],[6.8486,46.085],[6.8509,46.0496],[6.9151,46.0486],[6.9877,45.9931],[7.0221,45.9253],[6.949,45.8578],[6.8735,45.8448],[6.8644,45.8269],[6.8008,45.8265],[6.7827,45.7953],[6.7959,45.7181],[6.8431,45.6827],[6.9634,45.6407],[6.9529,45.5943],[6.9828,45.5111],[7.1607,45.4109],[7.0926,45.324],[7.1084,45.2592],[7.0555,45.2137],[7.0297,45.2282],[6.9587,45.2098],[6.9138,45.1702],[6.8735,45.1659],[6.8767,45.1412],[6.8441,45.1301],[6.7364,45.1573],[6.6027,45.1034],[6.6517,45.0357],[6.7235,45.0134],[6.7279,44.9287],[6.7454,44.9078],[6.8471,44.8591],[6.9828,44.847],[7.0071,44.8221],[6.9984,44.7938],[7.0552,44.6849],[6.9599,44.6832],[6.9343,44.6467],[6.9456,44.6254],[6.8357,44.534],[6.8613,44.4749],[6.9178,44.4363],[6.8772,44.4144],[6.8661,44.3721],[6.9828,44.2417],[7.145,44.2072],[7.331,44.1253],[7.6556,44.1761],[7.6419,44.1436],[7.6899,44.0673],[7.6309,43.9935],[7.4779,43.8655],[7.5023,43.7922],[7.4764,43.7845],[7.4764,43.7646],[7.4375,43.7434],[7.3875,43.7579],[7.3305,43.6864],[7.2573,43.6916],[7.2038,43.6444],[7.1516,43.6548],[7.1262,43.6058],[7.1389,43.554],[7.0884,43.5687],[7.0372,43.5363],[6.9621,43.5401],[6.9409,43.5125],[6.9543,43.5001],[6.894,43.4276],[6.863,43.4394],[6.8467,43.4126],[6.7571,43.4227],[6.7311,43.4078],[6.7178,43.3506],[6.6746,43.3464],[6.5909,43.2689],[6.6934,43.273],[6.6684,43.2395],[6.6798,43.2016],[6.6099,43.1734],[6.5933,43.1877],[6.5399,43.1822],[6.5057,43.151],[6.4017,43.1469],[6.3661,43.1186],[6.3754,43.0908],[6.2804,43.1187],[6.1932,43.1088],[6.1532,43.072],[6.1528,43.0481],[6.1801,43.0359],[6.0885,43.0348],[6.1321,43.0526],[6.1291,43.0714],[6.027,43.0782],[6.0165,43.0989],[5.9341,43.1136],[5.9409,43.134],[5.8794,43.1204],[5.9514,43.08],[5.8753,43.0688],[5.8566,43.0448],[5.7819,43.0791],[5.8115,43.1067],[5.6963,43.1469],[5.6739,43.1799],[5.6342,43.1872],[5.6124,43.1604],[5.5727,43.1691],[5.525,43.2126],[5.347,43.2159],[5.3692,43.2704],[5.3389,43.3343],[5.2942,43.3555],[5.2383,43.328],[5.034,43.3355],[5.0056,43.3816],[5.0261,43.4093],[5.1738,43.4283],[5.2263,43.4803],[5.2228,43.504],[5.14,43.4858],[5.1057,43.533],[5.0291,43.5586],[5.0093,43.5176],[5.0623,43.4516],[5.0511,43.4293],[4.9985,43.4147],[4.9285,43.4401],[4.8682,43.4215],[4.8503,43.4014],[4.8675,43.3651],[4.901,43.367],[4.8558,43.3418],[4.8333,43.382],[4.7578,43.4223],[4.7424,43.5245],[4.6946,43.5791],[4.7288,43.5279],[4.7425,43.4226],[4.823,43.3672],[4.8203,43.3464],[4.5923,43.3599],[4.5663,43.3711],[4.5796,43.4301],[4.513,43.4558],[4.1817,43.4638],[4.1328,43.487],[4.1172,43.5105],[4.1328,43.5328],[4.1053,43.5519],[3.953,43.5399],[3.7399,43.4128],[3.6222,43.3749],[3.5134,43.2811],[3.3854,43.2839],[3.3177,43.2631],[3.114,43.1063],[3.039,42.9428],[3.0561,42.9071],[3.0418,42.6291],[3.0518,42.5549],[3.1374,42.5249],[3.181,42.4315],[3.0861,42.4272],[3.0296,42.4657],[2.9337,42.4702],[2.7886,42.412],[2.6904,42.4062],[2.6403,42.3728],[2.6622,42.339],[2.5481,42.3522],[2.5148,42.3257],[2.4456,42.352],[2.4225,42.3837],[2.2774,42.4286],[2.137,42.4162],[2.0517,42.3524],[1.9957,42.3487],[1.9637,42.3672],[1.9275,42.4369],[1.7122,42.4937],[1.7217,42.5485],[1.7651,42.5634],[1.7133,42.5895],[1.722,42.6099],[1.6083,42.6181],[1.5431,42.6494],[1.4668,42.6415],[1.4514,42.6021],[1.4293,42.5954],[1.3382,42.6944],[1.3426,42.7087],[1.1515,42.7067],[1.0891,42.7713],[0.9503,42.7961],[0.9211,42.7844],[0.8129,42.8316],[0.6563,42.8384],[0.6507,42.7634],[0.6335,42.7448],[0.6596,42.7299],[0.6654,42.6987],[0.6436,42.6845],[0.4093,42.6823],[0.3542,42.7175],[0.2754,42.6687],[0.2384,42.7104],[0.1692,42.7265],[-0.0389,42.6851],[-0.119,42.7169],[-0.1578,42.7607],[-0.1614,42.7953],[-0.2351,42.7862],[-0.3228,42.8425],[-0.4239,42.7907],[-0.5339,42.808],[-0.5356,42.7842],[-0.569,42.7726],[-0.6483,42.8498],[-0.7403,42.8848],[-0.7597,42.9465],[-0.9432,42.9479],[-1.0285,42.9867],[-1.1499,43.0057],[-1.2937,43.0552],[-1.3151,43.0829],[-1.286,43.1092],[-1.3483,43.0931],[-1.3661,43.0333],[-1.4571,43.0451],[-1.4878,43.0818],[-1.4258,43.1353],[-1.4035,43.2433],[-1.4322,43.265],[-1.559,43.2841],[-1.5876,43.2516],[-1.6219,43.247],[-1.6549,43.2975],[-1.7474,43.291],[-1.7558,43.3185],[-1.7969,43.3411],[-1.7964,43.3744],[-1.661,43.3997],[-1.5968,43.4425],[-1.4769,43.5801],[-1.2816,44.3022],[-1.2473,44.5045],[-1.2572,44.5561],[-1.1865,44.6655],[-1.1002,44.6553],[-1.0447,44.6694],[-1.0653,44.7175],[-1.1722,44.7783],[-1.2336,44.7069],[-1.2604,44.6274],[-1.14,45.4901],[-1.0853,45.569],[-1.0586,45.5696],[-1.0623,45.5324],[-1.0399,45.5073],[-0.9153,45.4504],[-0.7662,45.3261],[-0.716,45.1345],[-0.6822,45.0765],[-0.569,44.998],[-0.5565,44.9185],[-0.5347,44.895],[-0.539,44.9765],[-0.5962,45.0246],[-0.4938,44.998],[-0.519,45.0294],[-0.6022,45.0535],[-0.656,45.0991],[-0.7197,45.3611],[-0.7955,45.4771],[-1.0838,45.6604],[-1.1942,45.7102],[-1.2473,45.7099],[-1.2303,45.7924],[-1.1638,45.8067],[-0.9872,45.7174],[-1.1254,45.8077],[-1.1517,45.8682],[-1.0734,45.9044],[-1.0898,45.9508],[-1.0692,45.9643],[-1.1107,46.0184],[-1.073,46.0075],[-1.0487,46.0388],[-1.0842,46.0565],[-1.097,46.1015],[-1.129,46.1158],[-1.117,46.1282],[-1.2108,46.1745],[-1.1796,46.2295],[-1.1107,46.2592],[-1.1107,46.3027],[-1.1325,46.3241],[-1.1772,46.3262],[-1.2143,46.3107],[-1.2132,46.2791],[-1.2401,46.2842],[-1.2774,46.3195],[-1.3702,46.3542],[-1.4487,46.3434],[-1.4814,46.4082],[-1.6256,46.4311],[-1.6335,46.4543],[-1.7611,46.492],[-1.7892,46.5329],[-1.7817,46.4954],[-1.7954,46.4945],[-1.8227,46.5944],[-1.9099,46.6918],[-1.9565,46.7043],[-2.0503,46.7921],[-2.1188,46.82],[-2.1288,46.8935],[-2.0963,46.9165],[-2.1022,46.9307],[-2.0492,46.9575],[-1.9907,47.0354],[-2.03,47.0921],[-2.2411,47.1425],[-2.1652,47.1679],[-2.1606,47.2712],[-2.0146,47.3001],[-1.9171,47.2842],[-1.8984,47.2734],[-1.9189,47.266],[-1.8039,47.219],[-1.727,47.2108],[-1.7882,47.2256],[-1.9056,47.2939],[-2.0101,47.3197],[-2.1481,47.3132],[-2.2784,47.2464],[-2.3714,47.2864],[-2.4484,47.2666],[-2.542,47.3001],[-2.4761,47.2907],[-2.4362,47.307],[-2.4806,47.3479],[-2.5017,47.3206],[-2.5148,47.3649],[-2.5564,47.3832],[-2.4768,47.4157],[-2.439,47.41],[-2.439,47.3963],[-2.3918,47.4237],[-2.4482,47.4306],[-2.439,47.4448],[-2.4889,47.4592],[-2.4947,47.4912],[-2.3639,47.5062],[-2.5175,47.5284],[-2.632,47.5198],[-2.5994,47.5291],[-2.5768,47.5539],[-2.6383,47.5403],[-2.6178,47.5267],[-2.6655,47.5335],[-2.6807,47.5042],[-2.8171,47.4992],[-2.9093,47.5584],[-2.8653,47.5666],[-2.8506,47.5465],[-2.8164,47.5465],[-2.8096,47.5676],[-2.7414,47.5513],[-2.6886,47.6044],[-2.684,47.623],[-2.7065,47.6427],[-2.7086,47.6023],[-2.7754,47.6291],[-2.7345,47.6223],[-2.7463,47.6339],[-2.7891,47.6427],[-2.7754,47.6365],[-2.9194,47.5955],[-2.9127,47.6092],[-2.9399,47.6018],[-2.9331,47.6365],[-2.9747,47.6638],[-2.9399,47.5608],[-2.9945,47.5955],[-3.0034,47.5787],[-3.0118,47.6072],[-3.0157,47.5812],[-3.0738,47.5765],[-3.1233,47.5988],[-3.1233,47.519],[-3.0845,47.4782],[-3.1317,47.4782],[-3.1412,47.598],[-3.2006,47.6396],[-3.1864,47.6806],[-3.1112,47.7042],[-3.118,47.7321],[-3.1391,47.7247],[-3.1391,47.7526],[-3.1932,47.7464],[-3.1591,47.711],[-3.2074,47.6973],[-3.1932,47.6837],[-3.2242,47.6564],[-3.2621,47.6837],[-3.3583,47.6973],[-3.2826,47.6911],[-3.3583,47.711],[-3.2826,47.7873],[-3.3832,47.737],[-3.3645,47.7185],[-3.4464,47.7046],[-3.5283,47.7799],[-3.6252,47.7799],[-3.7232,47.8134],[-3.7754,47.7936],[-3.8517,47.801],[-3.8859,47.855],[-3.9618,47.9],[-3.9883,47.9035],[-3.9792,47.883],[-4.0089,47.8513],[-4.0292,47.855],[-4.0019,47.8693],[-4.0367,47.855],[-4.1066,47.8801],[-4.1322,47.9239],[-4.1427,47.912],[-4.1112,47.8693],[-4.1527,47.855],[-4.1856,47.8744],[-4.18,47.842],[-4.1527,47.842],[-4.1852,47.8134],[-4.3718,47.8072],[-4.3473,47.8629],[-4.372,47.9158],[-4.4346,47.9757],[-4.5333,48.0263],[-4.572,48.0059],[-4.602,48.0256],[-4.7281,48.0406],[-4.7008,48.0748],[-4.2854,48.1154],[-4.2757,48.1436],[-4.3024,48.1964],[-4.3793,48.2324],[-4.4855,48.2426],[-4.5316,48.1831],[-4.5575,48.1772],[-4.5438,48.2051],[-4.5636,48.2324],[-4.5472,48.2526],[-4.6263,48.2665],[-4.6263,48.2871],[-4.5752,48.29],[-4.5467,48.3468],[-4.5301,48.3416],[-4.5432,48.3047],[-4.5155,48.2958],[-4.2626,48.3],[-4.2899,48.2939],[-4.2694,48.2884],[-4.1875,48.3075],[-4.3247,48.3217],[-4.2694,48.3627],[-4.4537,48.3354],[-4.3966,48.3878],[-4.2899,48.4316],[-4.5994,48.3502],[-4.6905,48.3627],[-4.7045,48.3416],[-4.7684,48.3454],[-4.7849,48.4362],[-4.7493,48.4726],[-4.7746,48.4913],[-4.7646,48.5202],[-4.722,48.5682],[-4.6425,48.5819],[-4.5773,48.5682],[-4.6077,48.603],[-4.5301,48.6017],[-4.5636,48.6296],[-4.4066,48.6433],[-4.4265,48.6575],[-4.3433,48.6789],[-4.2991,48.6636],[-4.3065,48.6415],[-4.1938,48.6501],[-4.213,48.6612],[-4.1739,48.6911],[-4.064,48.6849],[-4.0565,48.7121],[-3.974,48.7328],[-3.9547,48.6575],[-3.892,48.678],[-3.9063,48.6644],[-3.8517,48.6296],[-3.8579,48.6849],[-3.8375,48.6706],[-3.8371,48.7073],[-3.8101,48.7332],[-3.5848,48.6828],[-3.5705,48.688],[-3.5805,48.7332],[-3.5283,48.7395],[-3.5815,48.7906],[-3.5153,48.8419],[-3.3976,48.8073],[-3.2595,48.8477],[-3.2297,48.8723],[-3.2071,48.8554],[-3.2205,48.7941],[-3.1454,48.8624],[-3.0915,48.8713],[-3.0771,48.8283],[-3.1255,48.76],[-3.0655,48.824],[-3.0082,48.8214],[-3.0424,48.7879],[-2.9331,48.7674],[-2.9467,48.7332],[-2.827,48.6575],[-2.813,48.5986],[-2.714,48.5607],[-2.7345,48.534],[-2.6824,48.509],[-2.6761,48.5402],[-2.62,48.5436],[-2.5694,48.5887],[-2.4595,48.6365],[-2.4875,48.6501],[-2.3862,48.6501],[-2.3161,48.6986],[-2.282,48.6706],[-2.3303,48.6296],[-2.3127,48.6202],[-2.251,48.6501],[-2.2137,48.5819],[-2.1926,48.6159],[-2.1741,48.583],[-2.161,48.613],[-2.1243,48.6091],[-2.1448,48.6365],[-2.0524,48.6501],[-2.0009,48.5887],[-1.9803,48.5136],[-1.9394,48.534],[-1.9673,48.5471],[-1.9803,48.5887],[-1.953,48.575],[-2.0005,48.6013],[-2.0287,48.6433],[-1.9859,48.6879],[-1.9456,48.6986],[-1.8437,48.7121],[-1.8363,48.6911],[-1.861,48.6409],[-1.796,48.6159],[-1.5797,48.6433],[-1.3566,48.6433],[-1.3946,48.6683],[-1.4433,48.6628],[-1.5536,48.7471],[-1.5668,48.8222],[-1.6029,48.8494],[-1.5785,48.8626],[-1.5637,48.9221],[-1.5428,48.9352],[-1.5631,48.9576],[-1.5458,49.0303],[-1.508,49.0337],[-1.5497,49.0398],[-1.5795,49.0132],[-1.5936,49.029],[-1.5893,49.0821],[-1.6077,49.1027],[-1.5695,49.1435],[-1.5893,49.1435],[-1.6104,49.2159],[-1.5484,49.2255],[-1.6169,49.2382],[-1.6247,49.2193],[-1.6719,49.2801],[-1.6582,49.2875],[-1.6991,49.3135],[-1.7067,49.3292],[-1.6862,49.3354],[-1.6991,49.3559],[-1.7148,49.3385],[-1.7755,49.3701],[-1.768,49.3837],[-1.8165,49.3837],[-1.8194,49.4521],[-1.8847,49.5309],[-1.8437,49.5718],[-1.8395,49.6198],[-1.8695,49.6617],[-1.9456,49.678],[-1.9352,49.7241],[-1.8394,49.7154],[-1.8165,49.6916],[-1.6067,49.6501],[-1.5115,49.6625],[-1.4095,49.7116],[-1.2631,49.6955],[-1.2278,49.6241],[-1.264,49.5893],[-1.3014,49.5818],[-1.3063,49.5581],[-1.1757,49.4152],[-1.182,49.3562],[-1.1034,49.349],[-1.1064,49.3795],[-1.0723,49.3968],[-0.9404,49.3923],[-0.8221,49.3627],[-0.4111,49.3428],[-0.2195,49.2801],[-0.0338,49.3201],[0.1624,49.4152],[0.4113,49.4521],[0.4932,49.4936],[0.3396,49.4567],[0.1244,49.4858],[0.0786,49.5155],[0.1709,49.6916],[0.2359,49.7293],[0.5967,49.8572],[0.7609,49.8751],[1.2212,49.979],[1.4558,50.1236],[1.521,50.2147],[1.6725,50.1925],[1.6445,50.2124],[1.665,50.2198],[1.6255,50.2243],[1.5415,50.2779],[1.5515,50.3491],[1.572,50.3757],[1.6104,50.3707],[1.5552,50.4048],[1.5793,50.5331],[1.6104,50.5482],[1.5779,50.5886],[1.5632,50.6783],[1.6056,50.79],[1.5806,50.8688],[1.6533,50.8891],[1.7298,50.9439],[1.9214,50.9968],[2.5218,51.0875],[2.557,51.0012]],[[1.9995,42.4439],[1.968,42.4857],[1.9456,42.4638],[1.9606,42.4437],[1.9995,42.4439]]],[[[-2.269,46.6974],[-2.3714,46.7043],[-2.3829,46.7226],[-2.3372,46.7316],[-2.269,46.6974]]],[[[-2.1448,46.9575],[-2.1426,46.9099],[-2.1948,46.9619],[-2.2473,46.9643],[-2.2956,47.0332],[-2.2,47.0244],[-2.2001,46.9854],[-2.1448,46.9575]]],[[[-3.067,47.3019],[-3.2235,47.3122],[-3.2621,47.3832],[-3.243,47.3953],[-3.1147,47.3315],[-3.0727,47.3283],[-3.067,47.3019]]],[[[-5.0366,48.4726],[-5.088,48.4472],[-5.1328,48.4583],[-5.069,48.4851],[-5.0366,48.4726]]]]}},{"type":"Feature","properties":{"id":"EU-GB","zh":"英國","en":"United Kingdom","labelLng":-2.1163,"labelLat":54.4027},"geometry":{"type":"MultiPolygon","coordinates":[[[[-6.2973,49.9096],[-6.2988,49.9355],[-6.2842,49.9228],[-6.2973,49.9096]]],[[[-6.3489,49.9643],[-6.328,49.9566],[-6.3325,49.9417],[-6.3412,49.9448],[-6.3489,49.9643]]],[[[-7.0995,55.041],[-7.0172,55.0711],[-6.9749,55.1354],[-6.9626,55.1946],[-6.8838,55.1741],[-6.7545,55.1778],[-6.5713,55.2112],[-6.4759,55.2487],[-6.4159,55.2319],[-6.3529,55.2426],[-6.2398,55.2083],[-6.101,55.2124],[-6.0371,55.1679],[-6.0621,55.0741],[-5.9683,55.0439],[-5.9862,54.9818],[-5.8863,54.9408],[-5.821,54.8751],[-5.8005,54.8207],[-5.7156,54.7838],[-5.7976,54.8445],[-5.7817,54.8617],[-5.7516,54.8569],[-5.702,54.8247],[-5.6898,54.7931],[-5.6926,54.7652],[-5.7293,54.7285],[-5.8454,54.7012],[-5.8907,54.6723],[-5.9272,54.633],[-5.9074,54.6056],[-5.748,54.6804],[-5.5747,54.6801],[-5.5366,54.6575],[-5.5144,54.5979],[-5.4789,54.5695],[-5.4686,54.5163],[-5.4308,54.4852],[-5.4338,54.461],[-5.4643,54.4252],[-5.4612,54.3921],[-5.4891,54.3696],[-5.4748,54.3586],[-5.5158,54.3381],[-5.5766,54.4028],[-5.5437,54.4578],[-5.558,54.5119],[-5.6449,54.5678],[-5.702,54.5777],[-5.6974,54.5512],[-5.7156,54.5367],[-5.6256,54.5163],[-5.6703,54.5057],[-5.64,54.4958],[-5.6256,54.4411],[-5.6614,54.3796],[-5.7089,54.3518],[-5.5797,54.3837],[-5.5505,54.3654],[-5.553,54.2985],[-5.6558,54.2297],[-5.7369,54.2491],[-5.862,54.2305],[-5.8938,54.1047],[-6.0273,54.0402],[-6.0796,54.0346],[-6.1129,54.0439],[-6.085,54.057],[-6.1743,54.0743],[-6.1859,54.0927],[-6.3548,54.1107],[-6.3775,54.0633],[-6.4785,54.0677],[-6.6306,54.0418],[-6.6725,54.0684],[-6.6403,54.168],[-6.6947,54.198],[-6.7448,54.1842],[-6.7878,54.203],[-6.8377,54.2605],[-6.8822,54.2773],[-6.8567,54.2928],[-6.8797,54.3416],[-7.0178,54.4132],[-7.0785,54.3947],[-7.127,54.3498],[-7.1925,54.3347],[-7.1846,54.3166],[-7.209,54.2934],[-7.1459,54.2521],[-7.1533,54.2242],[-7.2491,54.1974],[-7.2611,54.1809],[-7.2458,54.167],[-7.28,54.1262],[-7.2974,54.1259],[-7.2955,54.1651],[-7.3332,54.1494],[-7.3103,54.1147],[-7.3947,54.1219],[-7.4258,54.137],[-7.4147,54.1457],[-7.5023,54.1251],[-7.609,54.1399],[-7.7048,54.2004],[-7.8564,54.2114],[-7.8803,54.287],[-7.9508,54.3009],[-8.0022,54.3579],[-8.0565,54.3659],[-8.1738,54.4617],[-8.0724,54.4871],[-8.0022,54.5434],[-7.8871,54.5321],[-7.7079,54.6042],[-7.7106,54.6243],[-7.7536,54.6145],[-7.815,54.6395],[-7.8464,54.6314],[-7.9066,54.6613],[-7.9071,54.6867],[-7.9297,54.6967],[-7.8459,54.731],[-7.7705,54.706],[-7.6497,54.7449],[-7.5431,54.7417],[-7.5434,54.7931],[-7.4551,54.863],[-7.4453,54.9322],[-7.4087,54.9511],[-7.4053,55.0036],[-7.367,55.0356],[-7.2471,55.0693],[-7.2567,55.0507],[-7.0995,55.041]]],[[[-6.1948,55.2629],[-6.188,55.284],[-6.2111,55.2953],[-6.2836,55.2971],[-6.1743,55.3039],[-6.1948,55.2629]]],[[[-6.0354,55.6785],[-6.1319,55.6318],[-6.2153,55.6267],[-6.227,55.6018],[-6.2873,55.5784],[-6.3112,55.5832],[-6.3192,55.6282],[-6.2432,55.6601],[-6.2771,55.704],[-6.3252,55.7154],[-6.25,55.7768],[-6.349,55.7734],[-6.3866,55.7223],[-6.463,55.6745],[-6.5035,55.6813],[-6.4897,55.7154],[-6.5039,55.7228],[-6.4486,55.7768],[-6.4822,55.7905],[-6.4452,55.8488],[-6.3314,55.89],[-6.3183,55.8867],[-6.3382,55.8458],[-6.3109,55.8184],[-6.3184,55.8449],[-6.297,55.8672],[-6.1401,55.9414],[-6.1202,55.9294],[-6.0992,55.801],[-6.0304,55.7291],[-6.0354,55.6785]]],[[[-6.8056,56.4969],[-6.8693,56.4796],[-6.8816,56.4443],[-6.9025,56.4438],[-6.9652,56.4599],[-6.9899,56.5036],[-6.7672,56.5486],[-6.7292,56.5303],[-6.8038,56.5136],[-6.8056,56.4969]]],[[[-6.5143,56.6274],[-6.6163,56.5752],[-6.6689,56.5778],[-6.6779,56.5583],[-6.7019,56.5856],[-6.5592,56.6653],[-6.4525,56.6884],[-6.5143,56.6274]]],[[[-7.4024,56.9834],[-7.4608,56.9432],[-7.5568,56.9531],[-7.5165,56.9812],[-7.5243,57.0102],[-7.4571,57.0316],[-7.4492,57.0586],[-7.4144,57.0449],[-7.435,57.0238],[-7.3735,56.9829],[-7.4024,56.9834]]],[[[-6.2432,57.0102],[-6.276,56.9531],[-6.3419,56.9419],[-6.4555,57.004],[-6.3642,57.0557],[-6.3252,57.0586],[-6.251,57.0266],[-6.2699,57.0176],[-6.2432,57.0102]]],[[[-6.4897,57.0586],[-6.5482,57.0476],[-6.6064,57.0517],[-6.5375,57.0728],[-6.4897,57.0586]]],[[[-7.1954,57.3056],[-7.2567,57.2367],[-7.353,57.2429],[-7.2711,57.2163],[-7.2577,57.1798],[-7.2711,57.1479],[-7.3076,57.1558],[-7.3462,57.1479],[-7.2773,57.1479],[-7.2159,57.1201],[-7.2391,57.1005],[-7.353,57.0996],[-7.3907,57.1291],[-7.4144,57.2163],[-7.4554,57.2367],[-7.3897,57.312],[-7.4281,57.3876],[-7.3629,57.4079],[-7.2636,57.3739],[-7.2984,57.3671],[-7.2226,57.3398],[-7.2504,57.3319],[-7.3711,57.3876],[-7.394,57.3808],[-7.3705,57.3551],[-7.1954,57.3056]]],[[[-7.3696,57.4893],[-7.2021,57.4626],[-7.2636,57.449],[-7.2054,57.4186],[-7.3183,57.408],[-7.4076,57.4456],[-7.3696,57.4893]]],[[[-7.0924,57.6115],[-7.2159,57.6414],[-7.1543,57.5873],[-7.106,57.593],[-7.15,57.5617],[-7.2363,57.5521],[-7.2567,57.5725],[-7.3121,57.5521],[-7.1339,57.5384],[-7.1575,57.5111],[-7.2363,57.5036],[-7.3147,57.5146],[-7.3462,57.5446],[-7.3183,57.5521],[-7.4424,57.5793],[-7.4709,57.5672],[-7.5448,57.593],[-7.4766,57.6619],[-7.3871,57.6619],[-7.4144,57.6483],[-7.3966,57.6353],[-7.3121,57.6885],[-7.3325,57.6619],[-7.2567,57.6483],[-7.2773,57.6619],[-7.1817,57.6885],[-7.1654,57.6699],[-7.1891,57.6551],[-7.0741,57.6464],[-7.0651,57.634],[-7.0924,57.6115]]],[[[-13.6904,57.5978],[-13.6886,57.5963],[-13.6913,57.5965],[-13.6904,57.5978]]],[[[-7.152,57.7263],[-7.2226,57.7097],[-7.1802,57.7347],[-7.152,57.7263]]],[[[-8.5909,57.8048],[-8.621,57.8332],[-8.5522,57.8189],[-8.5909,57.8048]]],[[[-7.0768,57.8907],[-7.0377,57.9163],[-6.9974,57.9151],[-7.0092,57.8896],[-7.0768,57.8907]]],[[[-6.9735,57.7333],[-7.1251,57.8369],[-7.097,57.838],[-7.0793,57.8127],[-6.9849,57.8649],[-6.9142,57.8679],[-6.9626,57.8947],[-6.9116,57.9106],[-6.8323,57.9021],[-6.8658,57.9213],[-6.8391,57.9356],[-7.0098,57.9553],[-7.1128,57.9902],[-7.0519,58.0114],[-7.0582,58.025],[-6.9346,58.0523],[-7.0582,58.0386],[-7.024,58.0523],[-7.0519,58.0585],[-7.024,58.0796],[-7.0756,58.0622],[-7.1128,58.1001],[-7.1234,58.1367],[-7.093,58.1684],[-7.1128,58.182],[-7.0172,58.1894],[-7.0539,58.2014],[-7.0502,58.2324],[-7.0309,58.2447],[-6.9073,58.2168],[-6.9371,58.211],[-6.8596,58.1069],[-6.8875,58.1684],[-6.8695,58.1894],[-6.7985,58.2024],[-6.7367,58.1684],[-6.7094,58.1894],[-6.7572,58.2304],[-6.7838,58.2304],[-6.8118,58.2646],[-6.7912,58.2714],[-6.8186,58.2851],[-6.7156,58.3397],[-6.5575,58.3686],[-6.2674,58.512],[-6.2054,58.4813],[-6.1669,58.4195],[-6.2153,58.3676],[-6.1675,58.3465],[-6.3179,58.2683],[-6.3183,58.2447],[-6.3661,58.2373],[-6.2709,58.2165],[-6.1507,58.2584],[-6.16,58.2168],[-6.2336,58.1843],[-6.4003,58.2099],[-6.3661,58.1621],[-6.373,58.1411],[-6.4897,58.1001],[-6.6194,58.0864],[-6.4071,58.1069],[-6.3661,58.0585],[-6.4003,58.0455],[-6.3524,58.0386],[-6.4245,58.0039],[-6.5449,58.0175],[-6.4555,57.9697],[-6.5076,57.936],[-6.5511,57.9431],[-6.5375,57.9213],[-6.5598,57.9152],[-6.6299,57.9567],[-6.6194,57.9151],[-6.6662,57.9339],[-6.7094,58.0039],[-6.6658,58.0447],[-6.592,58.0585],[-6.6883,58.0585],[-6.764,58.0039],[-6.674,57.9288],[-6.6957,57.9213],[-6.6678,57.9083],[-6.661,57.8803],[-6.787,57.8988],[-6.8056,57.8803],[-6.764,57.8679],[-6.7419,57.8315],[-6.7912,57.8258],[-6.7838,57.8127],[-6.8527,57.8332],[-6.8391,57.8127],[-6.8875,57.7848],[-6.8733,57.778],[-6.9735,57.7333]]],[[[-6.8862,58.2476],[-6.8186,58.2373],[-6.7912,58.2099],[-6.8733,58.2099],[-6.8596,58.223],[-6.8862,58.2476]]],[[[-4.6764,51.1931],[-4.664,51.1771],[-4.6705,51.1601],[-4.6785,51.1671],[-4.6764,51.1931]]],[[[-4.122,53.2419],[-4.1955,53.2203],[-4.222,53.1821],[-4.2801,53.155],[-4.3544,53.13],[-4.4128,53.1321],[-4.3851,53.1824],[-4.4476,53.1594],[-4.4954,53.1799],[-4.4996,53.2112],[-4.571,53.2755],[-4.5587,53.3633],[-4.571,53.3928],[-4.4254,53.4267],[-4.3247,53.4195],[-4.2767,53.401],[-4.2032,53.2985],[-4.122,53.3171],[-4.0429,53.3028],[-4.122,53.2419]]],[[[-4.5719,53.2395],[-4.6326,53.2829],[-4.6767,53.2851],[-4.694,53.3096],[-4.6189,53.3171],[-4.5585,53.2528],[-4.5719,53.2395]]],[[[-5.0782,55.4553],[-5.2174,55.438],[-5.3457,55.4827],[-5.3594,55.5305],[-5.3457,55.5503],[-5.3979,55.6142],[-5.3794,55.6681],[-5.2905,55.7086],[-5.2974,55.7228],[-5.1807,55.6949],[-5.146,55.655],[-5.126,55.6055],[-5.1374,55.592],[-5.0942,55.5666],[-5.0919,55.5441],[-5.1252,55.5369],[-5.1197,55.5236],[-5.0708,55.5093],[-5.093,55.5004],[-5.0782,55.4553]]],[[[-5.0094,55.7293],[-5.1156,55.7844],[-5.1995,55.9111],[-5.1669,55.9208],[-5.0809,55.8796],[-5.0381,55.8324],[-5.0115,55.7745],[-5.0298,55.7495],[-5.0094,55.7293]]],[[[-5.6893,56.1118],[-5.7402,56.0765],[-5.8863,55.8867],[-5.9454,55.8586],[-5.9621,55.8048],[-6.0624,55.8095],[-6.0869,55.883],[-6.0752,55.916],[-5.8863,55.9761],[-5.9807,55.9699],[-5.9956,55.986],[-5.9552,56.0347],[-5.7159,56.1531],[-5.6945,56.1474],[-5.6893,56.1118]]],[[[-6.1818,56.1195],[-6.1334,56.1126],[-6.1743,56.0438],[-6.2699,56.0375],[-6.2057,56.1027],[-6.1743,56.1064],[-6.1818,56.1195]]],[[[-5.7491,56.1611],[-5.6883,56.2021],[-5.6737,56.1789],[-5.7491,56.1611]]],[[[-5.6126,56.2635],[-5.6374,56.1893],[-5.6667,56.2225],[-5.6331,56.2635],[-5.6126,56.2635]]],[[[-5.5846,56.3256],[-5.599,56.2839],[-5.6217,56.2761],[-5.6467,56.2988],[-5.6208,56.3242],[-5.5846,56.3256]]],[[[-5.5028,56.4211],[-5.5846,56.387],[-5.558,56.4143],[-5.5028,56.4211]]],[[[-5.7174,56.3974],[-5.7423,56.4143],[-5.7839,56.3659],[-5.7122,56.3802],[-5.7027,56.3646],[-5.8087,56.3189],[-5.8801,56.3256],[-5.8535,56.3437],[-5.8727,56.3577],[-6.066,56.2892],[-6.2398,56.2839],[-6.2668,56.2635],[-6.3275,56.2772],[-6.3661,56.3222],[-6.3103,56.3474],[-6.2472,56.3117],[-6.2289,56.3256],[-6.25,56.3323],[-6.085,56.3529],[-6.0208,56.382],[-6.154,56.359],[-6.2032,56.3803],[-6.1265,56.4484],[-6.0098,56.4695],[-6.0167,56.5036],[-6.1274,56.4744],[-6.1743,56.5167],[-6.3382,56.5521],[-6.2904,56.572],[-6.3252,56.6061],[-6.2563,56.6203],[-6.2302,56.6086],[-6.2203,56.6323],[-6.1513,56.6518],[-6.0583,56.6402],[-6.0644,56.6203],[-6.0088,56.5987],[-5.9626,56.5261],[-5.7943,56.5167],[-5.6484,56.4477],[-5.6536,56.428],[-5.6883,56.4348],[-5.6576,56.4001],[-5.7174,56.3974]]],[[[-6.2637,56.4832],[-6.2153,56.5036],[-6.16,56.4695],[-6.2637,56.4832]]],[[[-5.9294,57.3072],[-5.9254,57.2917],[-5.9586,57.2845],[-6.0139,57.3175],[-5.9294,57.3072]]],[[[-6.696,57.3644],[-6.7838,57.4564],[-6.7224,57.4564],[-6.7471,57.4879],[-6.7263,57.5114],[-6.6068,57.4439],[-6.5995,57.4694],[-6.6306,57.5018],[-6.5641,57.5036],[-6.5994,57.5375],[-6.6548,57.5521],[-6.631,57.5768],[-6.6405,57.6073],[-6.4649,57.5125],[-6.4208,57.5179],[-6.4435,57.4881],[-6.4003,57.521],[-6.3109,57.4626],[-6.3246,57.4968],[-6.3896,57.5525],[-6.3599,57.593],[-6.4003,57.5998],[-6.4157,57.6458],[-6.3109,57.7028],[-6.1539,57.5895],[-6.1334,57.4763],[-6.147,57.4251],[-6.188,57.3944],[-6.1265,57.408],[-6.1352,57.3574],[-6.0992,57.3323],[-6.1539,57.3056],[-6.0454,57.3083],[-6.0781,57.2777],[-6.0085,57.2868],[-5.9232,57.2669],[-5.9006,57.2429],[-5.7679,57.2774],[-5.6474,57.2646],[-5.663,57.2127],[-5.6909,57.1895],[-5.7821,57.1662],[-5.8004,57.1237],[-5.9349,57.0412],[-6.0067,57.0284],[-6.0273,57.0622],[-5.9869,57.1182],[-5.9416,57.1548],[-5.8454,57.1883],[-5.9862,57.1746],[-6.044,57.2299],[-6.0235,57.1957],[-6.0886,57.1274],[-6.1129,57.1883],[-6.1645,57.2014],[-6.1772,57.1812],[-6.3183,57.161],[-6.2767,57.202],[-6.3456,57.1883],[-6.3798,57.2231],[-6.3456,57.2429],[-6.4082,57.2434],[-6.4822,57.3118],[-6.4164,57.3345],[-6.3109,57.2982],[-6.3239,57.3114],[-6.4062,57.3515],[-6.463,57.3466],[-6.4486,57.3603],[-6.4759,57.3671],[-6.463,57.3739],[-6.4759,57.4012],[-6.5238,57.3808],[-6.5306,57.4155],[-6.5715,57.3876],[-6.5641,57.3466],[-6.5806,57.3388],[-6.696,57.3644]]],[[[-6.0167,57.4626],[-6.0371,57.4899],[-5.9956,57.4899],[-6.0098,57.5111],[-5.9933,57.507],[-5.9825,57.4975],[-6.0176,57.4182],[-5.9895,57.3473],[-6.0719,57.3323],[-6.0691,57.4361],[-6.0167,57.4626]]],[[[-5.99,57.5329],[-5.9552,57.5725],[-5.9683,57.5179],[-5.99,57.5329]]],[[[-3.2993,58.7791],[-3.3788,58.8536],[-3.3788,58.8741],[-3.4302,58.8748],[-3.4163,58.9083],[-3.3371,58.9287],[-3.2461,58.8962],[-3.1727,58.8201],[-3.2484,58.7922],[-3.1317,58.8065],[-3.1563,58.7868],[-3.2993,58.7791]]],[[[-2.7065,58.9324],[-2.8393,58.8826],[-2.9268,58.9049],[-2.9812,58.9601],[-3.0238,58.9405],[-3.0845,58.943],[-3.0703,58.9287],[-3.118,58.9157],[-3.2028,58.9159],[-3.2385,58.9509],[-3.2074,59.0051],[-3.2279,59.0386],[-3.2458,59.0305],[-3.241,59.0113],[-3.2758,59.0113],[-3.257,58.9783],[-3.2894,58.9504],[-3.3533,58.9828],[-3.3667,59.0161],[-3.344,59.0528],[-3.3502,59.098],[-3.2793,59.1435],[-3.0845,59.128],[-3.0492,59.1081],[-3.0703,59.1013],[-2.9945,59.0597],[-3.0628,59.0495],[-3.1317,59.0051],[-3.0597,58.9914],[-3.012,59.0174],[-2.9744,58.9991],[-2.9331,59.0113],[-2.8784,58.9982],[-2.8854,58.9771],[-2.8647,58.9748],[-2.7806,58.9903],[-2.7819,58.9739],[-2.8376,58.9504],[-2.7948,58.9261],[-2.7754,58.9287],[-2.796,58.9567],[-2.7136,58.9669],[-2.7065,58.9324]]],[[[-1.0623,50.6928],[-1.1564,50.6508],[-1.1684,50.6035],[-1.2792,50.5825],[-1.486,50.6693],[-1.5695,50.658],[-1.5059,50.7077],[-1.4187,50.7338],[-1.4254,50.7201],[-1.4009,50.722],[-1.2958,50.7732],[-1.1091,50.7329],[-1.0623,50.6928]]],[[[-1.0207,50.7884],[-0.9599,50.8293],[-0.9388,50.781],[-1.0207,50.7884]]],[[[0.7751,51.3753],[0.7339,51.4122],[0.7539,51.4457],[0.8908,51.421],[0.9421,51.383],[0.9115,51.3644],[0.7751,51.3753]]],[[[-2.8587,51.5461],[-2.9433,51.5425],[-2.9747,51.563],[-3.1727,51.4531],[-3.1601,51.4318],[-3.1848,51.3976],[-3.2894,51.3842],[-3.5392,51.3985],[-3.6632,51.4762],[-3.7376,51.4909],[-3.7701,51.5633],[-3.8416,51.6215],[-3.9766,51.6119],[-3.9999,51.5909],[-3.9746,51.563],[-4.0265,51.554],[-4.1217,51.566],[-4.2006,51.5388],[-4.2899,51.5556],[-4.2899,51.617],[-4.2347,51.645],[-4.221,51.6238],[-4.0913,51.6399],[-4.0705,51.676],[-4.3153,51.6775],[-4.3793,51.7269],[-4.3105,51.7337],[-4.3625,51.7429],[-4.3651,51.789],[-4.3992,51.7616],[-4.4458,51.7733],[-4.4265,51.7473],[-4.4608,51.7358],[-4.6454,51.7321],[-4.6782,51.7174],[-4.7123,51.6501],[-4.8635,51.6441],[-4.941,51.5965],[-5.0458,51.6269],[-5.0512,51.6569],[-5.1197,51.6784],[-4.8448,51.7138],[-4.879,51.762],[-4.8243,51.7957],[-4.9336,51.7753],[-4.9005,51.7621],[-4.8921,51.7394],[-4.9106,51.7182],[-5.1492,51.7181],[-5.1829,51.6893],[-5.1807,51.7064],[-5.2495,51.7337],[-5.1103,51.7785],[-5.1259,51.856],[-5.2216,51.8777],[-5.3109,51.864],[-5.2905,51.892],[-5.2983,51.911],[-5.1195,51.9589],[-5.088,51.976],[-5.0702,52.0264],[-4.9617,52.0075],[-4.9137,52.0148],[-4.9205,52.0285],[-4.8414,52.0148],[-4.838,52.049],[-4.7776,52.0649],[-4.7203,52.1133],[-4.6735,52.0974],[-4.6757,52.1269],[-4.6375,52.1385],[-4.5023,52.1384],[-4.3856,52.2034],[-4.3158,52.2163],[-4.1971,52.2793],[-4.1096,52.3653],[-4.0565,52.4879],[-4.0565,52.5294],[-4.0162,52.522],[-3.9473,52.5493],[-4.0531,52.5424],[-4.1255,52.6039],[-4.1059,52.6535],[-4.0565,52.7007],[-3.9883,52.7343],[-4.0488,52.7216],[-4.149,52.8121],[-4.1173,52.8308],[-4.1299,52.8892],[-4.064,52.9192],[-4.0776,52.9267],[-4.4066,52.8925],[-4.4817,52.8509],[-4.501,52.8268],[-4.4891,52.8032],[-4.5165,52.7895],[-4.5946,52.8168],[-4.7628,52.7895],[-4.7349,52.8305],[-4.5961,52.9284],[-4.524,52.9442],[-4.3582,53.0285],[-4.3409,53.1127],[-4.3207,53.1015],[-4.178,53.2176],[-3.8313,53.2891],[-3.8784,53.3376],[-3.7689,53.3192],[-3.7163,53.2869],[-3.6022,53.2889],[-3.3303,53.3518],[-3.0878,53.2347],[-3.0845,53.2755],[-3.1864,53.3928],[-3.0583,53.4348],[-3.0122,53.4167],[-2.953,53.3239],[-2.8815,53.2884],[-2.7755,53.2999],[-2.7481,53.3096],[-2.7432,53.3385],[-2.6998,53.3518],[-2.7644,53.3452],[-2.7998,53.321],[-2.925,53.35],[-2.9808,53.3928],[-3.1019,53.5581],[-3.0218,53.6528],[-2.899,53.7354],[-2.9849,53.7361],[-3.0492,53.7695],[-3.0566,53.9062],[-3.0176,53.932],[-2.8885,53.946],[-2.858,53.9676],[-2.8693,53.9788],[-2.8301,54.016],[-2.8955,54.0023],[-2.9182,54.0343],[-2.796,54.1252],[-2.8542,54.1941],[-2.8103,54.2119],[-2.796,54.2487],[-2.9392,54.1551],[-2.9977,54.1596],[-3.0154,54.2119],[-3.0492,54.2221],[-3.061,54.1619],[-3.1453,54.1],[-3.1454,54.0638],[-3.241,54.1121],[-3.2331,54.1592],[-3.2484,54.1737],[-3.2152,54.1798],[-3.2074,54.263],[-3.2314,54.2472],[-3.2322,54.2025],[-3.3068,54.1919],[-3.4074,54.2777],[-3.4134,54.343],[-3.6342,54.5129],[-3.5092,54.7217],[-3.4396,54.7615],[-3.4402,54.7974],[-3.3879,54.8834],[-3.345,54.9025],[-3.3065,54.8862],[-3.2546,54.8998],[-3.3173,54.9203],[-3.2765,54.9434],[-3.2136,54.9544],[-3.1228,54.9327],[-3.0218,54.9544],[-3.0907,54.9544],[-3.0218,54.9755],[-3.501,54.9925],[-3.526,54.9771],[-3.5705,54.9954],[-3.5817,54.8836],[-3.7176,54.8808],[-3.7392,54.8598],[-3.8124,54.8552],[-3.8313,54.8663],[-3.8101,54.8725],[-3.817,54.8862],[-3.8579,54.8445],[-3.8238,54.8247],[-4.0117,54.7682],[-4.0558,54.7825],[-4.0477,54.8131],[-4.064,54.8315],[-4.0901,54.8098],[-4.0839,54.7769],[-4.123,54.773],[-4.2091,54.8262],[-4.2006,54.8663],[-4.2707,54.8394],[-4.3569,54.8655],[-4.4029,54.9073],[-4.4265,54.8695],[-4.4172,54.8459],[-4.3445,54.7945],[-4.3581,54.771],[-4.3439,54.7564],[-4.3481,54.702],[-4.3824,54.6801],[-4.4967,54.7006],[-4.5967,54.7753],[-4.7811,54.8331],[-4.7996,54.8613],[-4.8591,54.8663],[-4.9548,54.8048],[-4.896,54.7045],[-4.8673,54.6901],[-4.8591,54.633],[-4.9537,54.6597],[-4.9547,54.7285],[-4.9882,54.7353],[-5.0033,54.7713],[-5.1571,54.8791],[-5.1807,54.9544],[-5.1708,55.0087],[-5.1151,55.0316],[-5.0695,54.986],[-5.0609,54.9311],[-5.031,54.9113],[-4.9956,54.9203],[-4.9882,54.9346],[-5.0503,55.0268],[-5.0078,55.1412],[-4.8673,55.2225],[-4.8325,55.3311],[-4.7731,55.3694],[-4.7493,55.4138],[-4.6505,55.4485],[-4.6178,55.4956],[-4.6508,55.5371],[-4.6872,55.5441],[-4.6662,55.5622],[-4.6927,55.6052],[-4.8181,55.6372],[-4.8106,55.654],[-4.9205,55.7086],[-4.8611,55.7567],[-4.8865,55.9197],[-4.7994,55.9579],[-4.6725,55.9338],[-4.4817,55.9283],[-4.6735,55.9619],[-4.7834,56.0176],[-4.8243,56.0785],[-4.8443,56.073],[-4.8376,56.0506],[-4.7789,55.9921],[-4.8516,55.988],[-4.8654,56.0667],[-4.7555,56.2065],[-4.8517,56.1126],[-4.8806,56.1199],[-4.8935,56.1743],[-4.9205,56.1679],[-4.8862,56.0804],[-4.9044,56.0543],[-4.8926,55.9897],[-4.9547,55.9966],[-4.9137,55.9619],[-4.9831,55.871],[-5.0425,55.8848],[-5.0708,55.9587],[-5.1236,56.0099],[-5.1396,56.0028],[-5.0857,55.9319],[-5.0865,55.9013],[-5.1715,55.9355],[-5.1807,55.9693],[-5.2421,55.8929],[-5.2011,55.8315],[-5.2967,55.8527],[-5.3383,55.9038],[-5.324,55.9587],[-5.3383,55.9966],[-5.2045,56.1195],[-5.1046,56.1515],[-5.0434,56.2163],[-4.9401,56.2514],[-4.9205,56.2778],[-5.0646,56.2293],[-5.1089,56.1747],[-5.2281,56.1292],[-5.3109,56.0581],[-5.3457,56.0512],[-5.3686,56.0094],[-5.4338,56.0102],[-5.4444,56.0276],[-5.455,55.9556],[-5.4308,55.9482],[-5.4004,55.8929],[-5.3929,55.8737],[-5.4072,55.8663],[-5.3518,55.8324],[-5.3178,55.783],[-5.4335,55.721],[-5.4901,55.6446],[-5.4839,55.6101],[-5.455,55.5919],[-5.4888,55.5691],[-5.511,55.4844],[-5.5846,55.4274],[-5.5437,55.4069],[-5.515,55.3737],[-5.5251,55.3586],[-5.6163,55.3066],[-5.7545,55.2973],[-5.7829,55.3135],[-5.7914,55.3986],[-5.7156,55.4479],[-5.7078,55.5434],[-5.7218,55.5646],[-5.6733,55.6406],[-5.6809,55.6745],[-5.6265,55.7006],[-5.5812,55.7576],[-5.5046,55.7894],[-5.455,55.8458],[-5.5994,55.7642],[-5.6604,55.7973],[-5.6741,55.8458],[-5.571,55.9345],[-5.6717,55.8869],[-5.6964,55.916],[-5.571,56.0375],[-5.6256,56.0245],[-5.6908,55.9376],[-5.7075,55.9426],[-5.6964,55.9822],[-5.5775,56.097],[-5.5316,56.0863],[-5.5587,56.1308],[-5.5096,56.1884],[-5.6058,56.14],[-5.5505,56.2163],[-5.5594,56.2296],[-5.4928,56.2604],[-5.5127,56.2709],[-5.5922,56.2498],[-5.5726,56.3281],[-5.5437,56.3529],[-5.4481,56.3597],[-5.5375,56.3597],[-5.457,56.4409],[-5.2087,56.4468],[-5.1185,56.5078],[-5.0646,56.5651],[-5.2011,56.4621],[-5.3502,56.473],[-5.3781,56.459],[-5.4106,56.5036],[-5.4686,56.4757],[-5.4276,56.5378],[-5.3567,56.5197],[-5.2421,56.5651],[-5.3724,56.5303],[-5.4139,56.5447],[-5.2985,56.6464],[-5.3178,56.6613],[-4.9956,56.716],[-5.1606,56.6959],[-5.2383,56.7166],[-5.1197,56.8184],[-5.2335,56.7607],[-5.2685,56.7131],[-5.4344,56.6429],[-5.6741,56.4969],[-5.7703,56.5378],[-5.7491,56.572],[-5.7939,56.5433],[-5.8544,56.5505],[-6.0034,56.6187],[-6.0082,56.6423],[-5.9336,56.6547],[-5.8392,56.6265],[-5.8658,56.6613],[-5.76,56.7008],[-5.6474,56.6812],[-5.5437,56.6955],[-5.6365,56.6887],[-5.75,56.7145],[-5.8968,56.6751],[-6.0986,56.697],[-6.1617,56.6782],[-6.2228,56.6955],[-6.2345,56.7286],[-6.1805,56.7546],[-6.027,56.7637],[-5.9652,56.7849],[-5.8522,56.747],[-5.8863,56.7849],[-5.7567,56.7849],[-5.8317,56.8054],[-5.8512,56.8289],[-5.7339,56.8448],[-5.6604,56.873],[-5.7445,56.8542],[-5.7839,56.8599],[-5.7355,56.8941],[-5.9211,56.8941],[-5.8522,56.9003],[-5.8801,56.922],[-5.8317,56.9971],[-5.7552,57.0266],[-5.6586,56.9795],[-5.5713,56.9838],[-5.5233,57.004],[-5.6288,56.9919],[-5.6855,57.0096],[-5.68,57.0362],[-5.702,57.0449],[-5.7802,57.0517],[-5.7911,57.0593],[-5.7762,57.0758],[-5.7156,57.1201],[-5.6459,57.1295],[-5.5583,57.1004],[-5.4004,57.1064],[-5.42,57.1207],[-5.5406,57.1064],[-5.6809,57.1579],[-5.6256,57.2163],[-5.6442,57.2332],[-5.5782,57.2668],[-5.5437,57.2709],[-5.4463,57.223],[-5.4072,57.2299],[-5.5019,57.2777],[-5.4407,57.3193],[-5.465,57.3249],[-5.5784,57.2777],[-5.7206,57.2845],[-5.7293,57.2982],[-5.6544,57.3539],[-5.6132,57.342],[-5.5013,57.371],[-5.4567,57.3935],[-5.4481,57.4217],[-5.5635,57.3631],[-5.64,57.3739],[-5.6071,57.3891],[-5.6196,57.4167],[-5.7072,57.3598],[-5.8078,57.3549],[-5.8249,57.3944],[-5.8112,57.4422],[-5.859,57.4527],[-5.8727,57.4937],[-5.8471,57.5589],[-5.8317,57.5588],[-5.8392,57.5793],[-5.8036,57.5814],[-5.64,57.5111],[-5.6536,57.5316],[-5.5127,57.5415],[-5.5884,57.561],[-5.6604,57.5446],[-5.6945,57.5663],[-5.6809,57.5793],[-5.7142,57.5827],[-5.7628,57.634],[-5.8059,57.6426],[-5.7908,57.696],[-5.7345,57.708],[-5.6925,57.6911],[-5.6741,57.7097],[-5.8038,57.7438],[-5.8112,57.8332],[-5.7765,57.8679],[-5.6986,57.8691],[-5.6741,57.8605],[-5.6604,57.7922],[-5.6058,57.7705],[-5.6256,57.7922],[-5.5846,57.7848],[-5.5853,57.8314],[-5.6536,57.8947],[-5.6126,57.9288],[-5.5505,57.9151],[-5.5563,57.8878],[-5.487,57.8559],[-5.455,57.8537],[-5.4149,57.9081],[-5.2216,57.8469],[-5.3929,57.9182],[-5.3929,57.9356],[-5.3662,57.9431],[-5.2974,57.9083],[-5.1988,57.8978],[-5.0708,57.8332],[-5.0972,57.8709],[-5.2216,57.9213],[-5.194,57.936],[-5.2045,57.9602],[-5.2926,57.9806],[-5.3669,58.0289],[-5.4276,58.0312],[-5.4139,58.0523],[-5.447,58.0844],[-5.4281,58.098],[-5.39,58.0922],[-5.3662,58.066],[-5.3008,58.0701],[-5.2768,58.0864],[-5.2905,58.1206],[-5.2768,58.1274],[-5.2974,58.1348],[-5.2421,58.1479],[-5.3315,58.182],[-5.324,58.2031],[-5.3929,58.2447],[-5.3921,58.2614],[-5.2939,58.2409],[-5.2161,58.2614],[-5.1732,58.2509],[-5.1294,58.2714],[-4.9336,58.223],[-4.982,58.2509],[-4.9267,58.2646],[-5.0501,58.2599],[-5.1362,58.3056],[-5.1732,58.3539],[-5.1533,58.3539],[-5.1629,58.3745],[-5.1431,58.4148],[-5.0162,58.3881],[-5.057,58.4222],[-5.0981,58.4148],[-5.085,58.429],[-5.1055,58.4365],[-5.0501,58.4538],[-4.9956,58.4365],[-5.1055,58.4874],[-5.1056,58.5056],[-5.028,58.5441],[-4.9882,58.6283],[-4.8359,58.605],[-4.8038,58.5594],[-4.8181,58.5246],[-4.7918,58.5417],[-4.7765,58.6072],[-4.66,58.5559],[-4.761,58.448],[-4.6121,58.5246],[-4.585,58.5742],[-4.5175,58.5755],[-4.4265,58.5464],[-4.4265,58.5246],[-4.4954,58.4495],[-4.3439,58.5389],[-4.307,58.5464],[-4.2347,58.5246],[-4.2489,58.532],[-4.221,58.5519],[-4.0815,58.5618],[-4.029,58.5952],[-4.0038,58.5706],[-3.8957,58.5656],[-3.5976,58.6271],[-3.5426,58.6208],[-3.5563,58.614],[-3.5321,58.6021],[-3.447,58.614],[-3.3641,58.6008],[-3.3508,58.6208],[-3.4129,58.6556],[-3.3749,58.6771],[-3.3406,58.6481],[-3.2041,58.6611],[-3.1519,58.6413],[-3.0191,58.6403],[-3.0492,58.5867],[-3.1293,58.5126],[-3.1187,58.4844],[-3.0644,58.483],[-3.0533,58.4658],[-3.1298,58.3693],[-3.2205,58.3056],[-3.385,58.2646],[-3.5153,58.1684],[-3.8092,58.0519],[-3.8517,58.0039],[-3.991,57.9604],[-4.0019,57.9356],[-4.0844,57.9642],[-4.0776,57.9431],[-4.0162,57.9322],[-3.9883,57.9083],[-4.0093,57.8679],[-4.0702,57.8742],[-4.105,57.8537],[-4.2182,57.8742],[-4.2989,57.8628],[-4.3924,57.9083],[-4.3077,57.8515],[-4.2082,57.8592],[-4.1497,57.8298],[-4.1335,57.8301],[-4.1391,57.8469],[-4.0399,57.8182],[-3.9835,57.8424],[-3.9148,57.8077],[-3.7985,57.8665],[-3.7794,57.8557],[-3.79,57.8307],[-3.9883,57.696],[-4.0237,57.6978],[-4.0162,57.7233],[-4.043,57.7373],[-4.1686,57.6894],[-4.2948,57.6802],[-4.4285,57.5775],[-4.2019,57.675],[-4.0968,57.6581],[-4.0093,57.6885],[-4.0253,57.6552],[-4.1186,57.593],[-4.105,57.5793],[-4.1706,57.5707],[-4.1849,57.5482],[-4.2626,57.5521],[-4.208,57.5384],[-4.2489,57.4975],[-4.1948,57.4916],[-4.035,57.5569],[-4.0839,57.5861],[-3.8375,57.593],[-3.6252,57.6619],[-3.6456,57.6414],[-3.591,57.6414],[-3.6116,57.6681],[-3.5358,57.6619],[-3.5054,57.6787],[-3.4919,57.7131],[-3.4092,57.7233],[-3.2847,57.7204],[-3.0349,57.6686],[-2.9161,57.7028],[-2.6589,57.6975],[-2.4329,57.6681],[-2.329,57.6741],[-2.2956,57.696],[-2.21,57.6755],[-2.1081,57.705],[-1.9977,57.7028],[-1.9735,57.6755],[-1.9325,57.6824],[-1.8295,57.6135],[-1.8,57.5259],[-1.7611,57.4975],[-1.7812,57.4804],[-1.7593,57.4736],[-1.85,57.3944],[-1.9803,57.3193],[-2.0685,57.1746],[-2.0714,57.1356],[-2.0493,57.1188],[-2.1869,56.9847],[-2.2001,56.9487],[-2.1864,56.9145],[-2.3198,56.8016],[-2.4264,56.7513],[-2.4875,56.6539],[-2.4806,56.6265],[-2.5146,56.5915],[-2.6998,56.5036],[-2.7277,56.4695],[-3.0606,56.4517],[-3.2382,56.3677],[-3.3235,56.3659],[-3.2306,56.356],[-2.885,56.458],[-2.8028,56.428],[-2.8083,56.3911],[-2.8376,56.3659],[-2.813,56.3659],[-2.8028,56.3454],[-2.6553,56.3222],[-2.5768,56.2778],[-2.6483,56.2287],[-2.7836,56.192],[-2.9643,56.2056],[-3.1276,56.1229],[-3.1636,56.0639],[-3.3427,56.0272],[-3.6715,56.0508],[-3.817,56.1123],[-3.8375,56.1064],[-3.7609,56.0725],[-3.7214,56.0307],[-3.6562,56.0102],[-3.331,55.9941],[-3.3035,55.9776],[-3.1218,55.9693],[-3.0782,55.9468],[-2.9399,55.9693],[-2.858,56.0102],[-2.871,56.0307],[-2.8232,56.0598],[-2.6351,56.0581],[-2.5694,56.0245],[-2.5836,56.0028],[-2.5079,56.0102],[-2.3078,55.935],[-2.138,55.9146],[-2.1288,55.8898],[-2.0802,55.8694],[-1.8165,55.6329],[-1.7814,55.6457],[-1.7477,55.6192],[-1.768,55.613],[-1.6991,55.613],[-1.6308,55.5851],[-1.6172,55.5503],[-1.6308,55.5373],[-1.6029,55.5236],[-1.6113,55.508],[-1.585,55.4837],[-1.5893,55.3765],[-1.5558,55.3113],[-1.5682,55.2796],[-1.508,55.1946],[-1.5179,55.1571],[-1.4129,55.0003],[-1.3627,54.9648],[-1.3558,54.9043],[-1.2755,54.7484],[-1.1722,54.7012],[-1.1925,54.6893],[-1.1647,54.6528],[-1.2037,54.6257],[-1.1527,54.6132],[-1.1381,54.6466],[-1.1036,54.6247],[-0.7879,54.5608],[-0.563,54.4774],[-0.5229,54.4471],[-0.5204,54.4201],[-0.4477,54.3732],[-0.3705,54.2477],[-0.2771,54.2178],[-0.2339,54.1605],[-0.0755,54.1121],[-0.1639,54.0834],[-0.2195,54.0228],[-0.1511,53.8993],[0.1335,53.6426],[0.1493,53.6096],[0.1312,53.5734],[0.1096,53.5629],[0.136,53.6107],[0.1202,53.6181],[0.0345,53.6461],[-0.0923,53.631],[-0.2604,53.7354],[-0.5444,53.7095],[-0.637,53.732],[-0.7265,53.7006],[-0.6925,53.687],[-0.6195,53.7119],[-0.5299,53.6777],[-0.2794,53.7071],[-0.1886,53.6204],[0.1519,53.4758],[0.1758,53.4377],[0.2195,53.4195],[0.3421,53.2263],[0.3566,53.1457],[0.3298,53.0865],[0.1608,53.009],[0.0821,52.9387],[0.0221,52.9126],[0.0103,52.8865],[0.1056,52.8893],[0.1709,52.8621],[0.2468,52.7957],[0.3255,52.8032],[0.3845,52.7684],[0.3792,52.7908],[0.4386,52.8407],[0.4857,52.9335],[0.5696,52.9693],[0.6847,52.9864],[0.9684,52.9475],[1.0139,52.9602],[0.9661,52.9744],[1.2747,52.9292],[1.6442,52.7758],[1.697,52.731],[1.7472,52.6252],[1.7476,52.5328],[1.7712,52.4859],[1.6836,52.3245],[1.6305,52.2705],[1.6309,52.1998],[1.5823,52.0815],[1.472,52.0562],[1.3323,51.9401],[1.2644,51.9944],[1.1579,52.0285],[1.2144,51.9914],[1.2708,51.9815],[1.2744,51.9609],[1.0691,51.9534],[1.282,51.9466],[1.2785,51.9279],[1.1996,51.8777],[1.2644,51.864],[1.2866,51.8817],[1.2764,51.8448],[1.1678,51.7902],[1.0654,51.7753],[1.0373,51.7822],[0.9798,51.8436],[0.9621,51.8138],[0.887,51.7821],[0.8737,51.7473],[0.6986,51.72],[0.7608,51.6927],[0.93,51.7436],[0.9518,51.6784],[0.9115,51.6238],[0.9518,51.617],[0.9245,51.5883],[0.7713,51.5283],[0.6506,51.5358],[0.5689,51.5084],[0.4561,51.5056],[0.4285,51.4671],[0.3845,51.4531],[0.5348,51.4917],[0.6948,51.477],[0.7232,51.4467],[0.641,51.4442],[0.5545,51.4122],[0.5859,51.3911],[0.7129,51.3842],[0.7004,51.4098],[0.7264,51.419],[0.7644,51.3644],[0.9772,51.3492],[1.1009,51.3732],[1.4483,51.3829],[1.4251,51.333],[1.3776,51.3262],[1.4131,51.2217],[1.3845,51.1517],[1.1921,51.0826],[1.0669,51.0644],[0.9665,50.9827],[0.9798,50.9182],[0.7625,50.9309],[0.6242,50.8587],[0.3652,50.819],[0.271,50.7474],[0.1221,50.7608],[-0.1732,50.829],[-0.2697,50.8313],[-0.3976,50.8021],[-0.7582,50.7771],[-0.7899,50.73],[-0.9041,50.7719],[-0.9059,50.788],[-0.8636,50.8083],[-0.9289,50.8228],[-0.919,50.8362],[-0.9392,50.8432],[-1.0207,50.8437],[-1.0562,50.783],[-1.0828,50.781],[-1.103,50.7955],[-1.0692,50.8437],[-1.1647,50.8437],[-1.1238,50.8188],[-1.1249,50.7887],[-1.1511,50.7814],[-1.4664,50.9182],[-1.3231,50.8258],[-1.3173,50.8002],[-1.5247,50.7611],[-1.5612,50.719],[-1.693,50.7399],[-1.7717,50.7201],[-1.8574,50.727],[-1.94,50.6908],[-1.9493,50.7133],[-2.022,50.7201],[-2.039,50.7399],[-2.0827,50.699],[-2.0356,50.7133],[-2.0025,50.6813],[-1.9528,50.6766],[-1.953,50.6518],[-1.9325,50.6444],[-1.9652,50.6022],[-2.0652,50.5955],[-2.3983,50.6456],[-2.4359,50.6375],[-2.4601,50.6065],[-2.4656,50.5852],[-2.4287,50.5576],[-2.4534,50.5277],[-2.4835,50.5904],[-2.6929,50.6928],[-2.8648,50.7338],[-3.2598,50.6745],[-3.2956,50.6375],[-3.3682,50.6171],[-3.421,50.6295],[-3.4644,50.6785],[-3.4333,50.6103],[-3.506,50.5208],[-3.4875,50.4594],[-3.5321,50.4548],[-3.5563,50.4321],[-3.5493,50.4156],[-3.4875,50.4048],[-3.5269,50.3498],[-3.5705,50.3564],[-3.5778,50.3341],[-3.632,50.3123],[-3.6456,50.226],[-3.6606,50.221],[-3.789,50.2124],[-3.961,50.3223],[-4.0544,50.3004],[-4.064,50.3223],[-4.1083,50.3366],[-4.105,50.3707],[-4.1715,50.3828],[-4.1915,50.4176],[-4.1595,50.4594],[-4.2006,50.4594],[-4.2347,50.4383],[-4.2161,50.4157],[-4.2285,50.3974],[-4.2899,50.3974],[-4.1938,50.3769],[-4.2285,50.3707],[-4.18,50.3564],[-4.1938,50.3223],[-4.2523,50.3564],[-4.3377,50.3707],[-4.4954,50.3284],[-4.6735,50.3154],[-4.6943,50.3435],[-4.7633,50.3221],[-4.7554,50.3017],[-4.8002,50.2296],[-4.8497,50.2346],[-4.9473,50.1994],[-5.0024,50.1441],[-5.0204,50.192],[-5.053,50.1958],[-5.0646,50.1584],[-5.0434,50.1441],[-5.126,50.0963],[-5.0708,50.0895],[-5.0565,50.0606],[-5.0981,50.0144],[-5.1465,50.0106],[-5.1912,49.9591],[-5.2452,49.9931],[-5.2527,50.0278],[-5.3044,50.0803],[-5.4748,50.1304],[-5.5409,50.1135],[-5.5347,50.0823],[-5.5635,50.0596],[-5.7051,50.0523],[-5.7156,50.0827],[-5.6944,50.0958],[-5.7092,50.1326],[-5.6846,50.1615],[-5.511,50.2195],[-5.438,50.1943],[-5.3876,50.2403],[-5.3148,50.2536],[-5.1499,50.3502],[-5.1537,50.3995],[-5.0503,50.4287],[-5.0156,50.538],[-4.9473,50.5624],[-4.9336,50.5202],[-4.8448,50.5141],[-4.9219,50.5549],[-4.9205,50.5892],[-4.7925,50.5952],[-4.7493,50.6444],[-4.7519,50.6701],[-4.6573,50.7111],[-4.5773,50.7747],[-4.5501,50.8096],[-4.5549,50.8978],[-4.5227,50.9727],[-4.5264,51.015],[-4.3377,50.9966],[-4.208,51.0764],[-4.2558,51.1515],[-4.2148,51.1515],[-4.2285,51.1925],[-3.7692,51.2477],[-3.4342,51.2098],[-3.385,51.1862],[-3.0293,51.2204],[-3.0218,51.1925],[-2.9996,51.2332],[-3.0218,51.3228],[-2.9922,51.3219],[-2.9596,51.3743],[-2.9747,51.3842],[-2.921,51.3944],[-2.7986,51.4826],[-2.6962,51.5126],[-2.5564,51.6592],[-2.465,51.7259],[-2.3885,51.7504],[-2.3834,51.7733],[-2.3981,51.7821],[-2.4204,51.7531],[-2.4821,51.7429],[-2.7131,51.5866],[-2.8587,51.5461]]],[[[-2.9194,58.8065],[-2.911,58.7487],[-2.9399,58.7307],[-2.9878,58.7574],[-2.9744,58.772],[-3.0157,58.8126],[-2.9672,58.8201],[-3.0356,58.8263],[-2.8837,58.8322],[-2.9194,58.8065]]],[[[-2.5973,59.0733],[-2.6144,59.1072],[-2.6518,59.1013],[-2.6492,59.0855],[-2.6861,59.0892],[-2.6178,59.128],[-2.6655,59.1552],[-2.6116,59.1614],[-2.6178,59.1484],[-2.5901,59.1489],[-2.5694,59.1422],[-2.5929,59.1386],[-2.5836,59.1206],[-2.5353,59.128],[-2.5485,59.109],[-2.5148,59.0938],[-2.5973,59.0733]]],[[[-3.1024,59.1903],[-3.0492,59.1968],[-2.9525,59.1782],[-2.9772,59.1634],[-2.9752,59.1338],[-3.0364,59.1291],[-3.1147,59.1584],[-3.1024,59.1903]]],[[[-2.786,59.1968],[-2.7775,59.2529],[-2.7342,59.2333],[-2.7611,59.1931],[-2.7589,59.1642],[-2.7345,59.1484],[-2.7814,59.1414],[-2.8301,59.1758],[-2.8301,59.1968],[-2.786,59.1968]]],[[[-2.4398,59.2842],[-2.5045,59.2334],[-2.5163,59.2521],[-2.5768,59.2242],[-2.5694,59.2446],[-2.6042,59.2446],[-2.6926,59.1923],[-2.688,59.218],[-2.5956,59.2648],[-2.6116,59.293],[-2.5221,59.3067],[-2.5768,59.2713],[-2.5632,59.2651],[-2.4049,59.3164],[-2.3925,59.2855],[-2.4398,59.2842]]],[[[-3.0243,59.3304],[-2.9652,59.3609],[-2.9467,59.3539],[-2.9604,59.3266],[-2.9878,59.3198],[-2.8955,59.303],[-2.8301,59.2521],[-2.8854,59.2304],[-2.871,59.2583],[-2.9474,59.2912],[-2.9747,59.293],[-2.9604,59.2713],[-3.0082,59.2713],[-3.0771,59.3341],[-3.0243,59.3304]]],[[[-1.5839,59.5537],[-1.6081,59.5473],[-1.5968,59.532],[-1.6455,59.5141],[-1.6437,59.5456],[-1.5839,59.5537]]],[[[-1.3336,60.0436],[-1.3346,60.0763],[-1.3539,60.0512],[-1.3699,60.0491],[-1.338,60.0935],[-1.3457,60.109],[-1.3158,60.1155],[-1.3234,60.0882],[-1.3048,60.0866],[-1.3336,60.0436]]],[[[-2.1123,60.138],[-2.0647,60.1573],[-2.0481,60.1292],[-2.063,60.118],[-2.1123,60.138]]],[[[-1.0738,60.1077],[-1.1222,60.1231],[-1.1193,60.1556],[-1.1349,60.1787],[-1.0795,60.1883],[-1.0699,60.1642],[-1.0505,60.1696],[-1.0738,60.1077]]],[[[-1.1193,60.3913],[-1.1175,60.3739],[-1.0683,60.3963],[-1.0704,60.3595],[-1.1722,60.3476],[-1.0753,60.3209],[-1.1379,60.2907],[-1.1343,60.2756],[-1.0898,60.2725],[-1.1479,60.2488],[-1.1926,60.2725],[-1.1852,60.2452],[-1.2194,60.2383],[-1.179,60.2322],[-1.1995,60.2043],[-1.1579,60.2247],[-1.1926,60.1763],[-1.1551,60.1926],[-1.1579,60.1701],[-1.1238,60.1496],[-1.1995,60.1291],[-1.1898,60.1133],[-1.2132,60.1074],[-1.1852,60.0944],[-1.2023,60.0831],[-1.1929,60.0698],[-1.1647,60.0602],[-1.1852,60.0383],[-1.2194,60.0397],[-1.2012,59.9864],[-1.2473,59.9975],[-1.2452,59.9558],[-1.2746,59.9299],[-1.261,59.8664],[-1.2746,59.8542],[-1.295,59.8747],[-1.3111,59.8655],[-1.3014,59.8889],[-1.376,59.9086],[-1.3557,59.9455],[-1.323,59.951],[-1.3497,59.9777],[-1.323,59.9777],[-1.3287,59.9955],[-1.2626,60.1151],[-1.2889,60.1558],[-1.2694,60.1855],[-1.3124,60.1807],[-1.2677,60.2452],[-1.3293,60.2043],[-1.3577,60.2443],[-1.4111,60.2589],[-1.3497,60.2111],[-1.3566,60.1968],[-1.3981,60.2111],[-1.4046,60.1795],[-1.4187,60.1906],[-1.4554,60.1562],[-1.5273,60.1929],[-1.4664,60.2172],[-1.5037,60.2434],[-1.5251,60.2123],[-1.5482,60.2297],[-1.6247,60.2172],[-1.6697,60.2396],[-1.6902,60.2851],[-1.6387,60.3115],[-1.5484,60.293],[-1.5558,60.3066],[-1.4814,60.3165],[-1.4664,60.2787],[-1.446,60.2862],[-1.4596,60.3066],[-1.4228,60.3261],[-1.3743,60.3084],[-1.364,60.2862],[-1.3361,60.3066],[-1.364,60.3209],[-1.3435,60.3476],[-1.2604,60.355],[-1.3376,60.3745],[-1.3435,60.396],[-1.395,60.39],[-1.3844,60.4233],[-1.439,60.4308],[-1.446,60.4923],[-1.4801,60.4575],[-1.4991,60.4691],[-1.4801,60.4854],[-1.6094,60.4833],[-1.5862,60.5121],[-1.5558,60.5121],[-1.527,60.5568],[-1.4551,60.5089],[-1.3844,60.5121],[-1.4801,60.5394],[-1.4111,60.5804],[-1.4187,60.6083],[-1.3155,60.5941],[-1.324,60.6213],[-1.3014,60.6431],[-1.2921,60.5996],[-1.3361,60.5332],[-1.3155,60.5332],[-1.3361,60.5258],[-1.3155,60.5189],[-1.3361,60.4854],[-1.295,60.4923],[-1.3702,60.4022],[-1.323,60.4097],[-1.3243,60.4277],[-1.297,60.438],[-1.2336,60.4438],[-1.295,60.4711],[-1.272,60.4843],[-1.2604,60.4649],[-1.2175,60.498],[-1.1517,60.4308],[-1.2242,60.4114],[-1.1654,60.4121],[-1.1517,60.3886],[-1.1034,60.4308],[-1.097,60.4165],[-1.0727,60.4445],[-1.0344,60.4506],[-1.1193,60.3913]]],[[[-0.976,60.3403],[-1.0341,60.3402],[-1.0064,60.369],[-0.9127,60.3868],[-0.976,60.3403]]],[[[-0.7852,60.5763],[-0.8705,60.5878],[-0.8562,60.5673],[-0.8835,60.5705],[-0.9388,60.6287],[-0.8221,60.6287],[-0.8091,60.6083],[-0.7548,60.5989],[-0.7852,60.5763]]],[[[-0.9935,60.6356],[-1.0623,60.6629],[-1.0139,60.6151],[-1.0692,60.6151],[-1.0111,60.5777],[-1.0419,60.553],[-1.0238,60.503],[-1.1007,60.515],[-1.097,60.4923],[-1.1539,60.5084],[-1.18,60.6247],[-1.1714,60.646],[-1.1381,60.6492],[-1.1301,60.6193],[-1.1034,60.6151],[-1.1238,60.6598],[-1.1139,60.7147],[-1.0921,60.7353],[-1.0692,60.7182],[-0.9935,60.7311],[-0.9971,60.6761],[-0.9797,60.6567],[-0.9935,60.6356]]],[[[-0.9662,60.6902],[-0.9261,60.7696],[-0.9388,60.8001],[-0.8815,60.845],[-0.8562,60.824],[-0.8883,60.7897],[-0.8531,60.8035],[-0.8221,60.8479],[-0.7639,60.8254],[-0.788,60.807],[-0.7607,60.8001],[-0.8214,60.7585],[-0.8017,60.7448],[-0.85,60.7182],[-0.8219,60.685],[-0.8364,60.6766],[-0.9503,60.6843],[-0.9662,60.6902]]]]}},{"type":"Feature","properties":{"id":"EU-GR","zh":"希臘","en":"Greece","labelLng":21.7257,"labelLat":39.4928},"geometry":{"type":"MultiPolygon","coordinates":[[[[23.3333,35.8292],[23.2874,35.8706],[23.2717,35.9042],[23.3307,35.8649],[23.3333,35.8292]]],[[[23.0663,36.2264],[23.052,36.1448],[22.9907,36.137],[22.9292,36.178],[22.9087,36.206],[22.9162,36.2851],[22.8997,36.3282],[22.9326,36.3813],[22.9564,36.3834],[23.0117,36.3083],[23.0944,36.2543],[23.1039,36.2372],[23.0663,36.2264]]],[[[21.7778,36.6994],[21.7505,36.7124],[21.7642,36.754],[21.7816,36.7364],[21.7778,36.6994]]],[[[21.7009,36.7911],[21.7293,36.7888],[21.6958,36.7404],[21.7009,36.7911]]],[[[23.8767,36.8437],[23.889,36.8343],[23.8843,36.8323],[23.8767,36.8437]]],[[[23.4578,36.9064],[23.4497,36.9291],[23.4673,36.9064],[23.4578,36.9064]]],[[[23.1624,37.2442],[23.131,37.2437],[23.0944,37.2747],[23.1284,37.2884],[23.1585,37.2714],[23.1624,37.2442]]],[[[23.5088,37.3299],[23.3743,37.3027],[23.4636,37.3573],[23.5872,37.3709],[23.5051,37.3498],[23.5088,37.3299]]],[[[23.4818,37.5565],[23.5256,37.5218],[23.4812,37.5096],[23.4363,37.5218],[23.4818,37.5565]]],[[[23.5632,37.7683],[23.5173,37.6883],[23.4574,37.6925],[23.4683,37.7145],[23.4344,37.7336],[23.4256,37.7682],[23.5632,37.7683]]],[[[20.9209,37.7317],[20.8435,37.7016],[20.8513,37.6594],[20.8151,37.6515],[20.6195,37.8228],[20.6195,37.8644],[20.6857,37.9296],[20.709,37.9252],[20.742,37.8623],[20.886,37.814],[20.918,37.7653],[20.9868,37.7299],[20.9963,37.6993],[20.9209,37.7317]]],[[[23.4685,37.932],[23.4977,37.9669],[23.422,37.96],[23.4574,37.9736],[23.4295,37.9879],[23.4705,37.9805],[23.4782,37.9988],[23.5182,37.9991],[23.5462,37.9525],[23.5735,37.9525],[23.5393,37.9395],[23.5182,37.8986],[23.4671,37.8842],[23.4021,37.906],[23.4395,37.9396],[23.4685,37.932]]],[[[20.5807,38.1155],[20.565,38.0903],[20.4961,38.1245],[20.4688,38.1928],[20.5098,38.1797],[20.4453,38.2762],[20.4279,38.2617],[20.4253,38.1753],[20.3801,38.1518],[20.339,38.2002],[20.3921,38.3001],[20.3999,38.3641],[20.4067,38.3436],[20.4273,38.3633],[20.479,38.3095],[20.5298,38.3375],[20.5309,38.392],[20.5513,38.3852],[20.5378,38.4739],[20.5718,38.4739],[20.6258,38.3518],[20.5991,38.3026],[20.6305,38.258],[20.6817,38.2821],[20.6748,38.2678],[20.7513,38.1968],[20.8078,38.0996],[20.7947,38.0661],[20.7336,38.0624],[20.653,38.1112],[20.5807,38.1155]]],[[[20.7376,38.3715],[20.7637,38.3231],[20.7194,38.3156],[20.6878,38.3367],[20.6195,38.4814],[20.6355,38.473],[20.6545,38.5019],[20.6719,38.4975],[20.6611,38.4609],[20.709,38.4466],[20.6748,38.3777],[20.7388,38.3843],[20.7575,38.3715],[20.7376,38.3715]]],[[[24.5667,37.9879],[24.4769,37.9625],[24.4297,38.0212],[24.3864,37.9965],[24.4021,37.9805],[24.3718,37.9719],[24.3138,38.0292],[24.327,38.0425],[24.2863,38.0862],[24.2039,38.0903],[24.2108,38.1245],[24.183,38.135],[24.2108,38.166],[24.1853,38.218],[24.1262,38.2175],[24.1631,38.2678],[24.1535,38.2813],[24.1094,38.2563],[24.1148,38.2753],[24.1009,38.2753],[24.1216,38.3095],[24.0254,38.3305],[24.0669,38.351],[24.0422,38.4015],[23.6492,38.4057],[23.6144,38.4609],[23.594,38.4534],[23.6358,38.5009],[23.6141,38.5579],[23.5051,38.5974],[23.4977,38.631],[23.446,38.6767],[23.2023,38.8299],[23.1436,38.8507],[23.0691,38.8466],[23.0364,38.8745],[22.9694,38.8891],[22.9564,38.878],[22.992,38.8647],[22.9818,38.845],[22.833,38.8227],[22.8374,38.8545],[23.0357,38.9264],[23.0459,38.9468],[23.0868,38.9543],[23.0944,38.9879],[23.1275,39.0058],[23.2991,39.0425],[23.3716,39.0103],[23.3846,38.9675],[23.4256,38.9543],[23.4805,38.8381],[23.594,38.7893],[23.594,38.7702],[23.7227,38.7619],[23.7536,38.7192],[23.8576,38.6825],[24.0731,38.6794],[24.1556,38.6527],[24.1262,38.6352],[24.1265,38.5986],[24.2315,38.5224],[24.1882,38.4741],[24.1843,38.4396],[24.2039,38.4125],[24.1851,38.4076],[24.2525,38.2924],[24.2525,38.228],[24.3444,38.1592],[24.3926,38.164],[24.4778,38.1387],[24.5877,38.1592],[24.5799,38.0842],[24.5945,38.0624],[24.5667,37.9879]]],[[[20.9321,38.603],[20.9076,38.549],[20.8939,38.549],[20.8939,38.5565],[20.9321,38.603]]],[[[20.9517,38.6492],[20.8706,38.5825],[20.9038,38.6428],[20.9517,38.6492]]],[[[20.7596,38.6274],[20.8001,38.5954],[20.7517,38.626],[20.737,38.6522],[20.7831,38.675],[20.805,38.6657],[20.7596,38.6274]]],[[[20.5623,38.6912],[20.6025,38.7817],[20.6453,38.8282],[20.6863,38.8501],[20.7178,38.8227],[20.7297,38.7358],[20.697,38.6898],[20.7061,38.6804],[20.7225,38.7073],[20.716,38.627],[20.6953,38.6384],[20.7022,38.6179],[20.6489,38.6086],[20.6476,38.5838],[20.6023,38.6268],[20.5446,38.5695],[20.5623,38.6912]]],[[[21.2954,40.8609],[21.4049,40.9086],[21.5095,40.9005],[21.5816,40.8663],[21.6851,40.928],[21.7655,40.9239],[21.7837,40.9642],[21.8943,41.0538],[21.9091,41.0975],[22.0482,41.1519],[22.1034,41.1215],[22.2058,41.1614],[22.3026,41.1455],[22.3087,41.125],[22.3802,41.1317],[22.4515,41.1137],[22.5902,41.1251],[22.6445,41.1802],[22.7049,41.1397],[22.7272,41.1658],[22.7513,41.3152],[22.781,41.3349],[23.1572,41.3163],[23.1995,41.333],[23.2242,41.379],[23.2877,41.3982],[23.326,41.3693],[23.4145,41.3999],[23.513,41.3977],[23.6124,41.371],[23.6722,41.403],[23.7544,41.4007],[23.7771,41.429],[23.8948,41.4643],[23.9499,41.4376],[24.0007,41.4641],[24.0347,41.4513],[24.052,41.463],[24.0473,41.5257],[24.1165,41.5334],[24.1702,41.5116],[24.1816,41.5374],[24.2333,41.5618],[24.2864,41.5404],[24.2961,41.5152],[24.4388,41.5277],[24.5102,41.5617],[24.5804,41.4405],[24.6992,41.4089],[24.7744,41.3481],[24.7943,41.3474],[24.8033,41.3927],[24.8864,41.4006],[25.1019,41.3367],[25.2197,41.2497],[25.2857,41.2394],[25.5051,41.2806],[25.5515,41.3157],[25.68,41.2972],[25.811,41.341],[25.882,41.304],[26.1209,41.3578],[26.1756,41.4319],[26.1459,41.478],[26.1631,41.5291],[26.1312,41.5527],[26.1153,41.6166],[26.055,41.6488],[26.0481,41.6891],[26.1084,41.7279],[26.2262,41.7497],[26.2739,41.7149],[26.3596,41.7149],[26.4762,41.6757],[26.4644,41.6485],[26.5764,41.591],[26.5955,41.6124],[26.5955,41.5374],[26.6364,41.3996],[26.6097,41.3307],[26.5402,41.3518],[26.4121,41.2657],[26.3205,41.2462],[26.336,41.2289],[26.3211,41.1876],[26.336,41.1526],[26.3173,41.1223],[26.3395,41.1145],[26.3251,41.0741],[26.3742,41.0311],[26.3681,41.0077],[26.3332,40.9907],[26.3591,40.9647],[26.2944,40.9267],[26.304,40.909],[26.2604,40.9204],[26.2392,40.8857],[26.2262,40.8993],[26.212,40.8474],[26.0816,40.7356],[26.044,40.7385],[26.0274,40.7961],[26.0059,40.8039],[26.0537,40.8162],[26.054,40.831],[26.0122,40.8244],[25.9984,40.8388],[25.9984,40.817],[25.9186,40.853],[25.5378,40.8704],[25.2997,40.9518],[25.2661,40.9269],[25.1807,40.9427],[25.134,40.9629],[25.1699,40.9958],[25.1384,41.0101],[25.0391,41.006],[25.0396,40.9896],[24.9917,40.9685],[24.9898,40.9421],[24.8921,40.9206],[24.802,40.8535],[24.7658,40.8654],[24.7088,40.8518],[24.6628,40.8797],[24.6287,40.8586],[24.5667,40.9517],[24.5051,40.9616],[24.3918,40.9365],[24.3127,40.8797],[24.3313,40.855],[24.3057,40.8417],[24.3407,40.8313],[24.1101,40.7279],[23.9863,40.7322],[23.8421,40.7834],[23.7317,40.7519],[23.697,40.7214],[23.7002,40.6737],[23.7556,40.6457],[23.7927,40.588],[23.8467,40.5603],[23.8888,40.5638],[23.9149,40.5389],[23.823,40.507],[23.8267,40.4614],[23.8682,40.4135],[23.9639,40.3795],[24.0025,40.3864],[23.9912,40.4477],[24.0114,40.4492],[24.0858,40.366],[24.1799,40.3515],[24.2039,40.3174],[24.2334,40.3169],[24.3938,40.1525],[24.3,40.1281],[24.169,40.2753],[24.0192,40.3105],[23.9365,40.3652],[23.7305,40.359],[23.6936,40.3092],[23.7163,40.2553],[23.7786,40.2027],[23.8967,40.1713],[23.9912,40.1187],[23.9775,40.0908],[24.0049,40.0672],[23.9868,40.0422],[24.0117,40.0436],[24.0192,40.0163],[23.988,39.99],[23.9987,39.9748],[23.9699,39.9681],[23.9912,39.9536],[23.9197,39.9564],[23.9229,39.9748],[23.9006,39.9712],[23.9025,39.9884],[23.8449,40.0241],[23.8267,40.0089],[23.7852,40.0672],[23.7933,40.0938],[23.6755,40.2179],[23.4385,40.2792],[23.365,40.2617],[23.3401,40.228],[23.3636,40.1505],[23.4006,40.144],[23.4989,40.0423],[23.6703,39.9861],[23.6973,39.9405],[23.7479,39.9305],[23.7031,39.9127],[23.471,39.9716],[23.3606,39.9611],[23.3816,40.0027],[23.3059,40.1045],[23.3246,40.175],[23.2991,40.2354],[23.0291,40.3258],[22.9639,40.3795],[22.8882,40.3863],[22.8897,40.4184],[22.8216,40.5021],[22.9416,40.5172],[22.9832,40.5527],[22.9105,40.6446],[22.854,40.6395],[22.8506,40.5934],[22.8159,40.5706],[22.7586,40.5678],[22.7367,40.5153],[22.6735,40.5268],[22.6563,40.5045],[22.6753,40.4962],[22.6507,40.4728],[22.5791,40.4682],[22.6065,40.4136],[22.6611,40.369],[22.5525,40.1666],[22.5713,40.0543],[22.6003,40.0163],[22.7079,39.9614],[22.7305,39.8854],[22.8503,39.7905],[22.9395,39.5806],[23.0974,39.5018],[23.1257,39.4544],[23.2713,39.3229],[23.3438,39.1796],[23.3013,39.1514],[23.2097,39.1318],[23.2302,39.1182],[23.2036,39.1046],[23.1155,39.0883],[23.052,39.0977],[23.0811,39.1472],[23.1141,39.1591],[23.1006,39.1046],[23.1717,39.135],[23.1813,39.1587],[23.1992,39.1514],[23.2171,39.1796],[23.1346,39.2969],[23.0205,39.3175],[22.9981,39.3571],[22.9359,39.3606],[22.9429,39.3032],[22.8425,39.2885],[22.8262,39.2722],[22.8262,39.2213],[22.854,39.1591],[22.877,39.1904],[22.9019,39.1796],[22.9206,39.1251],[22.9611,39.119],[22.9981,39.0698],[22.9981,39.0493],[22.9588,39.0251],[22.9639,39.009],[23.0731,39.0363],[23.0233,39.0084],[22.9845,38.9543],[22.8984,38.9196],[22.8465,38.9264],[22.8367,38.8965],[22.792,38.878],[22.689,38.878],[22.6216,38.9145],[22.5251,38.8854],[22.5251,38.8581],[22.5729,38.8643],[22.5539,38.8481],[22.5828,38.832],[22.6003,38.8445],[22.5934,38.8302],[22.7026,38.8507],[22.7783,38.7817],[22.8293,38.7861],[22.8672,38.7551],[22.9149,38.7756],[23.042,38.7467],[23.1045,38.6384],[23.1825,38.6538],[23.1961,38.6663],[23.1681,38.6794],[23.1868,38.686],[23.3059,38.6527],[23.3333,38.6042],[23.2933,38.5791],[23.2854,38.5565],[23.3074,38.5685],[23.3816,38.5353],[23.3401,38.5224],[23.335,38.5036],[23.5672,38.5011],[23.6013,38.4739],[23.5735,38.4534],[23.6729,38.3564],[23.71,38.3367],[23.782,38.3436],[23.951,38.2909],[24.069,38.2047],[24.0806,38.166],[24.0594,38.1313],[24.0378,38.1437],[23.989,38.1226],[24.0327,38.0078],[24.0117,37.9252],[24.0464,37.906],[24.0117,37.8918],[24.0669,37.8644],[24.0532,37.8228],[24.0874,37.7852],[24.0594,37.7335],[24.0721,37.6895],[24.0327,37.6515],[23.9497,37.6774],[23.9434,37.7272],[23.9227,37.7212],[23.9025,37.7819],[23.8888,37.7744],[23.8656,37.8077],[23.813,37.8297],[23.8073,37.8086],[23.779,37.8023],[23.697,37.9395],[23.6281,37.9327],[23.6418,37.9525],[23.5608,37.9728],[23.5979,38.0211],[23.5746,38.0468],[23.45,38.0214],[23.3953,37.9879],[23.4295,37.9805],[23.4089,37.9743],[23.2268,37.9736],[23.0941,37.911],[23.0151,37.9252],[22.9951,37.8821],[23.0125,37.8476],[23.1141,37.8508],[23.1824,37.8091],[23.1824,37.7744],[23.1282,37.7605],[23.1209,37.7409],[23.1755,37.7198],[23.1686,37.6142],[23.3367,37.5355],[23.3604,37.5477],[23.3591,37.5743],[23.3122,37.6174],[23.3987,37.6379],[23.4043,37.5993],[23.3743,37.5559],[23.422,37.528],[23.3953,37.515],[23.4792,37.4907],[23.5256,37.4597],[23.5256,37.4392],[23.4465,37.4146],[23.2627,37.401],[23.23,37.3749],[23.278,37.3498],[23.186,37.3406],[23.2036,37.3027],[23.1686,37.2995],[23.1414,37.3095],[23.1619,37.3231],[23.0731,37.3552],[23.0726,37.4011],[23.095,37.3896],[23.1141,37.4256],[23.1414,37.4119],[23.132,37.4486],[23.0459,37.4597],[23.0594,37.4665],[23.0459,37.487],[23.0049,37.4597],[22.9807,37.5088],[22.9216,37.5404],[22.854,37.515],[22.7783,37.5969],[22.7264,37.5664],[22.7305,37.4945],[22.7648,37.4318],[22.758,37.3983],[22.8193,37.3437],[22.8193,37.3164],[22.9066,37.1939],[22.9032,37.1213],[22.9564,37.124],[22.9564,37.0959],[22.9817,37.0827],[22.9639,37.083],[22.9998,37.0333],[23.0117,36.9868],[22.9907,36.9868],[23.0117,36.9731],[23.0117,36.9389],[23.0933,36.8183],[23.0806,36.7888],[23.1141,36.7813],[23.0886,36.7329],[23.052,36.7471],[23.0309,36.7256],[23.0322,36.6926],[23.0594,36.6926],[23.0344,36.6749],[23.0357,36.6491],[23.0806,36.5793],[23.155,36.5411],[23.1346,36.5076],[23.2036,36.4561],[23.1961,36.4325],[23.0947,36.4432],[23.051,36.5224],[22.9724,36.5202],[22.9292,36.5963],[22.8747,36.6305],[22.8843,36.6542],[22.8372,36.6865],[22.815,36.6706],[22.8171,36.718],[22.7869,36.7934],[22.6856,36.8095],[22.5774,36.783],[22.5791,36.7404],[22.5251,36.6851],[22.5498,36.6783],[22.5525,36.6509],[22.5168,36.6662],[22.5261,36.6124],[22.5127,36.6028],[22.5046,36.6243],[22.4841,36.6066],[22.4866,36.5251],[22.5115,36.4666],[22.491,36.3909],[22.4699,36.4523],[22.4084,36.4871],[22.3814,36.4805],[22.3545,36.5119],[22.3882,36.5561],[22.3737,36.5827],[22.388,36.6025],[22.3674,36.6025],[22.3713,36.6427],[22.388,36.6441],[22.3684,36.6565],[22.388,36.7062],[22.3586,36.7021],[22.2917,36.8201],[22.2215,36.8975],[22.1751,36.8912],[22.1379,36.9171],[22.1532,37.0212],[22.0481,37.0351],[21.9431,36.9933],[21.9217,36.8632],[21.9286,36.8223],[21.9702,36.795],[21.8826,36.7265],[21.8228,36.8086],[21.7642,36.795],[21.7074,36.818],[21.6885,36.8912],[21.71,36.9427],[21.6882,36.9645],[21.668,36.9594],[21.6817,36.9731],[21.6618,36.9594],[21.6548,36.9947],[21.5786,37.0767],[21.5697,37.1162],[21.5744,37.1924],[21.6823,37.2839],[21.6958,37.3164],[21.6748,37.396],[21.55,37.5615],[21.4022,37.6554],[21.3433,37.6693],[21.3123,37.6379],[21.2987,37.6726],[21.3119,37.7263],[21.2849,37.7851],[21.1221,37.8374],[21.1062,37.8781],[21.1336,37.9464],[21.1644,37.9296],[21.2078,37.946],[21.3259,38.0214],[21.3185,38.0351],[21.2844,38.0153],[21.367,38.1211],[21.3743,38.2206],[21.4085,38.1859],[21.4009,38.2148],[21.5239,38.166],[21.6223,38.1548],[21.7013,38.2053],[21.7642,38.2958],[21.8495,38.3413],[21.9559,38.3367],[22.0204,38.3132],[22.0488,38.2748],[22.1136,38.2678],[22.1614,38.2132],[22.2185,38.1882],[22.3312,38.1789],[22.4148,38.1379],[22.5115,38.1293],[22.6804,38.0666],[22.8672,37.9395],[22.9463,37.9462],[22.9754,37.979],[22.8875,38.0336],[22.854,38.0351],[22.8755,38.0493],[22.9429,38.0835],[23.0686,38.0589],[23.1729,38.0795],[23.2166,38.1033],[23.1755,38.145],[23.2234,38.1592],[23.1284,38.1723],[23.1489,38.1859],[23.1227,38.2081],[23.0667,38.1832],[23.0322,38.1859],[23.052,38.1928],[23.0251,38.2166],[22.9519,38.2253],[22.9224,38.207],[22.9695,38.1928],[22.9087,38.1928],[22.895,38.2412],[22.8057,38.227],[22.7648,38.248],[22.7988,38.2821],[22.6965,38.3169],[22.6753,38.3436],[22.6844,38.3611],[22.6465,38.39],[22.6268,38.3715],[22.6462,38.3618],[22.6123,38.3638],[22.5872,38.3367],[22.6065,38.3231],[22.6003,38.3026],[22.5625,38.2935],[22.4684,38.4211],[22.4016,38.4534],[22.4084,38.4156],[22.3737,38.392],[22.3986,38.3759],[22.3823,38.3427],[22.2249,38.3601],[22.1892,38.3231],[22.1326,38.3727],[21.9579,38.4117],[21.8792,38.378],[21.8312,38.3967],[21.7625,38.3284],[21.7163,38.3579],[21.5996,38.351],[21.5178,38.2958],[21.4284,38.3305],[21.4898,38.3095],[21.4761,38.3436],[21.4898,38.3579],[21.47,38.3579],[21.4761,38.3715],[21.4221,38.3641],[21.4163,38.3941],[21.3775,38.3989],[21.3601,38.4677],[21.3225,38.4963],[21.3086,38.4944],[21.3533,38.4329],[21.339,38.4329],[21.3366,38.3957],[21.2695,38.3679],[21.2393,38.3311],[21.1896,38.3414],[21.1813,38.3305],[21.2,38.3231],[21.1556,38.3039],[21.1404,38.3367],[21.0852,38.3436],[21.1057,38.353],[21.1062,38.3715],[21.0925,38.3641],[21.1062,38.3852],[21.1135,38.3739],[21.1404,38.3989],[21.0868,38.4105],[21.0852,38.4404],[21.1068,38.4254],[21.1199,38.4404],[21.1062,38.4329],[21.1062,38.4814],[21.0789,38.4875],[21.0994,38.4944],[21.0852,38.5019],[21.096,38.5319],[21.0305,38.5114],[21.0247,38.6085],[20.9881,38.664],[20.9144,38.6862],[20.8599,38.8035],[20.8114,38.7625],[20.7733,38.7609],[20.7293,38.8098],[20.7494,38.8572],[20.8052,38.8677],[20.756,38.9069],[20.7698,38.959],[20.8171,38.9214],[20.8599,38.9605],[20.8667,38.9264],[20.9038,38.928],[20.9207,38.9543],[21.0274,38.9326],[21.0256,38.898],[21.0852,38.8643],[21.1023,38.9108],[21.1774,38.876],[21.1401,38.9413],[21.1599,38.9977],[21.0852,39.0629],[21.0789,39.0363],[21.0374,39.022],[21.0584,39.009],[20.9538,39.0342],[20.9348,39.0567],[20.9485,39.0698],[20.9014,39.0772],[20.8667,39.053],[20.8865,39.0364],[20.8449,39.0369],[20.8578,39.0589],[20.8462,39.0772],[20.8257,39.0698],[20.8381,39.0917],[20.8224,39.1145],[20.7772,39.0909],[20.7918,39.0808],[20.784,39.0493],[20.7575,39.022],[20.7432,39.0295],[20.8318,38.9637],[20.7664,38.9776],[20.7351,38.9501],[20.7022,38.9984],[20.7158,39.0151],[20.6865,39.0725],[20.5959,39.1238],[20.4789,39.2252],[20.4824,39.2827],[20.3249,39.3038],[20.2697,39.3874],[20.236,39.3994],[20.2156,39.4403],[20.2673,39.4469],[20.2156,39.4949],[20.2551,39.4924],[20.2639,39.5086],[20.1336,39.5297],[20.1467,39.5707],[20.1746,39.5768],[20.1818,39.6245],[20.0889,39.6731],[19.9998,39.6935],[20.0893,39.6828],[20.1841,39.637],[20.212,39.667],[20.246,39.6629],[20.2995,39.7282],[20.2757,39.7601],[20.28,39.804],[20.3716,39.7843],[20.397,39.8181],[20.318,39.9184],[20.2979,39.9869],[20.3765,39.9937],[20.4004,40.0453],[20.4328,40.0638],[20.5778,40.0673],[20.6476,40.094],[20.6682,40.1381],[20.6604,40.1789],[20.6964,40.2151],[20.6991,40.2784],[20.7366,40.3036],[20.7704,40.3626],[20.7706,40.422],[20.84,40.4716],[20.9119,40.4595],[20.9368,40.4725],[20.9579,40.5149],[21.0188,40.559],[21.0353,40.6594],[20.9437,40.7653],[20.967,40.802],[20.9653,40.8494],[21.183,40.8702],[21.2954,40.8609]]],[[[23.5872,39.2076],[23.7305,39.1461],[23.7267,39.1315],[23.7927,39.1182],[23.7412,39.0803],[23.666,39.0928],[23.6697,39.1182],[23.5872,39.2076]]],[[[23.3953,39.1461],[23.4705,39.2138],[23.5129,39.1785],[23.4605,39.1318],[23.3953,39.1461]]],[[[20.2019,39.1796],[20.1384,39.2093],[20.1253,39.236],[20.1404,39.2417],[20.2019,39.1796]]],[[[23.8335,39.1461],[23.8893,39.2175],[23.957,39.2895],[23.967,39.2512],[23.9216,39.1904],[23.8645,39.144],[23.8335,39.1461]]],[[[20.0969,39.3706],[19.8789,39.4532],[19.8289,39.5723],[19.7485,39.62],[19.7189,39.6731],[19.6813,39.68],[19.6717,39.7241],[19.6532,39.7147],[19.6502,39.7418],[19.6265,39.7482],[19.6675,39.7935],[19.7991,39.8028],[19.8518,39.8245],[19.948,39.7904],[19.9338,39.7412],[19.8416,39.7042],[19.8391,39.6799],[19.8587,39.6662],[19.845,39.6527],[19.9275,39.6253],[19.9235,39.6035],[19.9002,39.6042],[19.9365,39.473],[20.0327,39.4393],[20.0819,39.4473],[20.1177,39.378],[20.0969,39.3706]]],[[[24.1353,34.815],[24.0464,34.8553],[24.1284,34.8627],[24.1353,34.815]]],[[[26.3211,35.1979],[26.241,35.039],[26.133,34.9993],[25.9849,35.0391],[25.8081,35.0058],[25.6012,35.0136],[25.5062,34.9846],[25.3477,34.9915],[25.1078,34.9379],[24.7385,34.9316],[24.759,35.0415],[24.7181,35.094],[24.5646,35.1061],[24.5007,35.1524],[24.4038,35.175],[24.4021,35.1911],[24.2932,35.1823],[24.2039,35.2054],[24.0498,35.1911],[23.9876,35.2333],[23.9019,35.2312],[23.8267,35.2526],[23.6834,35.2258],[23.6105,35.2349],[23.5182,35.3078],[23.553,35.3215],[23.5386,35.3741],[23.5735,35.4348],[23.5598,35.4518],[23.5803,35.5759],[23.6047,35.6126],[23.6199,35.5241],[23.6594,35.5012],[23.7184,35.5128],[23.7305,35.5542],[23.7112,35.6489],[23.7415,35.687],[23.779,35.6715],[23.779,35.5759],[23.8171,35.5348],[24.0254,35.5207],[24.0576,35.5529],[24.0941,35.5542],[24.0818,35.5899],[24.1152,35.6013],[24.183,35.5856],[24.2033,35.5418],[24.183,35.5133],[24.0812,35.515],[24.072,35.4984],[24.1867,35.4518],[24.2525,35.4791],[24.2655,35.3699],[24.3401,35.3483],[24.5667,35.3842],[24.6985,35.4268],[24.8408,35.404],[24.8955,35.4245],[24.9575,35.404],[24.9712,35.4245],[25.0532,35.404],[25.0553,35.3552],[25.077,35.3445],[25.376,35.3432],[25.4536,35.2941],[25.6599,35.3494],[25.7664,35.3357],[25.7248,35.2941],[25.7293,35.2646],[25.751,35.2841],[25.759,35.26],[25.7322,35.2463],[25.7127,35.1828],[25.7285,35.1334],[25.7953,35.1151],[25.8303,35.1224],[25.8967,35.1849],[25.9785,35.1955],[26.0606,35.2333],[26.1196,35.2153],[26.1082,35.2054],[26.1297,35.1959],[26.1795,35.2072],[26.2595,35.2845],[26.294,35.2879],[26.294,35.3153],[26.3211,35.3153],[26.3123,35.2969],[26.266,35.26],[26.2995,35.1855],[26.3211,35.1979]]],[[[25.48,36.3579],[25.4466,36.3363],[25.3617,36.3568],[25.4094,36.3636],[25.4368,36.3909],[25.4219,36.4511],[25.3685,36.4735],[25.418,36.4704],[25.4792,36.4244],[25.48,36.3579]]],[[[24.9637,36.5963],[24.8408,36.6652],[24.9479,36.6243],[24.9637,36.5963]]],[[[25.0931,36.6366],[25.0674,36.6379],[25.1047,36.6994],[25.1858,36.7191],[25.0931,36.6366]]],[[[24.5461,36.6888],[24.327,36.6509],[24.3407,36.7124],[24.327,36.7199],[24.3543,36.754],[24.3954,36.7359],[24.4072,36.7073],[24.4607,36.6994],[24.4592,36.7267],[24.4271,36.7338],[24.4089,36.7608],[24.4203,36.7711],[24.4744,36.7471],[24.5334,36.768],[24.5461,36.6888]]],[[[25.2571,36.7359],[25.2627,36.7676],[25.307,36.795],[25.4094,36.7124],[25.3732,36.6537],[25.2571,36.7359]]],[[[24.6594,36.7506],[24.6082,36.7813],[24.6218,36.795],[24.6658,36.7746],[24.6594,36.7506]]],[[[24.5324,36.7919],[24.5212,36.8174],[24.5342,36.8361],[24.6082,36.8359],[24.5728,36.7819],[24.5324,36.7919]]],[[[24.7658,36.9492],[24.7106,36.9042],[24.6423,37.0488],[24.7044,37.0351],[24.7516,36.9858],[24.7658,36.9492]]],[[[25.0259,37.0079],[25.0879,37.042],[25.0599,36.9731],[25.0811,36.9526],[25.047,36.9692],[25.0259,37.0079]]],[[[25.2044,36.989],[25.1528,36.9868],[25.1034,37.0129],[25.113,37.0627],[25.1786,37.1295],[25.2388,37.1518],[25.224,37.1343],[25.2593,37.124],[25.2661,37.1518],[25.2933,37.1518],[25.263,37.0898],[25.2798,37.0488],[25.2044,36.989]]],[[[24.5098,37.2049],[24.5321,37.1856],[24.5324,37.1301],[24.5188,37.1444],[24.4983,37.1103],[24.4595,37.1372],[24.4225,37.124],[24.4362,37.1854],[24.5098,37.2049]]],[[[24.4362,37.487],[24.4305,37.446],[24.4827,37.4124],[24.4778,37.3908],[24.4634,37.3945],[24.4118,37.324],[24.3679,37.3095],[24.4021,37.3709],[24.3948,37.4118],[24.3679,37.4119],[24.3748,37.4385],[24.4362,37.487]]],[[[24.964,37.4018],[24.8818,37.3635],[24.8887,37.3983],[24.8613,37.3983],[24.8818,37.4256],[24.8682,37.4318],[24.8981,37.4487],[24.8954,37.5104],[24.9297,37.5081],[24.9481,37.4856],[24.9434,37.4355],[24.964,37.4018]]],[[[25.307,37.4119],[25.3264,37.4629],[25.307,37.4727],[25.3127,37.4882],[25.348,37.5081],[25.3773,37.4674],[25.3954,37.494],[25.4656,37.4634],[25.4573,37.446],[25.4077,37.4368],[25.4026,37.4182],[25.307,37.4119]]],[[[24.2935,37.5257],[24.2754,37.5317],[24.2893,37.6453],[24.3279,37.665],[24.3304,37.684],[24.3748,37.6863],[24.4025,37.6557],[24.3958,37.6247],[24.2935,37.5257]]],[[[24.9844,37.658],[24.9849,37.6789],[25.0532,37.6789],[25.0879,37.6447],[25.2456,37.6242],[25.2593,37.59],[25.2273,37.5374],[25.1699,37.5386],[24.9844,37.658]]],[[[24.6597,37.6069],[24.7161,37.631],[24.7411,37.6259],[24.7412,37.5957],[24.6597,37.6069]]],[[[24.9575,37.6863],[24.8921,37.7682],[24.8166,37.8239],[24.8,37.816],[24.7757,37.8623],[24.7385,37.8918],[24.7162,37.8791],[24.6838,37.9327],[24.6936,37.9658],[24.7791,38.0002],[24.8301,37.9631],[24.8408,37.919],[24.9637,37.8968],[24.9434,37.8433],[24.9849,37.816],[24.9575,37.7744],[24.9944,37.7541],[24.9575,37.6863]]],[[[24.6756,38.7842],[24.6253,38.7692],[24.5947,38.7916],[24.5667,38.7625],[24.5324,38.7961],[24.574,38.8098],[24.557,38.8457],[24.5051,38.8445],[24.4778,38.878],[24.4362,38.878],[24.4622,38.911],[24.4611,38.9677],[24.4915,38.981],[24.5607,38.9442],[24.5786,38.8756],[24.6633,38.8266],[24.6756,38.7842]]],[[[24.0537,39.3052],[24.0415,39.3305],[24.0671,39.363],[24.094,39.33],[24.0819,39.3048],[24.0537,39.3052]]],[[[24.9766,39.5377],[25.0032,39.5632],[25.0474,39.5454],[24.9917,39.467],[24.9766,39.5377]]],[[[25.4499,40.0362],[25.4499,39.9884],[25.4016,39.9638],[25.3889,39.9195],[25.348,39.9064],[25.3685,39.899],[25.3403,39.8742],[25.3699,39.8171],[25.349,39.7877],[25.2953,39.8077],[25.2903,39.8308],[25.2388,39.8581],[25.2798,39.8891],[25.2507,39.9185],[25.1971,39.8928],[25.2251,39.8854],[25.1773,39.845],[25.2022,39.841],[25.2145,39.8034],[25.1432,39.8171],[25.1649,39.8591],[25.1358,39.8376],[25.1221,39.8581],[25.047,39.8376],[25.0674,39.8581],[25.047,39.8786],[25.0682,39.9208],[25.0334,39.9953],[25.2251,40.0089],[25.2852,39.9534],[25.348,39.9816],[25.3821,40.0225],[25.4499,40.0362]]],[[[24.7693,40.6834],[24.7801,40.6122],[24.7557,40.6199],[24.6423,40.5706],[24.5868,40.622],[24.5168,40.6391],[24.512,40.6668],[24.5667,40.7556],[24.6423,40.8039],[24.7317,40.7835],[24.7826,40.7421],[24.7593,40.7234],[24.7864,40.7078],[24.7693,40.6834]]],[[[27.0071,35.404],[26.8767,35.3494],[26.8484,35.3724],[26.9002,35.4245],[27.012,35.4377],[27.0071,35.404]]],[[[27.1616,35.4501],[27.1567,35.4245],[27.1711,35.4313],[27.1362,35.404],[27.1431,35.4204],[27.0998,35.4405],[27.1021,35.4791],[27.1188,35.4827],[27.1138,35.551],[27.0693,35.6022],[27.1154,35.6422],[27.1279,35.6933],[27.1541,35.718],[27.1567,35.8012],[27.221,35.8293],[27.2188,35.7261],[27.161,35.6513],[27.1565,35.6188],[27.2209,35.551],[27.2038,35.5272],[27.2373,35.4934],[27.2324,35.4722],[27.2068,35.4775],[27.1616,35.4501]]],[[[28.2112,36.3577],[28.1305,36.1855],[28.1033,36.1855],[28.0617,36.1165],[28.0964,36.1035],[28.0759,36.0756],[28.0896,36.0551],[27.9934,36.062],[27.9323,36.0253],[27.8274,35.9138],[27.7804,35.89],[27.7327,35.9151],[27.7123,35.9527],[27.7541,36.0372],[27.7571,36.0844],[27.6843,36.1581],[27.772,36.1978],[27.8079,36.2742],[27.8997,36.3402],[28.1184,36.4277],[28.1839,36.4245],[28.2224,36.456],[28.2398,36.4387],[28.2258,36.418],[28.2363,36.373],[28.2112,36.3577]]],[[[27.6144,36.2197],[27.5315,36.2117],[27.5174,36.2309],[27.6165,36.2426],[27.6144,36.2197]]],[[[25.8469,36.3503],[25.7464,36.358],[25.7302,36.3801],[25.7678,36.4016],[25.8552,36.3636],[25.8469,36.3503]]],[[[27.4434,36.4121],[27.4282,36.3852],[27.3779,36.382],[27.3628,36.425],[27.315,36.4114],[27.2969,36.4276],[27.297,36.4652],[27.3558,36.4796],[27.3968,36.4387],[27.3996,36.4101],[27.4434,36.4121]]],[[[26.4549,36.5768],[26.4447,36.5895],[26.3733,36.5724],[26.3495,36.5156],[26.3177,36.5076],[26.266,36.5479],[26.2615,36.5876],[26.2948,36.5966],[26.3416,36.569],[26.366,36.5895],[26.3939,36.5857],[26.3894,36.6162],[26.3622,36.6305],[26.3933,36.6365],[26.4595,36.5967],[26.4549,36.5768]]],[[[27.8699,36.6243],[27.8767,36.5411],[27.8283,36.528],[27.8494,36.5479],[27.7925,36.567],[27.8079,36.5759],[27.76,36.5759],[27.7879,36.6168],[27.861,36.6467],[27.8153,36.61],[27.8357,36.6025],[27.8699,36.6243]]],[[[27.1401,36.5632],[27.1261,36.5801],[27.1668,36.6151],[27.2061,36.5871],[27.198,36.5683],[27.1401,36.5632]]],[[[27.1908,36.8123],[27.1299,36.7608],[27.0475,36.7751],[26.992,36.7536],[26.9657,36.7056],[26.9729,36.6789],[26.9177,36.7161],[26.9263,36.7656],[26.9588,36.7813],[26.986,36.7676],[27.0612,36.8393],[27.1642,36.8912],[27.2809,36.9079],[27.3558,36.8632],[27.1908,36.8123]]],[[[25.4764,36.8627],[25.4778,36.8352],[25.4231,36.8325],[25.447,36.8574],[25.4764,36.8627]]],[[[26.0731,36.8921],[26.0059,36.8912],[25.8796,36.795],[25.7555,36.77],[25.739,36.795],[25.8455,36.8086],[25.8631,36.8359],[25.8455,36.8496],[25.9719,36.898],[25.9507,36.9184],[25.9984,36.9389],[26.0731,36.8921]]],[[[25.6844,36.8912],[25.6546,36.8789],[25.6087,36.8837],[25.6497,36.9116],[25.6844,36.8912]]],[[[26.9116,36.9458],[26.9519,37.0351],[26.9172,37.0417],[26.8898,37.0898],[26.986,37.0488],[26.9729,37.042],[27.0071,37.0004],[27.0413,37.0079],[27.0404,36.9451],[26.9934,36.9526],[26.9834,36.9295],[26.9451,36.9259],[26.9116,36.9458]]],[[[25.5951,37.0997],[25.5525,36.9689],[25.4499,36.9184],[25.3418,37.0767],[25.5337,37.2007],[25.5863,37.1606],[25.5951,37.0997]]],[[[25.7805,37.124],[25.8346,37.1376],[25.8421,37.1103],[25.8005,37.0959],[25.7805,37.124]]],[[[26.8752,37.1001],[26.8376,37.1047],[26.8523,37.1246],[26.8172,37.1199],[26.8169,37.1466],[26.7727,37.1827],[26.8083,37.2003],[26.8498,37.1873],[26.8441,37.162],[26.8869,37.1166],[26.8752,37.1001]]],[[[26.5813,37.3467],[26.5488,37.3266],[26.5652,37.3084],[26.5573,37.2712],[26.5286,37.3007],[26.5364,37.3727],[26.5806,37.3701],[26.6061,37.3395],[26.5813,37.3467]]],[[[26.2306,37.5714],[26.0674,37.5218],[25.9907,37.5132],[25.9719,37.5355],[26.0742,37.6379],[26.1974,37.6323],[26.2808,37.6754],[26.3622,37.6863],[26.2306,37.5714]]],[[[27.0612,37.7067],[26.91,37.678],[26.8693,37.6447],[26.7974,37.6447],[26.7609,37.6897],[26.7083,37.7136],[26.5984,37.6772],[26.5803,37.7408],[26.6581,37.7928],[26.7718,37.8141],[26.8421,37.8091],[26.9661,37.7477],[26.9451,37.7887],[26.9934,37.7961],[27.0679,37.7744],[27.0322,37.7532],[27.0653,37.7291],[27.0612,37.7067]]],[[[26.1219,38.4875],[26.1541,38.4673],[26.1393,38.4189],[26.1636,38.3026],[26.1135,38.2842],[26.1121,38.2226],[26.04,38.2002],[26.0098,38.1567],[25.9646,38.1719],[25.9104,38.227],[25.8898,38.2206],[25.8898,38.248],[25.8661,38.2457],[25.8762,38.2753],[25.9644,38.3026],[25.9922,38.3436],[25.9854,38.392],[25.9507,38.4057],[25.9439,38.4534],[25.8753,38.4835],[25.8346,38.5286],[25.8489,38.5804],[25.9954,38.6042],[26.064,38.59],[26.1082,38.5428],[26.1157,38.5633],[26.1436,38.5644],[26.1636,38.5428],[26.1444,38.4929],[26.1219,38.4875]]],[[[25.6149,38.577],[25.605,38.5353],[25.5608,38.5353],[25.5608,38.5633],[25.5232,38.5974],[25.5889,38.6117],[25.6149,38.577]]],[[[26.5296,39.0286],[26.5161,39.0526],[26.5266,39.0834],[26.4893,39.1137],[26.437,39.1035],[26.5471,39.009],[26.5471,38.9879],[26.4242,38.9674],[26.1553,39.025],[26.0879,39.0834],[26.2256,39.1318],[26.2935,39.1772],[26.28,39.1964],[26.1873,39.2021],[26.064,39.0909],[25.8889,39.1447],[25.8346,39.1796],[25.8552,39.2213],[25.8421,39.228],[25.9172,39.2969],[25.9364,39.2766],[26.0332,39.2827],[26.0469,39.3032],[26.0606,39.2895],[26.1628,39.3236],[26.1636,39.3789],[26.3622,39.3789],[26.3547,39.3565],[26.4175,39.3305],[26.3822,39.2771],[26.5397,39.166],[26.5308,39.1506],[26.6123,39.0493],[26.5974,39.0119],[26.5296,39.0286]]],[[[25.5671,40.3999],[25.4435,40.4819],[25.5759,40.5147],[25.6719,40.4875],[25.6975,40.461],[25.6953,40.4327],[25.5671,40.3999]]]]}},{"type":"Feature","properties":{"id":"EU-HR","zh":"克羅地亞","en":"Croatia","labelLng":16.3724,"labelLat":45.8058},"geometry":{"type":"MultiPolygon","coordinates":[[[[15.2407,43.8808],[15.3957,43.7724],[15.3089,43.8056],[15.2278,43.8745],[15.2407,43.8808]]],[[[15.1333,43.9212],[15.1991,43.8776],[15.1213,43.9126],[15.0031,44.0523],[14.8701,44.1408],[14.8496,44.1756],[14.9544,44.1032],[15.0073,44.093],[15.0005,44.0794],[15.0227,44.0722],[15.0414,44.0264],[15.2202,43.9012],[15.1333,43.9212]]],[[[15.2066,44.0452],[15.0687,44.134],[15.0625,44.1619],[15.2258,44.0662],[15.2544,44.0179],[15.2233,44.0503],[15.2066,44.0452]]],[[[14.8692,44.1405],[14.8352,44.1417],[14.8198,44.153],[14.8224,44.1687],[14.8692,44.1405]]],[[[14.7917,44.2725],[14.7485,44.2617],[14.7396,44.2802],[14.7598,44.2921],[14.7917,44.2725]]],[[[14.6408,44.3118],[14.5951,44.3471],[14.6614,44.3087],[14.6408,44.3118]]],[[[14.8112,44.35],[14.7562,44.364],[14.7717,44.4179],[14.8032,44.4055],[14.8112,44.35]]],[[[14.7381,44.7031],[14.8452,44.6005],[14.8838,44.5797],[14.8801,44.6092],[14.9041,44.61],[15.0412,44.5275],[15.0755,44.4841],[14.9111,44.5523],[14.966,44.5239],[15.048,44.4394],[15.0967,44.4152],[15.0415,44.4766],[15.2544,44.34],[15.165,44.3674],[15.2158,44.3381],[15.2202,44.3127],[15.1309,44.3326],[15.1724,44.2991],[15.1288,44.312],[15.0967,44.34],[15.1104,44.3537],[15.0892,44.3742],[15.1172,44.3872],[15.049,44.3947],[15.0208,44.43],[14.8975,44.4909],[14.9186,44.5045],[14.7615,44.6586],[14.7381,44.7031]]],[[[14.512,44.4822],[14.4382,44.5455],[14.4661,44.5386],[14.4226,44.5739],[14.363,44.5734],[14.3826,44.6033],[14.3358,44.7168],[14.3975,44.6856],[14.41,44.601],[14.5344,44.4841],[14.512,44.4822]]],[[[14.2804,44.6776],[14.2568,44.6531],[14.2712,44.6125],[14.2326,44.626],[14.2658,44.6795],[14.2804,44.6776]]],[[[14.7541,44.7578],[14.6995,44.7652],[14.6579,44.7988],[14.7057,44.7925],[14.6995,44.8131],[14.7268,44.7988],[14.6858,44.8472],[14.7533,44.8459],[14.7405,44.8205],[14.8224,44.7714],[14.8591,44.7174],[14.8496,44.7032],[14.7405,44.7783],[14.7541,44.7578]]],[[[14.5344,44.6343],[14.473,44.6203],[14.4279,44.6566],[14.3945,44.7076],[14.3972,44.7516],[14.3682,44.7611],[14.3616,44.816],[14.3298,44.8339],[14.2942,44.9086],[14.3015,44.9434],[14.3874,44.909],[14.3903,44.9604],[14.4114,44.9564],[14.2785,45.1133],[14.3136,45.1724],[14.3562,45.1693],[14.3877,45.039],[14.4177,44.998],[14.4735,44.9714],[14.4519,44.9223],[14.4666,44.8048],[14.4519,44.7988],[14.4729,44.7652],[14.4722,44.708],[14.5139,44.6622],[14.5086,44.6453],[14.5344,44.6343]]],[[[14.6245,44.9855],[14.6209,45.0456],[14.6033,45.039],[14.617,45.0246],[14.5105,45.0322],[14.4251,45.0873],[14.4627,45.101],[14.4763,45.1284],[14.5301,45.1348],[14.5498,45.2214],[14.5344,45.2375],[14.5488,45.2487],[14.5959,45.2375],[14.584,45.2302],[14.6238,45.1755],[14.5974,45.1664],[14.6653,45.1618],[14.6653,45.0873],[14.7405,45.0731],[14.74,45.0443],[14.815,44.9775],[14.7609,44.9775],[14.7472,44.97],[14.7568,44.9487],[14.7234,44.9433],[14.6245,44.9855]]],[[[18.4371,42.4934],[18.4929,42.4424],[18.4964,42.4163],[18.2389,42.5591],[18.2175,42.6201],[18.076,42.6513],[18.0432,42.7021],[18.0283,42.6913],[17.9016,42.7519],[17.8807,42.7687],[17.8928,42.7908],[17.8067,42.8119],[17.7801,42.7969],[17.721,42.8262],[17.7619,42.7787],[17.7487,42.772],[17.7288,42.8008],[17.4404,42.8734],[17.4427,42.8986],[17.4172,42.9112],[17.2139,42.9826],[17.0462,42.9951],[17.0016,43.0515],[17.0733,43.0242],[17.2402,43.0228],[17.3905,42.9777],[17.4541,42.9423],[17.4602,42.9218],[17.5589,42.9128],[17.7415,42.8393],[17.7019,42.8685],[17.7074,42.887],[17.6533,42.8909],[17.7016,42.9195],[17.8118,42.9099],[17.8585,42.817],[18.2241,42.6281],[18.4374,42.5592],[18.4371,42.4934]]],[[[17.3738,42.76],[17.3237,42.7908],[17.3923,42.8017],[17.3716,42.7908],[17.486,42.7822],[17.5907,42.743],[17.6589,42.743],[17.7489,42.6946],[17.3859,42.7709],[17.3738,42.76]]],[[[16.9364,42.7555],[16.8343,42.7309],[16.8098,42.7498],[16.8241,42.7641],[16.803,42.7635],[16.8281,42.781],[16.9211,42.7772],[16.9364,42.7555]]],[[[17.2002,42.9218],[16.9729,42.9267],[16.8514,42.9007],[16.6554,42.9263],[16.6384,42.9348],[16.7068,42.9695],[16.6317,42.9826],[16.7205,42.9901],[16.8241,42.9621],[17.0321,42.9826],[17.1318,42.9695],[17.2002,42.9218]]],[[[16.2521,43.0624],[16.2103,43.0333],[16.0872,43.0115],[16.0632,43.0174],[16.0845,43.0259],[16.0791,43.0533],[16.0488,43.0652],[16.1302,43.0884],[16.2498,43.0794],[16.2521,43.0624]]],[[[16.6702,43.1255],[16.3716,43.1955],[16.4964,43.2181],[16.5833,43.1887],[16.5205,43.229],[16.5628,43.229],[16.6595,43.216],[16.7277,43.1646],[16.8644,43.1689],[17.1934,43.1273],[16.6702,43.1255]]],[[[16.4263,43.3252],[16.4535,43.3532],[16.4263,43.3941],[16.447,43.3948],[16.6877,43.377],[16.8098,43.3532],[16.7962,43.3464],[16.8923,43.3122],[16.8462,43.2734],[16.6283,43.2637],[16.5007,43.2842],[16.4219,43.3176],[16.4058,43.3327],[16.4263,43.3252]]],[[[16.207,43.3873],[16.2056,43.4129],[16.277,43.4119],[16.3914,43.3464],[16.3486,43.3387],[16.207,43.3873]]],[[[16.3753,43.4902],[16.2118,43.4956],[16.2644,43.5129],[16.3753,43.4902]]],[[[15.672,43.6374],[15.6038,43.6747],[15.6502,43.673],[15.7404,43.6275],[15.672,43.6374]]],[[[15.2612,44.0111],[15.384,43.9702],[15.4461,43.8875],[15.3587,43.9194],[15.2612,44.0111]]],[[[16.3441,46.547],[16.6593,46.4642],[16.7551,46.3819],[16.7693,46.3961],[16.8505,46.3731],[16.8892,46.2922],[17.0529,46.1535],[17.1162,46.1231],[17.2086,46.1166],[17.2486,46.0802],[17.2759,46.012],[17.3168,45.9977],[17.2901,45.9846],[17.3271,45.972],[17.3379,45.9846],[17.3453,45.9557],[17.3892,45.9631],[17.4062,45.9437],[17.5119,45.9539],[17.5911,45.9362],[17.6458,45.8918],[17.6565,45.8454],[17.8092,45.8144],[17.8581,45.7717],[17.8898,45.7921],[18.0805,45.7717],[18.2112,45.7854],[18.3177,45.7473],[18.3672,45.7582],[18.4044,45.7418],[18.4818,45.7914],[18.5303,45.7908],[18.5735,45.8167],[18.6556,45.9076],[18.7755,45.8828],[18.8049,45.9136],[18.9013,45.9312],[18.907,45.9157],[18.8729,45.8952],[18.907,45.868],[18.8553,45.8574],[18.845,45.8157],[18.9002,45.7649],[18.9173,45.7066],[18.9685,45.6687],[18.9124,45.6192],[18.9036,45.5731],[18.9417,45.5389],[19.0181,45.5674],[19.1063,45.5116],[19.0772,45.4916],[19.0096,45.4987],[18.9971,45.4555],[19.0313,45.4162],[18.9755,45.3911],[18.9775,45.3712],[19.083,45.3392],[19.1041,45.2987],[19.1585,45.2762],[19.3781,45.2296],[19.4078,45.2031],[19.3907,45.1693],[19.2867,45.1795],[19.2259,45.1619],[19.1219,45.1958],[19.1377,45.146],[19.0449,45.1372],[19.0823,45.0849],[19.0872,44.9771],[19.1186,44.9756],[19.1317,44.9532],[19.0667,44.9057],[19.0184,44.9257],[18.9914,44.9149],[19.0158,44.8656],[18.8896,44.8612],[18.7834,44.9137],[18.7726,44.9425],[18.8046,44.9738],[18.7918,45.0015],[18.7383,45.0159],[18.6841,45.0848],[18.6487,45.0627],[18.6167,45.0977],[18.5496,45.0948],[18.5349,45.0904],[18.5411,45.0553],[18.517,45.0559],[18.412,45.1124],[18.3223,45.1229],[18.2379,45.1575],[18.2023,45.1441],[18.1925,45.1085],[18.1537,45.0976],[18.0035,45.1493],[17.9112,45.0811],[17.8357,45.0644],[17.6847,45.164],[17.63,45.1573],[17.5724,45.1204],[17.4819,45.1144],[17.4962,45.1417],[17.4478,45.1343],[17.4581,45.1461],[17.4433,45.1621],[17.3824,45.1396],[17.269,45.1895],[17.2455,45.1554],[17.1871,45.1486],[17.0557,45.2004],[17.0363,45.2305],[17.0083,45.2162],[17.0083,45.2442],[16.9987,45.2314],[16.9612,45.2509],[16.968,45.2373],[16.9473,45.2357],[16.9244,45.2845],[16.8307,45.217],[16.8117,45.1812],[16.5289,45.2223],[16.4819,45.1995],[16.4355,45.1329],[16.3892,45.1168],[16.3406,45.0059],[16.3162,45.0012],[16.213,45.0315],[16.1215,45.0962],[16.0675,45.1696],[16.0244,45.1843],[16.0204,45.2139],[15.8789,45.2172],[15.7923,45.1898],[15.7838,45.1009],[15.756,45.0422],[15.7636,44.9756],[15.7309,44.9272],[15.7734,44.845],[15.7161,44.8032],[15.7285,44.7691],[15.8057,44.6967],[15.8888,44.7242],[15.969,44.6392],[16.0283,44.6247],[16.0447,44.5894],[16.0061,44.541],[16.1165,44.5215],[16.1597,44.4161],[16.1383,44.3776],[16.2029,44.3598],[16.1876,44.2824],[16.2158,44.2082],[16.3269,44.0824],[16.414,44.0558],[16.4396,44.014],[16.501,43.9927],[16.6786,43.8407],[16.7126,43.7715],[17.0305,43.5485],[17.1428,43.4893],[17.2705,43.4632],[17.2864,43.4374],[17.2676,43.3533],[17.2899,43.3034],[17.4002,43.216],[17.4421,43.1524],[17.6284,43.0466],[17.6627,42.9657],[17.6345,42.9504],[17.5807,42.9421],[17.5156,42.9589],[17.4709,43.0134],[17.502,43.031],[17.4336,43.0174],[17.4602,43.031],[17.4323,43.0362],[17.4261,43.0652],[17.4046,43.0515],[17.3163,43.1273],[17.1139,43.2132],[16.8806,43.406],[16.6258,43.449],[16.5247,43.5108],[16.3914,43.5108],[16.4734,43.5382],[16.4338,43.5498],[16.1177,43.5245],[16.1724,43.4897],[16.1131,43.4789],[15.9595,43.504],[15.9873,43.5449],[15.9595,43.5382],[15.9253,43.5586],[15.9442,43.5667],[15.918,43.5729],[15.9321,43.5866],[15.919,43.6287],[15.9663,43.6412],[15.9048,43.648],[15.953,43.6509],[15.9321,43.6684],[15.9505,43.6885],[15.939,43.6964],[15.9312,43.6765],[15.7922,43.7545],[15.7063,43.7634],[15.6821,43.7972],[15.6174,43.8255],[15.6631,43.813],[15.6789,43.8193],[15.4551,43.928],[15.1445,44.1955],[15.1604,44.2132],[15.1522,44.2353],[15.1104,44.2643],[15.1406,44.2825],[15.1766,44.2499],[15.2078,44.2728],[15.1854,44.2854],[15.2066,44.2854],[15.1981,44.3017],[15.2953,44.2507],[15.2817,44.2854],[15.3027,44.2991],[15.2612,44.3326],[15.4245,44.268],[15.5287,44.2718],[15.4492,44.2854],[15.406,44.3206],[15.308,44.3544],[15.0801,44.5361],[15.0073,44.5697],[14.8838,44.7236],[14.8838,44.8615],[14.9216,44.9588],[14.8528,45.0937],[14.6579,45.1966],[14.576,45.2623],[14.5708,45.2936],[14.5344,45.3127],[14.5554,45.2959],[14.5331,45.2839],[14.4024,45.3386],[14.3115,45.344],[14.272,45.2901],[14.2326,45.1494],[14.2092,45.1264],[14.1794,45.1345],[14.1931,45.1056],[14.1582,45.0873],[14.1582,45.0532],[14.1439,45.0594],[14.1662,45.0189],[14.1514,44.9775],[14.1013,44.9743],[14.0689,44.9495],[14.0838,44.9864],[14.0403,45.039],[14.0443,45.0014],[14.0757,44.9837],[14.0347,44.9564],[14.0205,44.9011],[13.9727,44.9011],[13.993,44.8813],[13.9727,44.8266],[14.0,44.8131],[13.9248,44.8131],[13.8901,44.8335],[13.918,44.7783],[13.9032,44.7724],[13.897,44.8131],[13.7871,44.8751],[13.8196,44.8677],[13.8423,44.8881],[13.7946,44.895],[13.8081,44.9154],[13.7741,44.9638],[13.6608,45.0612],[13.6232,45.0731],[13.6369,45.0936],[13.6126,45.1179],[13.7262,45.1345],[13.596,45.1454],[13.5823,45.1966],[13.5952,45.2508],[13.5755,45.2649],[13.6027,45.2853],[13.5755,45.3065],[13.6095,45.3201],[13.5413,45.3461],[13.5549,45.3673],[13.5134,45.4362],[13.5071,45.5119],[13.6241,45.4627],[13.7593,45.4632],[13.889,45.4236],[13.9826,45.4753],[13.9615,45.4931],[13.9719,45.5142],[14.0929,45.4739],[14.2187,45.4972],[14.3728,45.4778],[14.4689,45.5256],[14.4986,45.5962],[14.5809,45.6678],[14.6031,45.6036],[14.6698,45.5646],[14.6685,45.534],[14.7812,45.4933],[14.7972,45.4652],[14.8816,45.4698],[14.9044,45.5144],[14.9226,45.5149],[15.0562,45.4799],[15.1393,45.43],[15.3252,45.4528],[15.3614,45.482],[15.2967,45.523],[15.2686,45.6017],[15.2974,45.6257],[15.3738,45.6402],[15.3308,45.6846],[15.283,45.6801],[15.2509,45.7077],[15.255,45.7235],[15.4291,45.7753],[15.4513,45.8151],[15.6261,45.8202],[15.6761,45.8417],[15.6594,45.8888],[15.6742,45.9932],[15.698,46.0362],[15.5899,46.1135],[15.6043,46.167],[15.6398,46.2077],[15.7498,46.2108],[15.8183,46.2555],[16.0192,46.2988],[16.0596,46.3323],[16.058,46.3775],[16.106,46.3737],[16.1439,46.3947],[16.1918,46.3698],[16.2756,46.3732],[16.2509,46.405],[16.2349,46.4933],[16.3441,46.547]]]]}},{"type":"Feature","properties":{"id":"EU-HU","zh":"匈牙利","en":"Hungary","labelLng":19.4479,"labelLat":47.0868},"geometry":{"type":"Polygon","coordinates":[[[22.8776,47.9467],[22.8361,47.9025],[22.7636,47.8748],[22.7518,47.8277],[22.6377,47.7716],[22.563,47.7572],[22.4544,47.7874],[22.4237,47.7826],[22.3959,47.7357],[22.2731,47.7238],[22.2079,47.6737],[22.1621,47.5862],[22.0079,47.5174],[21.9889,47.4929],[22.0016,47.3938],[21.8622,47.2974],[21.8199,47.1727],[21.7638,47.1052],[21.6328,47.0227],[21.6714,46.9934],[21.6485,46.943],[21.5899,46.9089],[21.5834,46.8479],[21.5029,46.8053],[21.4705,46.743],[21.5052,46.7232],[21.5018,46.7035],[21.4362,46.6737],[21.396,46.6264],[21.301,46.6039],[21.2913,46.5467],[21.2451,46.4769],[21.2807,46.4164],[21.1956,46.3981],[21.1445,46.2837],[21.0992,46.2763],[21.0515,46.2361],[20.8196,46.2717],[20.7393,46.2375],[20.7447,46.1923],[20.7103,46.1881],[20.6988,46.1565],[20.664,46.1378],[20.6001,46.1296],[20.4685,46.1741],[20.4442,46.1469],[20.2832,46.1438],[20.2428,46.1081],[20.1885,46.1404],[20.0984,46.155],[20.035,46.143],[19.9292,46.1635],[19.7905,46.1291],[19.6693,46.1731],[19.5499,46.1642],[19.4875,46.1342],[19.4993,46.1086],[19.4537,46.0776],[19.3789,46.0337],[19.307,46.0266],[19.2635,45.9814],[19.148,45.9841],[19.0885,46.0188],[19.0497,45.9931],[19.0486,45.9634],[18.9818,45.9508],[18.9818,45.9218],[18.8865,45.9304],[18.8283,45.9057],[18.8049,45.9136],[18.7755,45.8828],[18.6556,45.9076],[18.5735,45.8167],[18.5303,45.7908],[18.4818,45.7914],[18.4044,45.7418],[18.3672,45.7582],[18.3177,45.7473],[18.2112,45.7854],[18.0805,45.7717],[17.8898,45.7921],[17.8581,45.7717],[17.8092,45.8144],[17.6565,45.8454],[17.6458,45.8918],[17.5911,45.9362],[17.3453,45.9557],[17.3379,45.9846],[17.3271,45.972],[17.2901,45.9846],[17.3168,45.9977],[17.2759,46.012],[17.2486,46.0802],[17.2086,46.1166],[17.1012,46.1282],[16.9748,46.2106],[16.8892,46.2922],[16.8751,46.3429],[16.8377,46.3819],[16.7693,46.3961],[16.7551,46.3819],[16.6593,46.4642],[16.5943,46.483],[16.5776,46.4707],[16.5153,46.5017],[16.5008,46.5448],[16.3684,46.643],[16.4105,46.6684],[16.3142,46.7433],[16.2982,46.7758],[16.3253,46.8394],[16.272,46.864],[16.094,46.8628],[16.2239,46.9411],[16.2749,47.0043],[16.4864,46.9986],[16.4247,47.0241],[16.4932,47.0491],[16.4543,47.0817],[16.5095,47.1375],[16.4337,47.1458],[16.4418,47.1771],[16.4128,47.1872],[16.4214,47.2431],[16.4732,47.2768],[16.4244,47.3452],[16.434,47.3968],[16.4566,47.4118],[16.4819,47.3923],[16.6409,47.4529],[16.6368,47.4932],[16.6774,47.5099],[16.6891,47.538],[16.6506,47.5666],[16.6302,47.622],[16.4078,47.6613],[16.4391,47.6905],[16.5129,47.706],[16.5311,47.743],[16.5678,47.7542],[16.6899,47.7296],[16.7304,47.6859],[16.7975,47.6755],[16.8502,47.7129],[16.8647,47.6867],[16.9027,47.682],[17.0754,47.7085],[17.0506,47.731],[17.0406,47.8011],[17.0556,47.8124],[17.0041,47.8633],[17.0676,47.8816],[17.0957,47.9557],[17.0856,47.9701],[17.1848,48.0203],[17.3379,47.9987],[17.5726,47.8295],[17.6042,47.8342],[17.6767,47.7892],[17.8257,47.75],[18.2359,47.7539],[18.5526,47.7928],[18.6928,47.778],[18.8165,47.8326],[18.7488,47.8707],[18.7432,47.9711],[18.7942,47.9931],[18.8385,48.04],[18.9965,48.0662],[19.2225,48.0606],[19.2932,48.0878],[19.4282,48.0859],[19.4817,48.1113],[19.514,48.204],[19.6232,48.227],[19.687,48.1969],[19.7566,48.2003],[19.7761,48.1495],[19.8217,48.1579],[19.9286,48.1301],[20.1053,48.2028],[20.1345,48.2467],[20.2291,48.2709],[20.2724,48.2525],[20.3243,48.2799],[20.4206,48.4292],[20.4817,48.4787],[20.4817,48.5261],[20.8003,48.5692],[20.9458,48.519],[21.1093,48.4891],[21.2199,48.5187],[21.2618,48.5032],[21.3218,48.5476],[21.4246,48.5613],[21.4994,48.5351],[21.5218,48.5001],[21.5917,48.493],[21.6134,48.4404],[21.6776,48.3723],[21.759,48.3338],[21.9293,48.3729],[22.0779,48.3758],[22.202,48.4182],[22.2718,48.4035],[22.2568,48.3573],[22.2987,48.3491],[22.3081,48.2937],[22.3571,48.2431],[22.4814,48.2426],[22.5558,48.1772],[22.6055,48.097],[22.7457,48.1163],[22.8014,48.091],[22.8548,48.0473],[22.8616,48.0284],[22.8324,47.9789],[22.8776,47.9467]]]}},{"type":"Feature","properties":{"id":"EU-IE","zh":"愛爾蘭","en":"Ireland","labelLng":-7.7986,"labelLat":53.0787},"geometry":{"type":"MultiPolygon","coordinates":[[[[-9.7993,51.6368],[-9.8922,51.6113],[-9.9179,51.6194],[-9.8817,51.6411],[-9.7993,51.6368]]],[[[-10.3046,51.9107],[-10.4058,51.8841],[-10.429,51.8898],[-10.3517,51.9311],[-10.3016,51.9248],[-10.3046,51.9107]]],[[[-9.6424,53.0938],[-9.6605,53.0906],[-9.8114,53.1376],[-9.6711,53.1305],[-9.6715,53.1092],[-9.6424,53.0938]]],[[[-9.6924,53.2264],[-9.719,53.2604],[-9.7104,53.2755],[-9.6715,53.2807],[-9.6383,53.251],[-9.6924,53.2264]]],[[[-7.283,55.0518],[-7.355,55.0409],[-7.4053,55.0036],[-7.4087,54.9511],[-7.4453,54.9322],[-7.4551,54.863],[-7.5434,54.7931],[-7.5431,54.7417],[-7.6497,54.7449],[-7.7705,54.706],[-7.8459,54.731],[-7.9297,54.6967],[-7.9071,54.6867],[-7.9066,54.6613],[-7.8464,54.6314],[-7.815,54.6395],[-7.7536,54.6145],[-7.7106,54.6243],[-7.7079,54.6042],[-7.8871,54.5321],[-8.0022,54.5434],[-8.0724,54.4871],[-8.1738,54.4617],[-8.0565,54.3659],[-8.0022,54.3579],[-7.9508,54.3009],[-7.8803,54.287],[-7.8564,54.2114],[-7.7048,54.2004],[-7.609,54.1399],[-7.5023,54.1251],[-7.4147,54.1457],[-7.4258,54.137],[-7.3947,54.1219],[-7.327,54.1136],[-7.3103,54.1147],[-7.326,54.1546],[-7.2955,54.1651],[-7.2974,54.1259],[-7.28,54.1262],[-7.2458,54.167],[-7.2611,54.1809],[-7.2491,54.1974],[-7.1533,54.2242],[-7.1459,54.2521],[-7.209,54.2934],[-7.1846,54.3166],[-7.1925,54.3347],[-7.127,54.3498],[-7.0785,54.3947],[-7.0178,54.4132],[-6.8797,54.3416],[-6.8567,54.2928],[-6.8822,54.2773],[-6.8377,54.2605],[-6.7878,54.203],[-6.7448,54.1842],[-6.6947,54.198],[-6.6403,54.168],[-6.6725,54.0684],[-6.6306,54.0418],[-6.4785,54.0677],[-6.3775,54.0633],[-6.3548,54.1107],[-6.2847,54.1052],[-6.1073,54.0136],[-6.1608,53.9744],[-6.3599,54.016],[-6.3478,54.0036],[-6.3783,53.9349],[-6.3508,53.8814],[-6.2432,53.8651],[-6.255,53.8222],[-6.2228,53.7963],[-6.2484,53.7558],[-6.2299,53.6566],[-6.0773,53.5546],[-6.1334,53.4611],[-6.1948,53.4611],[-6.1306,53.4426],[-6.1129,53.4127],[-6.1265,53.399],[-6.0509,53.3854],[-6.062,53.3674],[-6.1323,53.3916],[-6.2182,53.3472],[-6.1552,53.2994],[-6.097,53.2855],[-6.1049,53.2294],[-6.0304,53.111],[-6.0516,53.0093],[-5.9935,52.9574],[-6.038,52.9197],[-6.0644,52.8646],[-6.1301,52.816],[-6.1479,52.7462],[-6.2153,52.666],[-6.2091,52.5458],[-6.3562,52.409],[-6.3661,52.3444],[-6.4689,52.36],[-6.463,52.378],[-6.4965,52.3643],[-6.4561,52.3358],[-6.455,52.3122],[-6.4092,52.2893],[-6.373,52.3227],[-6.3898,52.2956],[-6.3183,52.2408],[-6.347,52.1973],[-6.3771,52.1782],[-6.3995,52.1855],[-6.3823,52.212],[-6.4256,52.1938],[-6.4726,52.207],[-6.5797,52.1782],[-6.7156,52.2166],[-6.8056,52.2128],[-6.764,52.2613],[-6.8323,52.2408],[-6.8391,52.2128],[-6.8186,52.2204],[-6.8323,52.1936],[-6.8186,52.1862],[-6.9321,52.1247],[-6.949,52.1309],[-6.9037,52.1722],[-6.9974,52.2892],[-6.9695,52.2204],[-6.98,52.1859],[-6.9551,52.1793],[-7.0172,52.1384],[-7.106,52.1309],[-7.0718,52.1657],[-7.1064,52.173],[-7.1202,52.1657],[-7.106,52.152],[-7.1496,52.1563],[-7.1874,52.1328],[-7.4355,52.1257],[-7.5653,52.0837],[-7.6,52.101],[-7.6311,52.079],[-7.6273,52.0627],[-7.5452,52.055],[-7.5826,52.0285],[-7.5899,51.9912],[-7.7093,51.9739],[-7.7233,51.9446],[-7.8293,51.9534],[-7.8498,51.9801],[-7.8699,51.9295],[-7.9222,51.9118],[-7.8806,51.892],[-7.8915,51.8819],[-8.0082,51.8558],[-8.0231,51.8436],[-8.0041,51.8299],[-8.0206,51.8239],[-8.2462,51.8027],[-8.2301,51.8367],[-8.1754,51.8572],[-8.2028,51.864],[-8.1871,51.8931],[-8.4088,51.8918],[-8.4294,51.8845],[-8.3293,51.8613],[-8.3474,51.8299],[-8.2983,51.8299],[-8.2921,51.81],[-8.3195,51.8026],[-8.2847,51.8026],[-8.3052,51.7821],[-8.2974,51.766],[-8.3457,51.7247],[-8.4355,51.6927],[-8.484,51.7138],[-8.4642,51.695],[-8.484,51.6784],[-8.4911,51.6987],[-8.5124,51.706],[-8.5584,51.7064],[-8.4975,51.6927],[-8.5392,51.6484],[-8.5317,51.6108],[-8.5727,51.645],[-8.7576,51.645],[-8.69,51.6313],[-8.6962,51.5766],[-8.8539,51.5959],[-8.9332,51.5353],[-8.9911,51.563],[-9.0729,51.5494],[-9.1208,51.563],[-9.1157,51.5379],[-9.1925,51.5246],[-9.1896,51.5084],[-9.2238,51.4873],[-9.2648,51.4873],[-9.2721,51.5084],[-9.3814,51.4736],[-9.3467,51.5009],[-9.3729,51.4913],[-9.3678,51.5084],[-9.3199,51.5351],[-9.4018,51.5009],[-9.4139,51.5111],[-9.4018,51.546],[-9.4433,51.5595],[-9.448,51.5436],[-9.6113,51.4938],[-9.6559,51.5202],[-9.7172,51.4804],[-9.7035,51.4736],[-9.8202,51.4457],[-9.8134,51.4736],[-9.8339,51.4873],[-9.5459,51.6108],[-9.592,51.6137],[-9.785,51.5525],[-9.8475,51.5494],[-9.5946,51.6555],[-9.4586,51.684],[-9.4429,51.72],[-9.5255,51.7269],[-9.5255,51.7473],[-9.5602,51.7616],[-9.5459,51.72],[-9.6268,51.685],[-9.8741,51.6562],[-10.0288,51.5965],[-10.1161,51.6003],[-10.1561,51.5828],[-10.1492,51.6108],[-10.0598,51.6313],[-10.0707,51.657],[-10.1008,51.6592],[-10.0881,51.6716],[-10.0038,51.678],[-9.9569,51.7064],[-9.9978,51.7138],[-9.9807,51.7319],[-9.8885,51.7616],[-9.9023,51.7412],[-9.8679,51.7486],[-9.8544,51.7753],[-9.7855,51.7685],[-9.8134,51.7883],[-9.7377,51.8367],[-9.5807,51.8777],[-9.758,51.847],[-9.8638,51.8043],[-9.8822,51.8237],[-10.1356,51.7412],[-10.1298,51.7543],[-10.2244,51.7821],[-10.1861,51.7896],[-10.1771,51.8137],[-10.1942,51.8391],[-10.2346,51.851],[-10.3411,51.7883],[-10.3411,51.8436],[-10.3889,51.8462],[-10.3819,51.8777],[-10.3956,51.8845],[-10.2541,51.9087],[-10.255,51.9255],[-10.3069,51.9534],[-10.2585,51.9739],[-10.2662,51.9885],[-10.0333,52.0411],[-9.9927,52.0559],[-9.9711,52.0899],[-9.9543,52.0642],[-9.9264,52.0627],[-9.9084,52.1309],[-9.7718,52.1247],[-9.793,52.1384],[-9.7582,52.152],[-9.9569,52.1452],[-9.9547,52.1088],[-9.9978,52.1384],[-10.1863,52.1094],[-10.2789,52.1364],[-10.3069,52.1247],[-10.2721,52.1117],[-10.3683,52.1247],[-10.3541,52.1117],[-10.4366,52.0974],[-10.4675,52.1151],[-10.4782,52.152],[-10.4509,52.1657],[-10.4613,52.18],[-10.4093,52.1998],[-10.4167,52.1862],[-10.3721,52.1756],[-10.3666,52.2282],[-10.3205,52.2346],[-10.2758,52.2681],[-10.1719,52.2868],[-10.1561,52.2786],[-10.1662,52.2346],[-10.1008,52.2408],[-10.0449,52.2693],[-10.036,52.2904],[-10.0598,52.3096],[-10.0135,52.3063],[-10.0088,52.2534],[-9.9475,52.2376],[-9.8722,52.2327],[-9.8256,52.2582],[-9.81,52.2421],[-9.7377,52.2482],[-9.8694,52.2731],[-9.8811,52.296],[-9.8492,52.2847],[-9.8339,52.2892],[-9.8619,52.3035],[-9.8265,52.3096],[-9.8345,52.3752],[-9.9499,52.4121],[-9.7489,52.4567],[-9.7035,52.4835],[-9.6346,52.4736],[-9.6505,52.4938],[-9.6831,52.4946],[-9.6756,52.5458],[-9.6483,52.5704],[-9.2721,52.5772],[-9.0524,52.6318],[-9.0056,52.6208],[-8.96,52.6523],[-8.7512,52.673],[-8.9608,52.6937],[-8.9521,52.7343],[-8.9699,52.7485],[-8.9426,52.7752],[-9.0236,52.7471],[-9.1468,52.6238],[-9.2548,52.6114],[-9.2858,52.5908],[-9.3331,52.5977],[-9.279,52.6393],[-9.4345,52.612],[-9.5249,52.637],[-9.5442,52.6667],[-9.5807,52.666],[-9.5528,52.6393],[-9.6944,52.6056],[-9.7069,52.5802],[-9.9364,52.5567],[-9.8241,52.5952],[-9.6217,52.7138],[-9.6284,52.7274],[-9.4986,52.7525],[-9.4913,52.8032],[-9.3541,52.9335],[-9.4777,52.9403],[-9.3876,53.0086],[-9.2722,53.1467],[-9.1586,53.111],[-9.0729,53.1185],[-9.0701,53.1345],[-9.1282,53.1594],[-9.0696,53.1662],[-9.0041,53.1457],[-9.0456,53.1737],[-8.9867,53.177],[-8.9364,53.1457],[-8.9569,53.1799],[-8.8948,53.2209],[-9.0456,53.2209],[-8.9631,53.2352],[-8.9911,53.2482],[-8.9426,53.2618],[-9.0221,53.2755],[-9.5117,53.2283],[-9.5664,53.2618],[-9.5546,53.2907],[-9.6123,53.2362],[-9.6284,53.2482],[-9.6091,53.2763],[-9.6173,53.3215],[-9.5608,53.3412],[-9.6011,53.3649],[-9.5528,53.3854],[-9.6217,53.3785],[-9.6066,53.3494],[-9.6346,53.3301],[-9.6525,53.3413],[-9.6378,53.3775],[-9.6527,53.3928],[-9.7431,53.3144],[-9.8067,53.3016],[-9.8429,53.3233],[-9.9023,53.3239],[-9.8872,53.3592],[-9.7855,53.3928],[-9.8202,53.399],[-9.7992,53.4195],[-9.8602,53.3942],[-9.8811,53.4064],[-9.8475,53.4337],[-9.9114,53.426],[-9.9224,53.3892],[-9.9614,53.3796],[-10.0141,53.3813],[-10.0632,53.4127],[-10.1765,53.4127],[-10.1422,53.4457],[-10.053,53.4536],[-10.0871,53.4815],[-10.0206,53.4704],[-10.0121,53.4815],[-10.1073,53.4945],[-10.1527,53.5436],[-10.2032,53.5436],[-10.1803,53.5555],[-10.1077,53.5498],[-10.1151,53.5703],[-10.0707,53.57],[-10.0052,53.5436],[-9.9711,53.5629],[-10.0468,53.5993],[-9.8679,53.6174],[-9.8229,53.6064],[-9.6968,53.5982],[-9.9084,53.6461],[-9.9227,53.6907],[-9.8995,53.7438],[-9.9084,53.7621],[-9.7892,53.7866],[-9.5664,53.7963],[-9.6217,53.8173],[-9.5602,53.8651],[-9.5869,53.872],[-9.5664,53.8993],[-9.7582,53.8993],[-9.9108,53.8587],[-9.9438,53.8794],[-9.9084,53.9204],[-9.9159,53.9538],[-9.868,53.9614],[-9.7875,53.9161],[-9.7855,53.9471],[-9.8127,53.9663],[-9.8317,53.9563],[-9.8496,53.9975],[-9.8989,54.0253],[-9.8977,54.0551],[-9.8339,54.1121],[-9.8811,54.1121],[-9.9174,54.0697],[-9.9707,54.0786],[-9.991,54.1047],[-9.9084,54.1184],[-9.9773,54.1805],[-9.9364,54.1873],[-10.0109,54.2183],[-10.0257,54.2077],[-10.017,54.1887],[-10.053,54.1873],[-10.0394,54.1668],[-10.0871,54.1593],[-10.0666,54.1252],[-10.0946,54.1184],[-10.0669,54.0949],[-10.1174,54.0959],[-10.1282,54.1252],[-10.0598,54.2221],[-10.1151,54.2351],[-9.9978,54.3039],[-9.9718,54.2772],[-9.8811,54.263],[-9.9272,54.2268],[-9.9773,54.2425],[-9.9836,54.223],[-9.9099,54.2044],[-9.868,54.2282],[-9.8752,54.2565],[-9.8439,54.2766],[-9.765,54.2556],[-9.7992,54.2835],[-9.7582,54.2835],[-9.8292,54.2969],[-9.846,54.3214],[-9.7855,54.3381],[-9.7069,54.3176],[-9.4944,54.3176],[-9.3845,54.2972],[-9.3342,54.3183],[-9.2684,54.3039],[-9.2477,54.2766],[-9.211,54.2756],[-9.2176,54.2487],[-9.1959,54.2425],[-9.2104,54.2178],[-9.1493,54.1806],[-9.1412,54.1457],[-9.135,54.2077],[-9.0902,54.2266],[-9.0513,54.2895],[-8.939,54.29],[-8.8566,54.263],[-8.6764,54.2713],[-8.5727,54.2003],[-8.5112,54.2077],[-8.621,54.2556],[-8.5937,54.2835],[-8.4703,54.2766],[-8.5727,54.3139],[-8.5317,54.3102],[-8.5192,54.3267],[-8.6614,54.338],[-8.6639,54.3593],[-8.4741,54.43],[-8.4667,54.475],[-8.443,54.4473],[-8.2102,54.5019],[-8.271,54.5237],[-8.2164,54.5504],[-8.2189,54.5698],[-8.1725,54.5945],[-8.1754,54.6193],[-8.1376,54.6056],[-8.1208,54.6466],[-8.2921,54.6056],[-8.2803,54.6296],[-8.3017,54.6398],[-8.4566,54.5646],[-8.3848,54.6057],[-8.3877,54.6199],[-8.4219,54.6193],[-8.4316,54.6413],[-8.4615,54.6029],[-8.4941,54.633],[-8.564,54.6088],[-8.6726,54.6195],[-8.6914,54.6413],[-8.7918,54.6596],[-8.7781,54.6801],[-8.7978,54.692],[-8.6366,54.7685],[-8.4566,54.7564],[-8.5454,54.7838],[-8.5299,54.7881],[-8.4082,54.7626],[-8.5584,54.8179],[-8.4907,54.852],[-8.3257,54.8315],[-8.3813,54.8559],[-8.3667,54.8811],[-8.3127,54.8793],[-8.337,54.9036],[-8.4093,54.887],[-8.4508,54.9221],[-8.4634,54.9408],[-8.4504,54.9463],[-8.4184,54.9346],[-8.3666,54.9482],[-8.4566,55.0029],[-8.415,55.0029],[-8.4032,55.0307],[-8.3474,55.0643],[-8.32,55.0343],[-8.3052,55.0581],[-8.3204,55.1049],[-8.2785,55.1605],[-8.2065,55.1469],[-8.1413,55.1605],[-8.1565,55.1245],[-7.9768,55.2219],[-7.9502,55.2103],[-8.0041,55.1741],[-7.9086,55.1884],[-7.8988,55.1564],[-7.8601,55.1679],[-7.8949,55.1401],[-7.8564,55.139],[-7.8347,55.165],[-7.8661,55.2149],[-7.7987,55.2561],[-7.8157,55.1946],[-7.7176,55.1666],[-7.6956,55.1332],[-7.7025,55.0991],[-7.6682,55.1472],[-7.6951,55.2075],[-7.7239,55.2146],[-7.7093,55.1741],[-7.7231,55.1757],[-7.7917,55.206],[-7.7882,55.2186],[-7.7609,55.2561],[-7.644,55.2728],[-7.6114,55.2414],[-7.6145,55.196],[-7.5727,55.181],[-7.5258,55.1162],[-7.5414,55.0922],[-7.641,55.0507],[-7.5618,55.0445],[-7.6814,54.9544],[-7.4562,55.0561],[-7.4544,55.0862],[-7.4775,55.0964],[-7.4629,55.1435],[-7.5495,55.2154],[-7.5162,55.2541],[-7.5243,55.2903],[-7.4786,55.2839],[-7.4691,55.3039],[-7.4059,55.2869],[-7.3475,55.3143],[-7.3209,55.2822],[-7.2567,55.284],[-7.3507,55.3352],[-7.353,55.3585],[-7.4002,55.3803],[-7.3844,55.3864],[-7.2089,55.3451],[-7.1291,55.2858],[-6.9396,55.2391],[-6.9428,55.2186],[-7.1595,55.1508],[-7.283,55.0518]]],[[[-9.9307,53.9591],[-9.9364,53.8925],[-9.958,53.8806],[-10.0555,53.9137],[-10.0666,53.9676],[-10.1628,53.9614],[-10.2659,53.9818],[-10.2185,53.986],[-10.1896,54.016],[-10.1344,54.0003],[-10.0632,54.0228],[-9.9759,54.0211],[-9.9364,53.9892],[-9.9569,53.9892],[-9.9636,53.9538],[-9.9307,53.9591]]],[[[-8.5435,55.0153],[-8.484,54.9755],[-8.5658,54.9755],[-8.5435,55.0153]]]]}},{"type":"Feature","properties":{"id":"EU-IS","zh":"冰島","en":"Iceland","labelLng":-18.6737,"labelLat":64.7793},"geometry":{"type":"MultiPolygon","coordinates":[[[[-20.2526,63.4295],[-20.2795,63.4027],[-20.3056,63.4348],[-20.2589,63.4514],[-20.2526,63.4295]]],[[[-17.7432,63.7032],[-17.7493,63.692],[-17.7711,63.6807],[-17.7606,63.696],[-17.8233,63.6914],[-17.7731,63.7181],[-17.7432,63.7032]]],[[[-14.5636,66.3845],[-14.9906,66.2858],[-15.0148,66.2684],[-14.9352,66.2219],[-14.9521,66.1933],[-15.056,66.1481],[-15.1346,66.1433],[-15.1794,66.1113],[-15.0741,66.0971],[-15.0558,66.0704],[-15.0968,66.0561],[-15.076,66.0496],[-14.8527,66.0372],[-14.7193,66.0704],[-14.6773,66.0562],[-14.6515,66.0067],[-14.6169,65.9977],[-14.6033,65.953],[-14.6505,65.8882],[-14.8005,65.8279],[-14.8913,65.7612],[-14.7882,65.796],[-14.8441,65.7352],[-14.8087,65.7277],[-14.4025,65.7924],[-14.3295,65.7824],[-14.3951,65.7215],[-14.2743,65.6725],[-14.3578,65.6561],[-14.5302,65.5455],[-14.5624,65.5012],[-14.3202,65.6524],[-14.1924,65.6315],[-14.2476,65.665],[-14.0279,65.6104],[-13.8714,65.619],[-13.8509,65.592],[-13.8696,65.5769],[-13.815,65.5694],[-13.8213,65.5415],[-13.7877,65.5217],[-13.7411,65.5504],[-13.6853,65.5552],[-13.6778,65.5353],[-13.6096,65.5142],[-13.608,65.4921],[-13.6512,65.4596],[-13.6368,65.4261],[-13.6778,65.4118],[-13.671,65.3776],[-13.8355,65.364],[-13.7331,65.3435],[-13.7298,65.3271],[-14.0067,65.282],[-13.6877,65.3064],[-13.568,65.261],[-13.6542,65.22],[-14.0341,65.2001],[-13.6266,65.2001],[-13.6437,65.1592],[-13.7467,65.1374],[-13.6693,65.1444],[-13.6512,65.1313],[-13.6853,65.117],[-13.6266,65.1039],[-13.5202,65.1722],[-13.527,65.0965],[-13.5084,65.0908],[-13.5096,65.0692],[-13.6096,65.0351],[-13.5853,65.0077],[-13.6474,64.9866],[-13.802,64.9941],[-13.8303,65.0296],[-14.0341,65.0828],[-13.9938,65.0555],[-14.0298,65.0384],[-14.2334,65.0351],[-13.918,65.0146],[-13.8679,64.9782],[-13.6983,64.9252],[-13.7399,64.9112],[-13.8765,64.9326],[-14.0546,64.9326],[-13.8523,64.9003],[-13.7669,64.8538],[-13.8321,64.8296],[-13.9366,64.8471],[-13.9664,64.8358],[-13.858,64.8168],[-13.8392,64.7986],[-14.0137,64.8023],[-14.0485,64.7812],[-13.9863,64.7402],[-14.0485,64.7197],[-14.3064,64.7042],[-14.4206,64.7896],[-14.5139,64.8023],[-14.4558,64.7902],[-14.4661,64.7613],[-14.3836,64.7402],[-14.3714,64.705],[-14.2702,64.6695],[-14.2743,64.6514],[-14.442,64.6757],[-14.4935,64.6583],[-14.4177,64.631],[-14.4093,64.6103],[-14.5844,64.5903],[-14.4905,64.5484],[-14.3462,64.6056],[-14.4661,64.5347],[-14.5449,64.4051],[-14.7467,64.384],[-14.5685,64.4181],[-14.7131,64.4317],[-14.7125,64.4141],[-14.7821,64.3778],[-14.9049,64.3225],[-14.8913,64.3498],[-14.949,64.3225],[-14.932,64.3014],[-14.8913,64.3088],[-14.8776,64.2815],[-14.9294,64.2648],[-15.0159,64.2668],[-15.1067,64.3014],[-15.2265,64.2679],[-15.2066,64.3014],[-15.2545,64.298],[-15.2903,64.3344],[-15.3022,64.3225],[-15.2811,64.2952],[-15.3232,64.3039],[-15.3664,64.3693],[-15.4084,64.3876],[-15.4735,64.3977],[-15.4015,64.3808],[-15.3636,64.3368],[-15.3978,64.3368],[-15.374,64.3059],[-15.3978,64.2741],[-15.478,64.2751],[-15.5009,64.2679],[-15.4387,64.2604],[-15.6721,64.2194],[-15.6857,64.2338],[-15.8024,64.1854],[-15.6995,64.1916],[-15.733,64.1793],[-15.9921,64.1445],[-16.0283,64.1301],[-15.9812,64.1239],[-16.1513,64.055],[-16.1818,64.0623],[-16.1929,64.0482],[-16.1793,64.0419],[-16.3089,64.0171],[-16.3505,63.9867],[-16.311,63.9973],[-16.3369,63.9741],[-16.4702,63.9048],[-16.5013,63.8974],[-16.4604,63.9246],[-16.6112,63.8694],[-16.7454,63.8521],[-16.7825,63.8632],[-16.7478,63.8496],[-16.7825,63.8427],[-16.7962,63.8017],[-16.8055,63.8286],[-16.8874,63.8657],[-16.8958,63.8078],[-16.9154,63.8052],[-16.93,63.8664],[-16.9396,63.8091],[-16.9261,63.8],[-16.9669,63.7875],[-16.9403,63.8978],[-16.969,63.9203],[-16.9669,63.8694],[-17.0289,63.8496],[-16.9879,63.8091],[-17.0062,63.7978],[-17.2034,63.7983],[-17.2071,63.8154],[-17.5609,63.7508],[-17.5497,63.7875],[-17.5691,63.7636],[-17.5981,63.7676],[-17.5906,63.7465],[-17.721,63.7055],[-17.6853,63.7397],[-17.6248,63.7465],[-17.7148,63.7812],[-17.7148,63.754],[-17.8172,63.754],[-17.7967,63.7403],[-17.8784,63.731],[-17.9181,63.679],[-17.9674,63.6765],[-17.9507,63.6577],[-17.7967,63.6714],[-17.8658,63.6238],[-17.9264,63.6367],[-17.9686,63.623],[-17.9469,63.6208],[-17.9469,63.6025],[-17.8582,63.6099],[-17.965,63.5225],[-18.1954,63.4728],[-18.2281,63.4932],[-18.1189,63.5342],[-18.2281,63.5274],[-18.3168,63.5485],[-18.3243,63.5342],[-18.2768,63.5012],[-18.2657,63.4665],[-18.1837,63.4639],[-18.732,63.3967],[-19.2873,63.4387],[-19.7116,63.5216],[-19.7432,63.5342],[-19.722,63.5393],[-19.7357,63.5485],[-19.8729,63.5485],[-19.7699,63.5342],[-20.051,63.5548],[-20.0784,63.5548],[-20.0715,63.541],[-20.1857,63.5444],[-20.3377,63.6017],[-20.3527,63.6099],[-20.2906,63.6099],[-20.3391,63.6168],[-20.3323,63.6367],[-20.3671,63.6198],[-20.4073,63.6304],[-20.3732,63.6304],[-20.4787,63.7064],[-20.5035,63.6993],[-20.4346,63.6441],[-20.5507,63.7123],[-20.5371,63.7198],[-20.5582,63.7403],[-20.4985,63.763],[-20.4313,63.7676],[-20.3111,63.7329],[-20.4421,63.7875],[-20.4111,63.8362],[-20.5624,63.7568],[-20.5775,63.7142],[-20.7704,63.7744],[-20.6059,63.7676],[-20.6339,63.7744],[-20.6196,63.7875],[-20.7158,63.7812],[-20.6818,63.8073],[-20.6718,63.8376],[-20.6856,63.8634],[-20.7233,63.8694],[-20.6983,63.8442],[-20.7545,63.8057],[-20.8325,63.8017],[-20.8182,63.7812],[-21.1888,63.8911],[-21.1949,63.9321],[-21.0448,63.9457],[-21.2364,63.9534],[-21.2987,63.9184],[-21.2093,63.8837],[-21.3498,63.8842],[-21.3669,63.8496],[-21.6599,63.8319],[-21.7932,63.8706],[-22.0658,63.8359],[-22.3364,63.8632],[-22.3944,63.8359],[-22.4252,63.8495],[-22.5251,63.8222],[-22.6912,63.8122],[-22.7175,63.8284],[-22.7002,63.8742],[-22.7306,63.8911],[-22.6859,63.9457],[-22.635,63.9492],[-22.73,63.9747],[-22.7187,64.0705],[-22.7021,64.0859],[-22.61,64.0616],[-22.5585,64.0194],[-22.5449,63.9935],[-22.5592,63.9935],[-22.5185,63.9794],[-22.3968,63.9798],[-22.3461,64.0173],[-22.2509,64.0351],[-22.1992,64.0208],[-22.0407,64.0511],[-21.9634,64.0761],[-22.0453,64.0966],[-22.0349,64.1127],[-21.9825,64.1216],[-21.9634,64.1171],[-21.9901,64.1096],[-21.932,64.1059],[-21.915,64.1239],[-22.0453,64.158],[-21.8649,64.1563],[-21.7997,64.1373],[-21.7847,64.1444],[-21.8262,64.1512],[-21.7982,64.1649],[-21.8188,64.1717],[-21.7238,64.1715],[-21.7027,64.1916],[-21.7561,64.1818],[-21.7572,64.2003],[-21.7096,64.2132],[-21.8127,64.2132],[-21.8179,64.238],[-21.9286,64.2338],[-21.7545,64.3452],[-21.6526,64.3492],[-21.6891,64.3566],[-21.6031,64.3778],[-21.442,64.3641],[-21.4141,64.384],[-21.4591,64.3729],[-21.483,64.384],[-21.4495,64.3977],[-21.6312,64.4027],[-21.7165,64.3939],[-21.8127,64.343],[-21.9626,64.2973],[-22.1,64.315],[-21.9848,64.3703],[-21.8597,64.3908],[-22.0113,64.3828],[-22.0453,64.4051],[-21.9751,64.5037],[-21.7778,64.5416],[-21.8188,64.5621],[-21.7027,64.6105],[-21.6475,64.6105],[-21.6514,64.5925],[-21.5799,64.5718],[-21.4967,64.5695],[-21.5655,64.5758],[-21.6202,64.603],[-21.5792,64.6166],[-21.6822,64.6166],[-21.6065,64.6477],[-21.5109,64.6514],[-21.6134,64.6583],[-21.7027,64.631],[-21.6611,64.6657],[-21.7218,64.6388],[-21.7284,64.6157],[-21.8597,64.5758],[-21.8535,64.5621],[-21.9112,64.5632],[-22.009,64.5251],[-22.0356,64.5377],[-22.0181,64.5695],[-22.0388,64.5666],[-22.085,64.4787],[-22.1648,64.4597],[-22.2235,64.5006],[-22.2576,64.487],[-22.2235,64.5484],[-22.2576,64.5559],[-22.2434,64.5758],[-22.3395,64.5559],[-22.3648,64.5844],[-22.347,64.6166],[-22.4425,64.6657],[-22.3651,64.6426],[-22.3197,64.6788],[-22.3334,64.6925],[-22.2175,64.7174],[-22.1887,64.7402],[-22.4021,64.6763],[-22.4221,64.6856],[-22.3197,64.7539],[-22.4364,64.7675],[-22.4084,64.8227],[-22.4425,64.8023],[-22.457,64.8153],[-22.5475,64.8058],[-22.5934,64.7886],[-22.5661,64.7744],[-22.6582,64.7667],[-22.6821,64.7744],[-22.6381,64.7778],[-22.6725,64.8023],[-22.7784,64.8023],[-22.7101,64.7812],[-22.7369,64.7748],[-22.8057,64.7949],[-23.1881,64.8041],[-23.2462,64.8305],[-23.3984,64.8227],[-23.4571,64.7936],[-23.5735,64.8091],[-23.5384,64.8168],[-23.5552,64.8198],[-23.6235,64.7943],[-23.6466,64.7509],[-23.6739,64.7411],[-23.8336,64.7259],[-23.9461,64.7609],[-24.06,64.8911],[-23.8498,64.9306],[-23.638,64.8985],[-23.5128,64.9464],[-23.3811,64.9456],[-23.3953,64.9668],[-23.3398,64.9626],[-23.3337,64.9414],[-23.306,64.9531],[-23.297,64.9223],[-23.2631,64.9263],[-23.224,64.9494],[-23.2377,65.0009],[-23.1686,65.0201],[-23.0868,65.0146],[-23.1626,64.9531],[-23.1073,64.9184],[-23.1095,64.9569],[-23.0214,65.013],[-22.9429,64.9866],[-22.7852,65.0276],[-22.8739,65.0351],[-22.7175,65.076],[-22.7306,65.0692],[-22.6959,65.0493],[-22.7511,65.0276],[-22.6896,65.0351],[-22.6744,65.0076],[-22.5797,64.9804],[-22.6282,65.0146],[-22.5454,65.0522],[-22.38,65.0588],[-22.1552,65.0276],[-22.1204,65.0419],[-21.8262,65.0351],[-21.7987,65.057],[-21.8467,65.0692],[-21.7793,65.1081],[-21.7374,65.1592],[-21.7341,65.1938],[-21.8095,65.2061],[-21.8405,65.1927],[-21.8331,65.1784],[-22.0338,65.1149],[-22.319,65.1384],[-22.4016,65.1654],[-22.5119,65.1542],[-22.5577,65.1689],[-22.4569,65.1784],[-22.479,65.1928],[-22.5525,65.1859],[-22.4903,65.2336],[-22.4262,65.2515],[-22.4289,65.2678],[-22.2013,65.3177],[-21.9901,65.3981],[-21.9355,65.3851],[-21.9491,65.4056],[-21.6953,65.4534],[-21.9764,65.4398],[-21.9355,65.467],[-21.9901,65.508],[-22.0628,65.484],[-22.1142,65.5285],[-22.1114,65.4975],[-22.1348,65.4739],[-22.1992,65.4323],[-22.2538,65.4337],[-22.3872,65.4917],[-22.3458,65.5147],[-22.1648,65.5415],[-22.1483,65.5769],[-22.1068,65.5967],[-22.2439,65.5371],[-22.347,65.5285],[-22.2917,65.5552],[-22.3125,65.562],[-22.3739,65.5382],[-22.4159,65.549],[-22.4088,65.5248],[-22.4786,65.508],[-22.504,65.5285],[-22.5015,65.5696],[-22.5459,65.634],[-22.5584,65.6247],[-22.5465,65.5607],[-22.5892,65.5356],[-22.6315,65.5658],[-22.6562,65.5281],[-22.7076,65.5722],[-22.7047,65.6053],[-22.6821,65.6241],[-22.7594,65.6298],[-22.7175,65.508],[-22.7315,65.5018],[-22.7852,65.508],[-22.7957,65.5337],[-22.8876,65.5415],[-22.792,65.59],[-22.802,65.601],[-22.8541,65.6179],[-22.9053,65.5669],[-22.9534,65.6104],[-22.964,65.5626],[-22.9852,65.5512],[-23.0735,65.5384],[-23.1581,65.5622],[-23.1551,65.5832],[-23.183,65.5764],[-23.2013,65.5347],[-23.1824,65.5142],[-23.2314,65.4875],[-23.4083,65.5137],[-23.4903,65.4779],[-23.6561,65.4739],[-23.7141,65.4261],[-23.8975,65.4046],[-23.9844,65.4186],[-23.983,65.4413],[-24.0049,65.4534],[-23.9707,65.4465],[-23.9862,65.4742],[-24.0192,65.4596],[-24.1967,65.5012],[-24.4818,65.4885],[-24.5399,65.508],[-24.3754,65.5694],[-24.3658,65.6179],[-24.3034,65.6384],[-24.1354,65.6061],[-23.8928,65.5222],[-23.8068,65.5353],[-23.895,65.5415],[-24.0868,65.6514],[-23.8068,65.6104],[-24.0806,65.706],[-24.1216,65.7408],[-24.1352,65.7891],[-24.0928,65.8048],[-23.6281,65.706],[-23.5666,65.6725],[-23.5564,65.6547],[-23.5797,65.6179],[-23.5618,65.6137],[-23.4978,65.6452],[-23.4779,65.6315],[-23.3885,65.6384],[-23.409,65.6588],[-23.2855,65.6793],[-23.4582,65.6824],[-23.5392,65.7227],[-23.4669,65.7397],[-23.2445,65.7404],[-23.224,65.7482],[-23.2513,65.7612],[-23.1898,65.7824],[-23.3192,65.757],[-23.7292,65.7744],[-23.8131,65.8159],[-23.8666,65.8756],[-23.8631,65.9058],[-23.8009,65.9262],[-23.6008,65.8779],[-23.5189,65.8848],[-23.2445,65.8361],[-23.2098,65.8432],[-23.5779,65.905],[-23.8131,66.0114],[-23.8075,66.0584],[-23.7514,66.0766],[-23.5183,66.0267],[-23.4294,66.0294],[-23.4125,66.0003],[-23.3749,65.9878],[-23.4225,66.0359],[-23.547,66.0595],[-23.6697,66.1175],[-23.4841,66.1276],[-23.3953,66.0976],[-23.481,66.1386],[-23.6008,66.1448],[-23.5596,66.1765],[-23.4614,66.2042],[-23.1527,66.1458],[-23.1102,66.1125],[-23.1073,66.0759],[-23.0277,66.1087],[-22.9861,66.0795],[-22.9769,66.0337],[-23.0589,65.9667],[-22.9292,66.0493],[-22.9018,66.0076],[-22.8404,66.0219],[-22.881,65.9753],[-22.9429,65.9468],[-22.8844,65.9518],[-22.8231,66.0046],[-22.8092,65.9776],[-22.8193,65.9121],[-22.7852,65.9605],[-22.764,66.0493],[-22.6827,66.0559],[-22.5774,65.9731],[-22.6482,65.8337],[-22.5387,65.9742],[-22.4575,65.9411],[-22.4562,65.91],[-22.4221,65.9257],[-22.4289,65.8848],[-22.4699,65.837],[-22.4316,65.8459],[-22.3926,65.9017],[-22.3607,65.9121],[-22.423,66.002],[-22.4842,66.0294],[-22.4494,66.0759],[-22.3812,66.0976],[-22.4884,66.0767],[-22.866,66.1595],[-22.9359,66.1898],[-22.9776,66.2342],[-22.7511,66.2622],[-22.6066,66.2468],[-22.5524,66.2214],[-22.5387,66.2274],[-22.5592,66.2485],[-22.3675,66.2752],[-22.5034,66.2664],[-22.5646,66.2836],[-22.4699,66.3093],[-22.4921,66.322],[-22.5957,66.2917],[-22.7101,66.2956],[-22.6691,66.3571],[-22.6077,66.3714],[-22.6839,66.3583],[-22.7631,66.3237],[-22.8231,66.3168],[-22.8354,66.3227],[-22.7995,66.3646],[-22.8337,66.3588],[-22.9397,66.3015],[-23.0981,66.3183],[-23.1897,66.3553],[-23.0467,66.3607],[-23.0248,66.3918],[-23.1353,66.4328],[-23.1047,66.4428],[-23.0117,66.4192],[-23.0323,66.4403],[-22.9227,66.4477],[-22.8951,66.426],[-22.8645,66.4314],[-22.9503,66.467],[-22.8326,66.4638],[-22.6959,66.4192],[-22.5745,66.4659],[-22.4266,66.4279],[-22.4294,66.4501],[-22.4631,66.467],[-22.431,66.4647],[-22.35,66.3942],[-22.2686,66.3759],[-22.2434,66.3571],[-22.2576,66.3472],[-22.2023,66.3372],[-22.2283,66.3286],[-22.2167,66.2684],[-22.1552,66.2826],[-22.1283,66.2683],[-22.0896,66.2899],[-22.0863,66.2684],[-21.9793,66.275],[-21.9218,66.241],[-21.9901,66.2138],[-21.9207,66.2197],[-21.8535,66.1933],[-21.7499,66.1858],[-21.723,66.0822],[-21.6412,66.0704],[-21.668,66.0219],[-21.6202,66.039],[-21.6412,66.0834],[-21.5488,66.0976],[-21.5092,66.0723],[-21.5585,66.0465],[-21.5348,66.0257],[-21.401,66.0294],[-21.3306,66.009],[-21.3185,65.9878],[-21.6065,65.9605],[-21.5881,65.9464],[-21.41,65.9675],[-21.3806,65.9605],[-21.4358,65.9326],[-21.3017,65.936],[-21.284,65.8986],[-21.3259,65.8779],[-21.2782,65.8569],[-21.3278,65.809],[-21.4768,65.7687],[-21.3321,65.7408],[-21.4435,65.6905],[-21.5792,65.693],[-21.6859,65.7694],[-21.7778,65.7687],[-21.668,65.7277],[-21.6891,65.693],[-21.6277,65.6483],[-21.443,65.6434],[-21.401,65.6241],[-21.483,65.5626],[-21.3209,65.6019],[-21.2987,65.5589],[-21.3198,65.5224],[-21.4768,65.4465],[-21.3154,65.4807],[-21.2121,65.4382],[-21.193,65.4006],[-21.1929,65.3101],[-21.1478,65.2412],[-21.1077,65.2155],[-21.1062,65.1722],[-21.0899,65.1662],[-21.0654,65.1858],[-21.1199,65.2678],[-21.0736,65.3242],[-21.0989,65.4455],[-21.0552,65.4523],[-20.963,65.3533],[-20.9151,65.3435],[-20.975,65.4376],[-20.9873,65.5068],[-20.9181,65.6014],[-20.6754,65.6939],[-20.6234,65.6707],[-20.6465,65.5557],[-20.6134,65.549],[-20.6219,65.5834],[-20.5855,65.5832],[-20.5787,65.5353],[-20.4757,65.4949],[-20.4534,65.5015],[-20.4278,65.549],[-20.5309,65.5769],[-20.4107,65.5967],[-20.3875,65.5285],[-20.3761,65.5964],[-20.3285,65.6278],[-20.3186,65.6588],[-20.2701,65.665],[-20.3079,65.6932],[-20.2716,65.714],[-20.2712,65.7702],[-20.3391,65.8227],[-20.3125,65.8404],[-20.3226,65.8695],[-20.3934,65.9465],[-20.4062,65.9975],[-20.4489,66.0294],[-20.4195,66.0544],[-20.4278,66.0834],[-20.4077,66.0908],[-20.092,66.1312],[-19.9281,65.9742],[-19.9412,65.9605],[-19.8776,65.9236],[-19.8798,65.9052],[-19.7084,65.8711],[-19.6288,65.7528],[-19.5576,65.734],[-19.5443,65.7628],[-19.5135,65.7612],[-19.4491,65.7475],[-19.4683,65.7374],[-19.4562,65.7289],[-19.418,65.7539],[-19.3992,65.8366],[-19.4515,65.9257],[-19.5109,65.9602],[-19.4136,66.0076],[-19.4518,66.0526],[-19.4379,66.0666],[-19.2293,66.0976],[-19.1576,66.0811],[-19.1597,66.0976],[-19.1352,66.1049],[-19.1324,66.0902],[-19.0579,66.0704],[-19.1051,66.1113],[-19.0687,66.1646],[-18.9447,66.1907],[-18.9129,66.1844],[-18.9202,66.1523],[-18.8649,66.1858],[-18.8724,66.1994],[-18.827,66.2034],[-18.7768,66.1933],[-18.8047,66.1418],[-18.6923,66.17],[-18.6196,66.1315],[-18.6595,66.0902],[-18.5972,66.1046],[-18.5445,66.0827],[-18.5161,66.0294],[-18.54,65.9742],[-18.348,65.9502],[-18.2873,65.9151],[-18.2603,65.8724],[-18.2182,65.8677],[-18.1766,65.734],[-18.0915,65.693],[-18.0919,65.6618],[-18.0636,65.6452],[-18.0604,65.6941],[-18.1095,65.7316],[-18.0676,65.8306],[-18.1003,65.8987],[-18.2179,65.9321],[-18.2225,65.967],[-18.297,66.0151],[-18.3292,66.1039],[-18.3238,66.1508],[-18.297,66.1796],[-18.194,66.1796],[-18.0541,66.1496],[-17.9127,66.1523],[-17.8855,66.1175],[-17.8165,66.1133],[-17.7131,66.0603],[-17.673,66.0071],[-17.6238,65.9872],[-17.5497,65.9121],[-17.5776,65.9742],[-17.4951,65.9878],[-17.6112,65.994],[-17.452,65.9952],[-17.4132,65.9605],[-17.4193,65.994],[-17.3647,66.0493],[-17.3522,66.0971],[-17.2615,66.1297],[-17.265,66.1686],[-17.1456,66.2212],[-16.9924,66.1995],[-16.9333,66.1386],[-16.947,66.1175],[-16.9228,66.111],[-16.8841,66.1353],[-16.7581,66.1496],[-16.7211,66.1448],[-16.7825,66.1312],[-16.7518,66.1132],[-16.7006,66.1448],[-16.5969,66.0976],[-16.6863,66.166],[-16.5314,66.1992],[-16.5082,66.1994],[-16.6243,66.166],[-16.5157,66.1796],[-16.4263,66.1448],[-16.487,66.1895],[-16.4399,66.2342],[-16.4219,66.2871],[-16.5154,66.3673],[-16.5082,66.3993],[-16.5293,66.4192],[-16.5082,66.426],[-16.573,66.481],[-16.5433,66.507],[-16.5013,66.4875],[-16.487,66.5111],[-16.4297,66.5198],[-16.431,66.4916],[-16.412,66.4813],[-16.4194,66.5011],[-16.3647,66.5154],[-16.3096,66.4949],[-16.3301,66.4875],[-16.3129,66.4813],[-16.2686,66.4875],[-16.2356,66.5179],[-16.2152,66.5022],[-16.1655,66.5359],[-16.0229,66.5366],[-15.8912,66.4949],[-15.9333,66.4755],[-15.9377,66.4238],[-15.8304,66.426],[-15.8365,66.4055],[-15.7067,66.3959],[-15.6796,66.3441],[-15.7751,66.2895],[-15.6905,66.2658],[-15.6995,66.2342],[-15.5287,66.2274],[-15.5101,66.2016],[-15.3804,66.15],[-15.3323,66.1979],[-15.3313,66.2615],[-15.1088,66.2784],[-15.0968,66.3031],[-15.0259,66.3218],[-14.9911,66.3613],[-14.9254,66.3853],[-14.8398,66.3918],[-14.7541,66.3714],[-14.5636,66.3845]]],[[[-18.3568,65.9816],[-18.3905,65.9835],[-18.4144,66.0237],[-18.3713,66.0065],[-18.3568,65.9816]]],[[[-17.9763,66.5483],[-17.9998,66.5334],[-18.0195,66.5613],[-17.9763,66.5483]]]]}},{"type":"Feature","properties":{"id":"EU-IT","zh":"義大利","en":"Italy","labelLng":11.0769,"labelLat":44.7325},"geometry":{"type":"MultiPolygon","coordinates":[[[[12.0306,36.7414],[11.9612,36.7652],[11.9222,36.8284],[11.9995,36.8359],[12.0376,36.8066],[12.0535,36.7676],[12.0306,36.7414]]],[[[12.2732,37.9395],[12.3547,37.927],[12.3688,37.9252],[12.2997,37.9193],[12.2732,37.9395]]],[[[12.0793,37.9503],[12.036,37.991],[12.0536,37.9924],[12.0793,37.9503]]],[[[8.4773,39.0707],[8.437,38.9672],[8.4098,38.9618],[8.3493,39.0622],[8.346,39.0977],[8.3604,39.1182],[8.4446,39.1027],[8.458,39.0681],[8.4773,39.0707]]],[[[8.2694,39.1002],[8.2246,39.157],[8.23,39.1728],[8.3058,39.1933],[8.312,39.1203],[8.2694,39.1002]]],[[[9.8264,40.5296],[9.7617,40.3907],[9.7124,40.3664],[9.6261,40.2631],[9.6546,40.1446],[9.7323,40.0839],[9.6873,39.9612],[9.6966,39.9338],[9.7178,39.9338],[9.6843,39.8942],[9.6966,39.8519],[9.6703,39.7938],[9.6763,39.7181],[9.6284,39.5018],[9.6449,39.484],[9.6021,39.3557],[9.6035,39.3262],[9.6346,39.2969],[9.6073,39.289],[9.5676,39.2381],[9.5799,39.1871],[9.5664,39.1492],[9.5227,39.1249],[9.5186,39.1046],[9.4963,39.1336],[9.4429,39.1244],[9.2922,39.2213],[9.2163,39.228],[9.166,39.1871],[9.073,39.2485],[9.0139,39.2639],[9.0379,39.2271],[9.0798,39.2246],[9.0183,39.1461],[9.0449,39.0513],[9.0257,38.9953],[8.8533,38.878],[8.7166,38.9326],[8.6688,38.9106],[8.641,38.8643],[8.6428,38.89],[8.5999,38.8991],[8.6155,38.9476],[8.6033,38.9649],[8.5801,38.9605],[8.5596,39.0567],[8.5044,39.0629],[8.5181,39.0834],[8.5044,39.0909],[8.4828,39.0804],[8.4651,39.1195],[8.4422,39.1182],[8.4354,39.166],[8.4095,39.1693],[8.3728,39.2221],[8.4321,39.3018],[8.374,39.3789],[8.405,39.4272],[8.3869,39.4698],[8.4634,39.5768],[8.444,39.757],[8.4686,39.755],[8.5169,39.7021],[8.5658,39.7011],[8.5044,39.7215],[8.5453,39.7829],[8.5181,39.7625],[8.5552,39.8527],[8.5234,39.8989],[8.4631,39.9141],[8.4354,39.899],[8.4634,39.899],[8.4354,39.8581],[8.4375,39.8768],[8.3945,39.9127],[8.4071,40.0222],[8.3772,40.0338],[8.4686,40.0622],[8.49,40.1045],[8.4634,40.1632],[8.4761,40.2921],[8.4413,40.3314],[8.386,40.3518],[8.3945,40.4238],[8.3799,40.4687],[8.3317,40.5107],[8.2915,40.5954],[8.2163,40.5706],[8.196,40.5781],[8.2163,40.6122],[8.1934,40.6175],[8.1618,40.5638],[8.1473,40.5932],[8.1406,40.6252],[8.1738,40.6416],[8.1974,40.6912],[8.1338,40.7289],[8.2153,40.8814],[8.2097,40.9145],[8.1789,40.9282],[8.193,40.9638],[8.2096,40.9753],[8.229,40.9626],[8.2332,40.9101],[8.3102,40.8507],[8.5205,40.827],[8.5984,40.853],[8.641,40.8965],[8.7092,40.9206],[8.7644,40.9138],[8.8225,40.9473],[8.8811,41.0237],[8.9227,41.0368],[9.0055,41.1219],[9.1419,41.1528],[9.1711,41.2429],[9.2306,41.2626],[9.2681,41.2366],[9.2674,41.202],[9.2783,41.195],[9.2853,41.2217],[9.2853,41.195],[9.333,41.1876],[9.3352,41.2117],[9.4224,41.1807],[9.4087,41.1603],[9.4429,41.133],[9.4429,41.092],[9.4691,41.1462],[9.5239,41.1497],[9.5248,41.133],[9.5596,41.1261],[9.5623,41.0971],[9.5459,41.0777],[9.5391,41.092],[9.5119,41.0163],[9.5431,41.0369],[9.5527,41.0095],[9.6157,41.0196],[9.6626,41.0026],[9.5876,40.9958],[9.5711,40.9349],[9.5042,40.9269],[9.5733,40.9064],[9.6421,40.9206],[9.6141,40.8934],[9.6633,40.8582],[9.724,40.8449],[9.6579,40.7999],[9.7039,40.7594],[9.7445,40.6805],[9.7565,40.5952],[9.8264,40.5296]]],[[[8.2096,40.9958],[8.2289,41.0417],[8.2756,41.0698],[8.2778,41.1057],[8.3262,41.1261],[8.3413,41.0741],[8.2511,41.0438],[8.2464,40.9936],[8.2096,40.9958]]],[[[9.4795,41.2242],[9.4704,41.1721],[9.437,41.1859],[9.46,41.2424],[9.4795,41.2242]]],[[[9.3731,41.2219],[9.398,41.256],[9.4274,41.2541],[9.4353,41.217],[9.3731,41.2219]]],[[[10.297,42.3449],[10.3159,42.3408],[10.3132,42.3239],[10.2944,42.328],[10.297,42.3449]]],[[[10.9233,42.3187],[10.8618,42.3663],[10.883,42.3922],[10.9398,42.3307],[10.9233,42.3187]]],[[[10.0858,42.5725],[10.0503,42.5819],[10.0843,42.6147],[10.0979,42.588],[10.0858,42.5725]]],[[[10.43,42.7876],[10.3888,42.7635],[10.4251,42.7408],[10.4155,42.7089],[10.3379,42.7648],[10.3137,42.743],[10.3045,42.7598],[10.2654,42.7446],[10.2454,42.7573],[10.2352,42.7359],[10.1472,42.7373],[10.1068,42.7574],[10.1014,42.784],[10.1582,42.8173],[10.2422,42.8032],[10.2659,42.8044],[10.2721,42.8273],[10.3268,42.8262],[10.3221,42.8117],[10.3473,42.8059],[10.4124,42.8734],[10.4434,42.8454],[10.43,42.7876]]],[[[9.8548,43.0443],[9.8015,43.0078],[9.7846,43.0284],[9.8258,43.0746],[9.8548,43.0443]]],[[[12.3638,45.4497],[12.3206,45.4298],[12.3166,45.4431],[12.3472,45.4588],[12.3638,45.4497]]],[[[12.6213,35.4923],[12.5983,35.4943],[12.5261,35.5167],[12.6237,35.5119],[12.6213,35.4923]]],[[[12.8767,35.8559],[12.847,35.8683],[12.867,35.8723],[12.8767,35.8559]]],[[[15.6516,38.2753],[15.5697,38.227],[15.5599,38.1998],[15.5759,38.2002],[15.5003,38.0849],[15.2131,37.7615],[15.2202,37.7067],[15.1638,37.5677],[15.0967,37.4945],[15.0967,37.3437],[15.1107,37.3218],[15.252,37.2577],[15.2612,37.2338],[15.2449,37.2462],[15.2202,37.2202],[15.2054,37.2447],[15.1834,37.2075],[15.2165,37.1552],[15.2476,37.1587],[15.2292,37.1496],[15.2466,37.1182],[15.3032,37.1012],[15.3027,37.0625],[15.2879,37.069],[15.2837,37.0484],[15.3211,37.0402],[15.3324,37.0116],[15.2681,37.0004],[15.2681,36.9731],[15.1584,36.9242],[15.094,36.7995],[15.1343,36.6752],[15.0939,36.6549],[15.0072,36.7028],[14.9824,36.6889],[14.8822,36.7307],[14.7808,36.6994],[14.6846,36.726],[14.6589,36.7538],[14.5822,36.7813],[14.4873,36.7934],[14.3945,36.945],[14.2788,37.044],[14.1263,37.1123],[13.8944,37.1008],[13.8327,37.1396],[13.7158,37.1714],[13.5692,37.2735],[13.4526,37.2988],[13.278,37.3937],[13.1741,37.487],[13.0264,37.4932],[13.0,37.5355],[12.9426,37.5685],[12.6594,37.5651],[12.5778,37.652],[12.5062,37.6655],[12.427,37.797],[12.465,37.8228],[12.4787,37.8812],[12.4641,37.9129],[12.5029,37.9971],[12.4929,38.0214],[12.5763,38.0717],[12.6084,38.0624],[12.6624,38.1163],[12.7046,38.1108],[12.7254,38.1259],[12.7318,38.1928],[12.7609,38.181],[12.8184,38.0779],[12.9011,38.0281],[13.0614,38.0835],[13.0547,38.1418],[13.1009,38.1901],[13.2072,38.1761],[13.239,38.207],[13.3181,38.2206],[13.3719,38.1728],[13.3914,38.1032],[13.5135,38.1105],[13.5413,38.0941],[13.5474,38.0562],[13.6511,38.001],[13.7908,37.9736],[14.0205,38.0494],[14.0833,38.0238],[14.2732,38.0151],[14.4319,38.0494],[14.5117,38.0444],[14.6346,38.0815],[14.7337,38.1576],[14.9071,38.1877],[15.0879,38.1282],[15.1774,38.1563],[15.2407,38.2412],[15.2372,38.2648],[15.2454,38.2172],[15.2918,38.207],[15.3997,38.2326],[15.5287,38.3026],[15.6516,38.2753]]],[[[15.0073,38.3777],[14.9868,38.3641],[14.9483,38.3964],[14.9588,38.4329],[15.0073,38.3777]]],[[[14.9579,38.522],[14.9793,38.4814],[14.9526,38.4814],[14.9663,38.4534],[14.9487,38.4509],[14.8994,38.4817],[14.9006,38.4987],[14.9248,38.5224],[14.9579,38.522]]],[[[14.3464,38.5351],[14.3572,38.5512],[14.3609,38.539],[14.3464,38.5351]]],[[[14.8514,38.5849],[14.877,38.5695],[14.8617,38.5393],[14.7938,38.5716],[14.8514,38.5849]]],[[[14.5516,38.5616],[14.5462,38.588],[14.5855,38.5574],[14.5736,38.5565],[14.5516,38.5616]]],[[[13.1768,38.693],[13.1579,38.7099],[13.196,38.7115],[13.1768,38.693]]],[[[15.2297,38.783],[15.2061,38.7752],[15.187,38.7927],[15.2278,38.8103],[15.2297,38.783]]],[[[13.9447,40.7016],[13.8491,40.7153],[13.8628,40.7624],[13.9658,40.7351],[13.9447,40.7016]]],[[[13.4147,40.7859],[13.4242,40.8002],[13.432,40.8015],[13.4147,40.7859]]],[[[7.1837,45.8805],[7.2867,45.9134],[7.3938,45.9157],[7.5411,45.9841],[7.643,45.9663],[7.7063,45.9257],[7.8437,45.9192],[7.8838,45.9739],[7.9984,46.0106],[8.0253,46.0911],[8.1106,46.127],[8.1323,46.1594],[8.1295,46.196],[8.0731,46.2536],[8.0873,46.2718],[8.1926,46.3092],[8.2815,46.3701],[8.2975,46.3875],[8.2866,46.4054],[8.3163,46.4337],[8.3992,46.4522],[8.4279,46.4487],[8.4458,46.4124],[8.4232,46.2758],[8.4381,46.2354],[8.5103,46.2079],[8.6018,46.1228],[8.6775,46.0958],[8.7239,46.1095],[8.809,46.0897],[8.8344,46.0664],[8.7679,45.9831],[8.871,45.9471],[8.9121,45.8834],[8.9,45.8264],[9.0024,45.8207],[9.0631,45.899],[8.9805,45.9644],[9.0156,45.9931],[9.0021,46.0393],[9.0592,46.0618],[9.0906,46.1382],[9.1632,46.1723],[9.2248,46.2312],[9.2752,46.3314],[9.2609,46.4167],[9.238,46.4365],[9.2823,46.4974],[9.3508,46.4979],[9.3846,46.4664],[9.4346,46.4983],[9.4444,46.3753],[9.5365,46.2986],[9.6743,46.2918],[9.7084,46.3117],[9.7201,46.3509],[9.7681,46.3386],[9.9184,46.3712],[9.964,46.3561],[9.9776,46.2981],[10.0317,46.2601],[10.0427,46.2205],[10.0757,46.22],[10.1589,46.2624],[10.0918,46.329],[10.1408,46.4029],[10.0263,46.4463],[10.044,46.467],[10.0281,46.4839],[10.0328,46.533],[10.0878,46.6044],[10.1921,46.6268],[10.2338,46.618],[10.2347,46.5753],[10.2954,46.5511],[10.444,46.5377],[10.4659,46.5785],[10.4591,46.6236],[10.3956,46.6388],[10.3692,46.6724],[10.4287,46.7556],[10.4172,46.7988],[10.4449,46.8232],[10.4538,46.8644],[10.5277,46.8432],[10.6471,46.8638],[10.739,46.8295],[10.7487,46.8194],[10.7229,46.7864],[10.8704,46.7641],[10.9969,46.7691],[11.0528,46.8149],[11.0919,46.9124],[11.1745,46.9639],[11.3138,46.9873],[11.4112,46.9705],[11.4718,47.0071],[11.5244,46.9883],[11.6838,46.9919],[11.7349,46.9706],[11.8995,47.0277],[12.1806,47.0852],[12.2042,47.0797],[12.2036,47.0533],[12.1112,46.993],[12.1417,46.928],[12.1269,46.9089],[12.2666,46.8681],[12.2691,46.7886],[12.3427,46.7651],[12.3704,46.7112],[12.405,46.6901],[12.5473,46.6522],[12.7399,46.643],[12.8304,46.6096],[13.1465,46.585],[13.2311,46.5522],[13.478,46.5636],[13.701,46.5197],[13.6775,46.4521],[13.6002,46.4426],[13.53,46.3883],[13.4341,46.3539],[13.3653,46.2903],[13.4101,46.208],[13.4374,46.2109],[13.4228,46.2286],[13.4683,46.2234],[13.559,46.1841],[13.6374,46.1804],[13.645,46.1617],[13.6164,46.125],[13.5051,46.066],[13.4618,46.0064],[13.5094,45.9674],[13.6059,45.9854],[13.6228,45.9664],[13.566,45.8303],[13.5813,45.8092],[13.7787,45.7434],[13.8584,45.6494],[13.8947,45.6318],[13.8478,45.5847],[13.7118,45.5932],[13.7302,45.6131],[13.8081,45.6143],[13.7393,45.6491],[13.7577,45.655],[13.7537,45.6723],[13.7262,45.7038],[13.6289,45.7726],[13.5742,45.7896],[13.5513,45.7924],[13.5242,45.7601],[13.5283,45.7405],[13.5549,45.7372],[13.4017,45.6754],[13.3767,45.6832],[13.4314,45.7069],[13.3694,45.7446],[13.2549,45.756],[13.2155,45.7788],[13.1497,45.7515],[13.1193,45.772],[13.1082,45.7582],[13.1229,45.7372],[13.0806,45.7276],[13.075,45.6968],[13.1497,45.7038],[13.085,45.6419],[12.9439,45.6286],[12.7808,45.5535],[12.4237,45.4381],[12.4103,45.4362],[12.4309,45.484],[12.4514,45.4982],[12.4719,45.4859],[12.465,45.5045],[12.5151,45.4927],[12.5215,45.519],[12.5817,45.5529],[12.5373,45.5358],[12.5066,45.5733],[12.4419,45.5303],[12.4514,45.5119],[12.4036,45.5181],[12.3967,45.5393],[12.3841,45.523],[12.424,45.4982],[12.3504,45.5049],[12.3096,45.4889],[12.2527,45.4362],[12.259,45.3952],[12.2163,45.3162],[12.1545,45.3135],[12.1491,45.2922],[12.1807,45.258],[12.1974,45.2996],[12.2173,45.2939],[12.2249,45.2512],[12.2111,45.243],[12.2305,45.2043],[12.2664,45.1966],[12.3073,45.2307],[12.3285,45.101],[12.3073,45.1079],[12.3073,45.1284],[12.2967,45.0886],[12.3408,45.0814],[12.3762,45.039],[12.3552,45.0246],[12.3688,45.011],[12.3866,45.0388],[12.3688,45.0656],[12.4862,44.9765],[12.5026,44.9914],[12.5339,44.97],[12.499,44.9215],[12.4873,44.8623],[12.4446,44.8205],[12.424,44.8546],[12.4383,44.9011],[12.4069,44.8913],[12.3916,44.8588],[12.4165,44.8511],[12.3967,44.8335],[12.424,44.8205],[12.4162,44.8033],[12.3757,44.7922],[12.303,44.8429],[12.2664,44.8266],[12.28,44.8205],[12.2466,44.7116],[12.2858,44.6027],[12.2837,44.4876],[12.3688,44.2507],[12.4788,44.1393],[12.6916,43.9906],[12.9289,43.9158],[13.2533,43.7032],[13.4734,43.612],[13.5161,43.6317],[13.6156,43.5605],[13.8348,43.1273],[13.9447,42.7983],[14.0754,42.5988],[14.2206,42.4702],[14.3874,42.373],[14.5602,42.2257],[14.7092,42.1755],[14.7407,42.0846],[14.8711,42.0318],[14.9937,42.0106],[15.0452,41.969],[15.1654,41.9278],[15.4461,41.9069],[16.0271,41.9441],[16.1405,41.9199],[16.1792,41.8933],[16.1843,41.7796],[15.9001,41.6147],[15.8963,41.5364],[15.9611,41.4595],[16.5207,41.2501],[16.5939,41.207],[17.0571,41.0819],[17.2764,40.9802],[17.4761,40.8301],[17.7484,40.7476],[17.8439,40.6942],[17.9558,40.6705],[17.9549,40.6469],[18.007,40.6507],[18.0432,40.602],[18.0374,40.557],[18.2383,40.4577],[18.4373,40.2679],[18.5161,40.1392],[18.5161,40.1045],[18.4114,39.9788],[18.3892,39.8171],[18.3683,39.7966],[18.3384,39.8001],[18.2821,39.8332],[18.2113,39.8393],[18.0715,39.9115],[17.9954,39.9953],[18.0203,40.0102],[18.0158,40.0362],[17.9675,40.0573],[18.011,40.096],[17.926,40.1763],[17.8997,40.2491],[17.9128,40.2553],[17.8631,40.2856],[17.5121,40.3037],[17.3994,40.331],[17.2002,40.4204],[17.243,40.4414],[17.2275,40.4744],[17.2957,40.4732],[17.3233,40.4985],[17.2617,40.4887],[17.2474,40.5028],[17.19,40.4819],[17.156,40.5124],[17.0496,40.5191],[16.9761,40.4926],[16.9121,40.4452],[16.7827,40.3016],[16.7307,40.2007],[16.6047,40.0845],[16.5994,40.0341],[16.6316,39.9662],[16.5422,39.8854],[16.4898,39.7752],[16.5286,39.7215],[16.5156,39.6896],[16.5459,39.6609],[16.6248,39.6253],[16.7825,39.6116],[16.8462,39.5527],[17.0115,39.4862],[17.0886,39.4226],[17.1587,39.4062],[17.1222,39.3383],[17.1145,39.2694],[17.1457,39.2107],[17.1245,39.0909],[17.1585,39.0405],[17.2064,39.0295],[17.1724,39.0052],[17.1724,38.9605],[17.104,38.8991],[17.095,38.9191],[17.022,38.906],[16.9573,38.9401],[16.8386,38.9182],[16.7278,38.8789],[16.5856,38.7978],[16.5348,38.6999],[16.577,38.5286],[16.5696,38.4295],[16.5081,38.3715],[16.3063,38.2771],[16.1694,38.1432],[16.1255,38.0048],[16.0772,37.9399],[16.001,37.919],[15.9421,37.9331],[15.7615,37.9252],[15.6844,37.9535],[15.6351,38.0091],[15.6585,38.0425],[15.624,38.0921],[15.6478,38.1431],[15.6328,38.2203],[15.8128,38.3006],[15.9178,38.5168],[15.9001,38.5783],[15.844,38.6179],[15.8366,38.649],[16.0026,38.7254],[16.1526,38.7309],[16.2009,38.7764],[16.2217,38.8566],[16.2147,38.919],[16.1543,38.955],[16.083,39.0753],[16.034,39.3452],[15.9954,39.4388],[15.8762,39.5515],[15.8064,39.6955],[15.7697,39.8301],[15.7744,39.8911],[15.6243,40.0778],[15.5349,40.0778],[15.4101,39.994],[15.3432,40.0041],[15.3143,40.0338],[15.2612,40.0294],[15.2791,40.0477],[15.2634,40.0737],[15.1272,40.1696],[15.0472,40.1689],[15.0031,40.2103],[14.9111,40.2416],[14.9391,40.3071],[14.9324,40.3337],[14.9945,40.3584],[14.9983,40.3976],[14.8888,40.5731],[14.782,40.6699],[14.6257,40.6491],[14.5442,40.6136],[14.4866,40.6326],[14.3426,40.5706],[14.3377,40.6244],[14.4764,40.6951],[14.4741,40.7297],[14.3944,40.7616],[14.2942,40.8388],[14.2236,40.8314],[14.2035,40.8012],[14.0825,40.8313],[14.0825,40.7835],[14.0477,40.7896],[14.0523,40.8376],[14.0213,40.9218],[13.9653,40.9964],[13.918,41.0237],[13.9107,41.0646],[13.8517,41.1473],[13.7219,41.2524],[13.5944,41.2531],[13.5636,41.238],[13.5755,41.2081],[13.544,41.2066],[13.5144,41.2297],[13.2858,41.2957],[13.187,41.278],[13.0905,41.2265],[13.0446,41.2275],[12.9795,41.331],[12.8936,41.3993],[12.7485,41.4237],[12.654,41.4656],[12.6353,41.4475],[12.448,41.6308],[12.3272,41.7114],[12.239,41.7363],[12.1702,41.8796],[12.0204,41.9931],[11.9168,42.0379],[11.8275,42.0342],[11.6582,42.2794],[11.5391,42.3489],[11.3766,42.4069],[11.2113,42.4189],[11.1838,42.3663],[11.1066,42.3913],[11.0868,42.4184],[11.0991,42.4429],[11.1642,42.4398],[11.1884,42.4803],[11.1869,42.5208],[11.1585,42.564],[11.1287,42.5581],[11.0778,42.6322],[11.0057,42.6679],[10.99,42.7103],[10.9436,42.743],[10.7313,42.8044],[10.7649,42.8353],[10.7777,42.8947],[10.7635,42.9183],[10.6325,42.9585],[10.5391,42.9491],[10.5466,42.9348],[10.5186,42.9253],[10.4995,42.9405],[10.4775,42.9901],[10.5171,43.0239],[10.5466,43.1471],[10.5282,43.2468],[10.437,43.3886],[10.3172,43.4926],[10.2516,43.8466],[10.1807,43.9553],[10.0906,44.0254],[9.9885,44.0598],[9.9627,44.0447],[9.8447,44.1086],[9.8196,44.093],[9.8475,44.0725],[9.8323,44.0423],[9.6826,44.1365],[9.6211,44.1483],[9.4844,44.2438],[9.4368,44.2395],[9.3745,44.2718],[9.3677,44.2944],[9.2306,44.3537],[9.2107,44.3053],[9.1467,44.3286],[9.1301,44.3633],[9.1021,44.374],[8.7624,44.4321],[8.4661,44.3043],[8.4119,44.227],[8.4082,44.1935],[8.2565,44.1284],[8.2163,44.0452],[8.1527,43.9832],[8.168,43.9565],[8.0677,43.8967],[7.7366,43.7982],[7.5023,43.7922],[7.4779,43.8655],[7.6309,43.9935],[7.6899,44.0673],[7.6419,44.1436],[7.6556,44.1761],[7.3406,44.1237],[7.145,44.2072],[6.9734,44.2494],[6.8698,44.3629],[6.8772,44.4144],[6.9178,44.4363],[6.8613,44.4749],[6.8357,44.534],[6.9456,44.6254],[6.9343,44.6467],[6.9599,44.6832],[7.0552,44.6849],[6.9984,44.7938],[7.0049,44.828],[6.9327,44.8617],[6.8471,44.8591],[6.7454,44.9078],[6.7279,44.9287],[6.7235,45.0134],[6.6517,45.0357],[6.6027,45.1034],[6.7364,45.1573],[6.8441,45.1301],[6.8767,45.1412],[6.8735,45.1659],[6.9138,45.1702],[6.9587,45.2098],[7.0297,45.2282],[7.0555,45.2137],[7.1084,45.2592],[7.0926,45.324],[7.1607,45.4109],[6.9828,45.5111],[6.9529,45.5943],[6.9634,45.6407],[6.8161,45.6969],[6.7959,45.7181],[6.7827,45.7953],[6.8162,45.8329],[6.8644,45.8269],[6.8735,45.8448],[6.949,45.8578],[7.0221,45.9253],[7.0902,45.8805],[7.1837,45.8805]],[[12.4605,43.8953],[12.4822,43.9826],[12.4214,43.9672],[12.3856,43.9245],[12.4295,43.8921],[12.4605,43.8953]],[[12.453,41.9039],[12.454,41.9028],[12.454,41.9039],[12.453,41.9039]]],[[[12.4309,45.4157],[12.3762,45.4226],[12.3215,45.348],[12.3718,45.4249],[12.3892,45.4335],[12.4309,45.4157]]]]}},{"type":"Feature","properties":{"id":"EU-LI","zh":"列支敦斯登","en":"Liechtenstein","labelLng":9.5594,"labelLat":47.1114},"geometry":{"type":"Polygon","coordinates":[[[9.5212,47.2628],[9.5629,47.1977],[9.5521,47.1669],[9.6157,47.1068],[9.5812,47.0569],[9.477,47.0639],[9.5124,47.108],[9.485,47.1763],[9.5212,47.2628]]]}},{"type":"Feature","properties":{"id":"EU-LT","zh":"立陶宛","en":"Lithuania","labelLng":24.0899,"labelLat":55.1037},"geometry":{"type":"MultiPolygon","coordinates":[[[[26.5945,55.667],[26.5956,55.568],[26.5321,55.5163],[26.5433,55.4596],[26.4992,55.4281],[26.45,55.3271],[26.5254,55.3081],[26.7686,55.3002],[26.8007,55.2733],[26.657,55.2153],[26.6009,55.1208],[26.4734,55.1457],[26.4288,55.1282],[26.2644,55.1401],[26.233,55.1116],[26.2246,55.0549],[26.1386,54.9689],[25.8702,54.9388],[25.7827,54.8697],[25.7785,54.8053],[25.7212,54.7667],[25.7084,54.663],[25.7399,54.6077],[25.7404,54.5685],[25.6309,54.5084],[25.6126,54.4218],[25.53,54.3461],[25.5287,54.321],[25.564,54.3031],[25.696,54.321],[25.7192,54.2815],[25.7892,54.2362],[25.7631,54.1564],[25.6535,54.1287],[25.516,54.1448],[25.4858,54.1754],[25.529,54.1957],[25.5017,54.2218],[25.554,54.2313],[25.4594,54.2989],[25.3697,54.2479],[25.2062,54.2568],[25.1565,54.1757],[25.072,54.1322],[24.9023,54.1498],[24.8216,54.1345],[24.8182,54.1101],[24.7825,54.0929],[24.8214,54.0199],[24.8194,53.9926],[24.7887,53.9697],[24.7056,53.9642],[24.6668,53.9939],[24.5287,53.9584],[24.3779,53.8868],[24.2571,53.894],[24.2291,53.9324],[24.1696,53.9589],[24.0454,53.9309],[23.9198,53.9478],[23.8283,53.9201],[23.7872,53.9279],[23.6271,53.8982],[23.4856,53.9393],[23.4587,53.9816],[23.4965,54.022],[23.4739,54.1126],[23.449,54.1549],[23.3545,54.2171],[23.1171,54.3035],[23.0501,54.2948],[23.0321,54.3096],[23.0416,54.341],[22.9897,54.3534],[22.9627,54.3817],[22.8376,54.4009],[22.7672,54.3563],[22.707,54.4187],[22.6746,54.4923],[22.7081,54.6356],[22.7009,54.6796],[22.7248,54.7234],[22.8328,54.7787],[22.8484,54.8138],[22.8213,54.8855],[22.7492,54.9099],[22.7521,54.9311],[22.7155,54.9514],[22.6335,54.9579],[22.5655,55.0678],[22.2513,55.0709],[22.0768,55.0286],[22.0277,55.0444],[22.0034,55.0935],[21.9428,55.0783],[21.7506,55.128],[21.6051,55.1925],[21.5039,55.1944],[21.3748,55.29],[21.2676,55.2487],[21.2644,55.284],[21.2912,55.2971],[21.2571,55.3694],[21.1834,55.3462],[21.2483,55.4179],[21.2229,55.5202],[21.1994,55.5377],[21.1951,55.5851],[21.1472,55.6782],[21.0744,55.7449],[21.0606,55.7893],[21.0447,55.8737],[21.0534,56.0726],[21.1904,56.0845],[21.2296,56.1632],[21.3276,56.2244],[21.4193,56.2374],[21.596,56.3079],[21.6845,56.3101],[22.0941,56.4174],[22.2149,56.3904],[22.5117,56.396],[22.6663,56.3491],[22.9245,56.4121],[22.957,56.402],[23.0167,56.3238],[23.0623,56.3042],[23.1127,56.3109],[23.1726,56.358],[23.2884,56.373],[23.4816,56.3301],[23.7067,56.3544],[23.725,56.3288],[23.8581,56.3344],[24.1389,56.2574],[24.3185,56.2986],[24.4144,56.2655],[24.4813,56.2688],[24.6786,56.3773],[24.8459,56.4049],[24.871,56.4426],[24.9101,56.422],[24.9732,56.3008],[25.0731,56.1978],[25.6619,56.1408],[25.6966,56.0879],[26.1786,55.8496],[26.2797,55.7432],[26.481,55.6783],[26.5945,55.667]]],[[[20.9246,55.2827],[20.9995,55.357],[21.0824,55.4976],[21.0994,55.5987],[21.0852,55.7228],[21.1174,55.6998],[21.1315,55.6556],[21.1199,55.4894],[21.0872,55.4411],[21.1062,55.4212],[20.9894,55.2731],[20.9246,55.2827]]]]}},{"type":"Feature","properties":{"id":"EU-LU","zh":"盧森堡","en":"Luxembourg","labelLng":6.0776,"labelLat":49.7337},"geometry":{"type":"Polygon","coordinates":[[[6.1175,50.1205],[6.0964,50.0486],[6.154,49.9512],[6.1727,49.9562],[6.2227,49.8871],[6.2868,49.861],[6.3026,49.8349],[6.3344,49.8402],[6.3971,49.8086],[6.4625,49.8055],[6.4972,49.7994],[6.5026,49.7957],[6.4855,49.7338],[6.4997,49.7122],[6.4027,49.6558],[6.4179,49.6391],[6.3508,49.5666],[6.3453,49.4553],[6.1936,49.4994],[6.1361,49.4953],[6.078,49.452],[5.9607,49.4413],[5.9281,49.4823],[5.8396,49.4999],[5.7907,49.5378],[5.8374,49.5611],[5.8469,49.5767],[5.83,49.5828],[5.8855,49.6435],[5.8458,49.6666],[5.8502,49.714],[5.8054,49.7219],[5.7785,49.773],[5.7277,49.8002],[5.7319,49.86],[5.7581,49.8582],[5.719,49.8914],[5.8126,49.9776],[5.8027,50.0025],[5.8364,50.0186],[5.8724,50.0969],[5.9411,50.1283],[5.9616,50.1656],[5.9983,50.175],[6.0386,50.1484],[6.0842,50.1593],[6.1175,50.1205]]]}},{"type":"Feature","properties":{"id":"EU-LV","zh":"拉脫維亞","en":"Latvia","labelLng":25.4587,"labelLat":57.0669},"geometry":{"type":"Polygon","coordinates":[[[27.32,57.5161],[27.5282,57.5285],[27.5113,57.4304],[27.6408,57.389],[27.8403,57.2906],[27.8243,57.1591],[27.6822,57.1037],[27.7455,57.068],[27.7507,57.0424],[27.7151,56.9574],[27.6284,56.8442],[27.7864,56.8713],[27.9135,56.8202],[27.9189,56.8059],[27.8655,56.7427],[27.981,56.687],[28.011,56.5876],[28.1261,56.5478],[28.0933,56.5016],[28.1643,56.438],[28.1671,56.3699],[28.2173,56.2707],[28.1489,56.1424],[28.111,56.1568],[27.9271,56.1094],[27.8807,56.0639],[27.7812,56.0164],[27.7444,55.9597],[27.645,55.9228],[27.5927,55.7942],[27.4388,55.7987],[27.3496,55.8312],[27.263,55.7872],[27.1514,55.8325],[26.9811,55.8269],[26.8228,55.7061],[26.743,55.6829],[26.6401,55.6956],[26.5945,55.667],[26.481,55.6783],[26.2797,55.7432],[26.1786,55.8496],[25.6966,56.0879],[25.6619,56.1408],[25.0731,56.1978],[24.9732,56.3008],[24.9101,56.422],[24.871,56.4426],[24.8459,56.4049],[24.6786,56.3773],[24.4813,56.2688],[24.4144,56.2655],[24.3185,56.2986],[24.1389,56.2574],[23.8581,56.3344],[23.725,56.3288],[23.7067,56.3544],[23.4816,56.3301],[23.2884,56.373],[23.1726,56.358],[23.1127,56.3109],[23.0623,56.3042],[23.0167,56.3238],[22.957,56.402],[22.9245,56.4121],[22.6663,56.3491],[22.5117,56.396],[22.2149,56.3904],[22.0941,56.4174],[21.6845,56.3101],[21.596,56.3079],[21.4193,56.2374],[21.3276,56.2244],[21.2296,56.1632],[21.1904,56.0845],[21.0534,56.0726],[20.9734,56.232],[20.9706,56.389],[21.0032,56.4348],[21.0064,56.52],[21.0447,56.4621],[21.0305,56.4081],[21.0618,56.387],[21.0798,56.4031],[21.0584,56.5036],[20.9922,56.5489],[21.0584,56.6887],[21.0527,56.8289],[21.2229,56.9077],[21.3825,57.0089],[21.4136,57.0732],[21.4011,57.1513],[21.4336,57.3065],[21.7297,57.5738],[21.9993,57.6003],[22.4837,57.7425],[22.6104,57.7546],[22.591,57.6448],[22.6561,57.5858],[23.0314,57.3945],[23.1302,57.3708],[23.1987,57.2242],[23.2224,57.207],[23.2609,57.0989],[23.3401,57.0586],[23.5086,57.0312],[23.5851,56.9791],[23.6952,56.9673],[23.9529,57.0133],[24.0357,57.069],[24.2108,57.1237],[24.4006,57.2581],[24.4055,57.3445],[24.3586,57.5504],[24.3748,57.6135],[24.3577,57.6855],[24.2996,57.7438],[24.286,57.8326],[24.3062,57.8682],[24.3782,57.8594],[24.4416,57.9081],[24.5338,57.9451],[24.6848,57.9476],[24.7335,57.9922],[24.8168,57.9767],[24.9493,58.0064],[25.0942,58.0673],[25.167,58.0587],[25.2168,57.9854],[25.2844,58.0081],[25.2495,58.0512],[25.2507,58.0685],[25.2817,58.0734],[25.3246,58.0348],[25.5417,57.9628],[25.6015,57.9122],[25.7303,57.9231],[25.7926,57.856],[26.0145,57.8428],[26.0247,57.7744],[26.1685,57.704],[26.2972,57.5991],[26.4309,57.5617],[26.4996,57.5158],[26.5901,57.5204],[26.667,57.5649],[26.7958,57.5713],[26.8727,57.6272],[26.9811,57.609],[27.0854,57.5494],[27.32,57.5161]]]}},{"type":"Feature","properties":{"id":"EU-MC","zh":"摩納哥","en":"Monaco","labelLng":7.3983,"labelLat":43.7397},"geometry":{"type":"Polygon","coordinates":[[[7.4375,43.7434],[7.4043,43.718],[7.3658,43.7227],[7.407,43.7635],[7.4375,43.7434]]]}},{"type":"Feature","properties":{"id":"EU-MD","zh":"摩爾多瓦","en":"Moldova","labelLng":28.4879,"labelLat":47.435},"geometry":{"type":"Polygon","coordinates":[[[26.6179,48.259],[26.6798,48.3302],[26.7359,48.2918],[26.7857,48.2941],[26.7775,48.3662],[26.8319,48.3914],[26.9432,48.3513],[27.0331,48.3602],[27.0374,48.3997],[27.2086,48.3606],[27.3422,48.4361],[27.4035,48.4115],[27.5038,48.4724],[27.6048,48.4841],[27.6069,48.4578],[27.627,48.4513],[27.7853,48.4416],[27.8648,48.3989],[27.9264,48.3394],[28.0764,48.3149],[28.0983,48.2841],[28.0787,48.2449],[28.0933,48.2374],[28.1785,48.2589],[28.1894,48.2231],[28.217,48.2081],[28.3577,48.2386],[28.3634,48.191],[28.3222,48.1632],[28.3174,48.1354],[28.3496,48.1297],[28.4116,48.1707],[28.4369,48.1499],[28.419,48.1222],[28.4796,48.0649],[28.5193,48.1491],[28.5736,48.155],[28.7993,48.1118],[28.8325,48.0248],[28.9504,47.9348],[29.0172,47.9311],[29.061,47.9698],[29.124,47.976],[29.1726,47.891],[29.236,47.8707],[29.1778,47.7897],[29.2386,47.756],[29.197,47.7175],[29.1821,47.6132],[29.1174,47.5333],[29.1556,47.45],[29.1821,47.4299],[29.2326,47.4463],[29.3008,47.3782],[29.3458,47.3658],[29.3676,47.3082],[29.4096,47.2798],[29.4592,47.2935],[29.4809,47.3383],[29.5566,47.324],[29.5802,47.2604],[29.544,47.2342],[29.5448,47.1356],[29.4779,47.1115],[29.5201,47.0599],[29.5702,47.0914],[29.6021,47.061],[29.5587,46.9457],[29.6962,46.9047],[29.7541,46.858],[29.8436,46.8541],[29.8896,46.8072],[29.9282,46.8098],[29.9511,46.7431],[29.9313,46.6192],[29.9497,46.5789],[29.9381,46.5573],[29.8988,46.5531],[29.9019,46.5308],[29.9706,46.4917],[30.0029,46.4942],[30.0141,46.462],[30.077,46.4228],[30.1316,46.4228],[30.0811,46.3742],[29.9187,46.3737],[29.8281,46.3394],[29.8003,46.3984],[29.7141,46.4712],[29.7029,46.4283],[29.6544,46.4227],[29.6455,46.3756],[29.6156,46.3618],[29.583,46.3697],[29.5414,46.413],[29.4809,46.4252],[29.4864,46.4759],[29.4576,46.4847],[29.3747,46.4162],[29.3067,46.472],[29.2833,46.3974],[29.2007,46.3571],[29.1834,46.3776],[29.2056,46.4061],[29.2068,46.5025],[29.1842,46.538],[28.9458,46.4548],[28.9192,46.4047],[28.9449,46.3207],[28.9335,46.259],[29.0098,46.2044],[29.0154,46.1826],[28.9388,46.0893],[28.9569,46.0014],[28.7402,45.9532],[28.7383,45.8376],[28.6698,45.812],[28.6698,45.7773],[28.5767,45.7619],[28.5614,45.7166],[28.5152,45.702],[28.474,45.6579],[28.5113,45.635],[28.5369,45.5798],[28.4982,45.5587],[28.502,45.5087],[28.2705,45.5215],[28.2173,45.4933],[28.1995,45.4618],[28.1659,45.4946],[28.1409,45.5602],[28.0621,45.5936],[28.1077,45.6244],[28.168,45.6325],[28.155,45.7618],[28.1133,45.8254],[28.125,45.9184],[28.0827,46.0147],[28.0902,46.0734],[28.1447,46.1832],[28.109,46.2341],[28.1778,46.287],[28.1904,46.3511],[28.2461,46.4279],[28.2458,46.4755],[28.219,46.5037],[28.2474,46.6208],[28.1215,46.8343],[28.0827,46.9715],[28.028,47.033],[27.9387,47.0466],[27.8438,47.1144],[27.8499,47.1285],[27.8066,47.1446],[27.7883,47.2043],[27.7333,47.2756],[27.6369,47.3067],[27.5724,47.3752],[27.5759,47.4604],[27.4731,47.4918],[27.4284,47.581],[27.304,47.6665],[27.272,47.715],[27.2951,47.7182],[27.2875,47.7523],[27.2192,47.8138],[27.2534,47.8281],[27.2124,47.8479],[27.2124,47.8895],[27.1607,47.9217],[27.1783,47.9379],[27.151,47.9578],[27.1688,47.9831],[27.1215,48.0132],[27.0958,48.0056],[27.089,48.0198],[27.1093,48.0335],[27.0417,48.0773],[27.0428,48.1273],[26.9666,48.1434],[26.9976,48.1666],[26.9381,48.2048],[26.908,48.1845],[26.8977,48.209],[26.8049,48.2583],[26.6885,48.2748],[26.6179,48.259]]]}},{"type":"Feature","properties":{"id":"EU-ME","zh":"蒙特內哥羅","en":"Montenegro","labelLng":19.1437,"labelLat":42.8031},"geometry":{"type":"Polygon","coordinates":[[[18.4964,42.4163],[18.4929,42.4424],[18.4371,42.4934],[18.4374,42.5592],[18.4921,42.5648],[18.4867,42.5898],[18.5384,42.6183],[18.55,42.6681],[18.4539,42.7932],[18.4437,42.8345],[18.4733,42.8626],[18.4335,42.9542],[18.483,43.0146],[18.639,43.0202],[18.6206,43.1226],[18.6884,43.2245],[18.6643,43.2332],[18.8335,43.3242],[18.8212,43.3414],[18.9234,43.3468],[18.9925,43.2671],[19.0247,43.2987],[19.0697,43.3088],[19.0099,43.411],[18.9683,43.4481],[18.9463,43.4439],[18.9512,43.4638],[18.9056,43.4906],[18.9775,43.5462],[19.055,43.5067],[19.1228,43.5359],[19.1953,43.5328],[19.1752,43.5096],[19.1922,43.4545],[19.3723,43.3842],[19.5981,43.1762],[19.7136,43.1656],[19.7612,43.1087],[19.8051,43.09],[19.8722,43.0904],[19.9292,43.1139],[20.1169,42.9767],[20.2232,42.9577],[20.3536,42.891],[20.3454,42.8274],[20.2176,42.8027],[20.1834,42.7425],[20.0763,42.7734],[20.0265,42.7432],[20.0361,42.708],[20.1039,42.6531],[20.0757,42.6031],[20.077,42.5599],[20.065,42.5468],[20.0392,42.5578],[19.9818,42.5108],[19.9075,42.5064],[19.8014,42.4681],[19.7516,42.4934],[19.7343,42.5244],[19.746,42.5989],[19.7221,42.6461],[19.676,42.6467],[19.6218,42.605],[19.5881,42.5329],[19.4172,42.3741],[19.4004,42.3259],[19.2749,42.1913],[19.2821,42.1646],[19.3725,42.1043],[19.3506,42.0278],[19.371,41.9866],[19.3464,41.9615],[19.3651,41.8524],[19.3102,41.8945],[19.1703,41.938],[19.138,41.9853],[19.1392,42.0424],[19.0825,42.0812],[19.0838,42.1101],[19.0487,42.1402],[19.0106,42.1396],[18.9133,42.2222],[18.886,42.2844],[18.8314,42.2775],[18.8176,42.2912],[18.7786,42.2715],[18.7145,42.3253],[18.6785,42.386],[18.6167,42.3681],[18.5452,42.4236],[18.5628,42.4385],[18.7005,42.393],[18.6873,42.4829],[18.6541,42.4518],[18.5025,42.4556],[18.5298,42.4004],[18.4964,42.4163]]]}},{"type":"Feature","properties":{"id":"EU-MK","zh":"北馬其頓","en":"North Macedonia","labelLng":21.5558,"labelLat":41.5582},"geometry":{"type":"Polygon","coordinates":[[[20.5671,41.8732],[20.6024,41.8499],[20.6434,41.8736],[20.6815,41.844],[20.703,41.8496],[20.7505,41.9068],[20.7431,41.9935],[20.7849,42.082],[21.0039,42.142],[21.0985,42.196],[21.1644,42.167],[21.2378,42.0974],[21.2889,42.0897],[21.295,42.149],[21.3538,42.216],[21.4298,42.2158],[21.4199,42.2401],[21.4363,42.2469],[21.6769,42.2349],[21.8172,42.3051],[21.8844,42.3095],[21.929,42.3351],[22.0609,42.3011],[22.2689,42.3703],[22.2769,42.3412],[22.345,42.3134],[22.5311,42.1291],[22.7184,42.0445],[22.8382,42.0195],[22.8808,41.8727],[22.9397,41.7767],[22.9912,41.761],[23.0096,41.7164],[22.933,41.6123],[22.9546,41.4324],[22.9373,41.4108],[22.9409,41.3498],[22.781,41.3349],[22.7513,41.3152],[22.7272,41.1658],[22.7049,41.1397],[22.6445,41.1802],[22.5902,41.1251],[22.4515,41.1137],[22.3802,41.1317],[22.3087,41.125],[22.3026,41.1455],[22.2058,41.1614],[22.1034,41.1215],[22.0482,41.1519],[21.9091,41.0975],[21.8943,41.0538],[21.7837,40.9642],[21.7655,40.9239],[21.6851,40.928],[21.5816,40.8663],[21.5095,40.9005],[21.4049,40.9086],[21.2954,40.8609],[21.183,40.8702],[20.9653,40.8494],[20.9399,40.9071],[20.8374,40.9241],[20.7661,40.8937],[20.7172,40.9132],[20.6539,41.0753],[20.577,41.0935],[20.5655,41.1474],[20.5001,41.2355],[20.4817,41.3412],[20.5234,41.3568],[20.5402,41.4007],[20.452,41.4936],[20.4442,41.5497],[20.5347,41.5853],[20.5004,41.7341],[20.5509,41.7935],[20.5417,41.8616],[20.5671,41.8732]]]}},{"type":"Feature","properties":{"id":"EU-MT","zh":"馬耳他","en":"Malta","labelLng":14.433,"labelLat":35.8929},"geometry":{"type":"MultiPolygon","coordinates":[[[[14.5632,35.87],[14.5618,35.8298],[14.548,35.836],[14.5275,35.8012],[14.4245,35.8237],[14.3457,35.8759],[14.322,35.9731],[14.3773,35.9936],[14.3494,35.9731],[14.4451,35.9604],[14.5078,35.9285],[14.5139,35.9008],[14.5632,35.87]]],[[[14.2826,36.0679],[14.3342,36.0344],[14.26,36.0135],[14.1849,36.0346],[14.1836,36.0648],[14.2826,36.0679]]]]}},{"type":"Feature","properties":{"id":"EU-NL","zh":"荷蘭","en":"Netherlands","labelLng":5.6114,"labelLat":52.4222},"geometry":{"type":"MultiPolygon","coordinates":[[[[3.5414,51.4167],[3.7555,51.3501],[3.834,51.3432],[3.9558,51.3718],[3.9841,51.4105],[4.1219,51.3594],[4.18,51.3774],[4.2215,51.368],[4.1686,51.2969],[3.927,51.2063],[3.7963,51.2088],[3.7762,51.2545],[3.6351,51.2878],[3.5143,51.281],[3.5012,51.2403],[3.4539,51.2356],[3.3674,51.2635],[3.3494,51.3752],[3.5414,51.4167]]],[[[4.0994,51.6541],[3.9603,51.6238],[3.8093,51.6995],[3.7654,51.6784],[3.7,51.6806],[3.6895,51.725],[3.8142,51.7482],[3.9618,51.7381],[4.0366,51.6859],[4.0973,51.6702],[4.0994,51.6541]]],[[[7.1954,53.185],[7.1719,53.1377],[7.1944,53.0338],[7.1836,52.9661],[7.062,52.824],[7.0367,52.6474],[7.0185,52.626],[6.737,52.6347],[6.7018,52.6191],[6.704,52.5831],[6.7438,52.5597],[6.6717,52.5417],[6.7148,52.4616],[6.9002,52.4319],[6.9733,52.4514],[7.0482,52.3651],[7.0125,52.2849],[7.0263,52.2306],[6.8848,52.1603],[6.8307,52.1129],[6.7499,52.1029],[6.673,52.0501],[6.675,52.0348],[6.7782,52.0013],[6.8107,51.9606],[6.7167,51.8993],[6.6282,51.8975],[6.4629,51.8484],[6.3785,51.8601],[6.3825,51.8276],[6.345,51.8211],[6.342,51.8367],[6.2647,51.8662],[6.2252,51.8625],[6.127,51.8967],[6.093,51.8853],[6.1561,51.8421],[6.084,51.8537],[5.9315,51.8156],[5.9641,51.7766],[5.9393,51.7319],[6.0121,51.7159],[6.0086,51.6812],[6.0992,51.6445],[6.0865,51.5955],[6.1933,51.5093],[6.2053,51.4584],[6.1936,51.3445],[6.1478,51.3182],[6.0566,51.2117],[6.0608,51.1709],[6.1571,51.1793],[6.1263,51.1646],[6.1473,51.1523],[5.9829,51.0747],[5.938,51.0309],[5.8805,51.0521],[5.8525,51.0428],[5.8746,50.9654],[6.0037,50.9737],[5.9999,50.9294],[6.0637,50.9075],[6.0567,50.8527],[6.0093,50.8405],[5.9983,50.8007],[5.9688,50.7946],[5.9949,50.7499],[5.7932,50.7521],[5.7524,50.7734],[5.7066,50.7542],[5.6884,50.7608],[5.7005,50.7956],[5.6245,50.8303],[5.6223,50.8527],[5.7224,50.9117],[5.764,50.9594],[5.7224,50.9594],[5.7776,51.0236],[5.7715,51.0581],[5.7988,51.0615],[5.8049,51.0966],[5.846,51.1034],[5.8232,51.1187],[5.8405,51.1389],[5.8291,51.1565],[5.7814,51.1524],[5.7308,51.1838],[5.659,51.1791],[5.5684,51.2077],[5.5455,51.2199],[5.5352,51.262],[5.4932,51.2865],[5.3891,51.2587],[5.2154,51.2587],[5.1973,51.3083],[5.1229,51.3134],[5.0681,51.3745],[5.0799,51.4385],[5.0275,51.4768],[4.9571,51.411],[4.9103,51.3919],[4.7621,51.4134],[4.7791,51.4264],[4.8227,51.4137],[4.8239,51.4756],[4.7787,51.4954],[4.7312,51.4856],[4.6301,51.4182],[4.5406,51.4201],[4.5215,51.4286],[4.5252,51.4759],[4.4831,51.4743],[4.3771,51.4429],[4.3799,51.4095],[4.4162,51.374],[4.3922,51.3504],[4.2611,51.3694],[4.2347,51.419],[4.1111,51.407],[3.9988,51.4531],[3.957,51.4558],[3.9021,51.4049],[3.8272,51.3911],[3.6897,51.4543],[3.5354,51.4592],[3.451,51.5297],[3.4575,51.5551],[3.5604,51.5946],[3.8511,51.6108],[3.9058,51.5692],[3.8716,51.5494],[4.0159,51.5308],[4.0571,51.5084],[4.1048,51.4457],[4.2832,51.4477],[4.2967,51.4705],[4.2678,51.5083],[4.0913,51.5351],[3.9881,51.5903],[4.0677,51.6107],[4.2073,51.5903],[4.19,51.6167],[4.113,51.6394],[4.1126,51.6708],[4.1769,51.6859],[4.0715,51.7172],[4.0339,51.7842],[3.9815,51.81],[3.8716,51.7883],[3.8623,51.8161],[3.9627,51.8474],[4.0776,51.8436],[4.0321,51.882],[4.0435,51.9087],[4.0156,51.9877],[4.1419,52.0056],[4.2847,52.1129],[4.5081,52.3364],[4.5969,52.5066],[4.6694,52.7966],[4.7455,52.9676],[4.8169,52.9676],[4.8094,52.9296],[4.8738,52.904],[5.0781,52.954],[5.3128,53.0828],[5.3792,53.0974],[5.4474,53.2209],[5.5916,53.3028],[5.9808,53.4061],[6.2739,53.4127],[6.3115,53.399],[6.4944,53.4387],[6.7302,53.4606],[6.8291,53.4506],[6.8669,53.4343],[6.9006,53.3518],[7.02,53.3061],[7.0855,53.3096],[7.0807,53.2668],[7.1946,53.245],[7.1954,53.185]]],[[[4.9061,53.0917],[4.7957,53.0003],[4.7268,53.0031],[4.7077,53.0285],[4.7337,53.0842],[4.8543,53.1877],[4.8898,53.1809],[4.9061,53.0917]]],[[[5.0545,53.3138],[5.1048,53.3028],[5.0365,53.2918],[4.9102,53.2125],[4.8789,53.2209],[5.0545,53.3138]]],[[[5.562,53.4343],[5.4754,53.4269],[5.4686,53.4085],[5.2083,53.3527],[5.1677,53.3682],[5.2502,53.4064],[5.5853,53.4536],[5.562,53.4343]]],[[[5.9546,53.4611],[5.679,53.4301],[5.6361,53.4487],[5.6589,53.4719],[5.9546,53.4611]]],[[[6.3387,53.5089],[6.1333,53.4536],[6.1228,53.4816],[6.2118,53.5089],[6.3387,53.5089]]],[[[6.5101,53.5436],[6.4607,53.5434],[6.4412,53.5566],[6.5101,53.5436]]]]}},{"type":"Feature","properties":{"id":"EU-NO","zh":"挪威","en":"Norway","labelLng":9.68,"labelLat":61.3571},"geometry":{"type":"MultiPolygon","coordinates":[[[[5.7507,59.0723],[5.5752,59.124],[5.7391,59.1244],[5.7785,59.1014],[5.7507,59.0723]]],[[[5.4512,59.1635],[5.3768,59.2072],[5.3939,59.2404],[5.4663,59.2045],[5.4512,59.1635]]],[[[5.9299,59.2435],[5.9325,59.269],[5.9876,59.2908],[6.0999,59.2766],[6.0563,59.2407],[5.9582,59.2279],[5.9299,59.2435]]],[[[5.3141,59.2736],[5.2971,59.1689],[5.2359,59.1411],[5.1787,59.1705],[5.1653,59.2734],[5.1787,59.2922],[5.2283,59.2856],[5.1738,59.3341],[5.2085,59.3749],[5.1885,59.384],[5.1859,59.4147],[5.2085,59.416],[5.2865,59.3204],[5.279,59.2925],[5.3141,59.2736]]],[[[5.27,59.6897],[5.3103,59.7033],[5.2893,59.7498],[5.2606,59.7339],[5.2007,59.7495],[5.188,59.7026],[5.154,59.6698],[5.1602,59.6552],[5.2085,59.6828],[5.188,59.6555],[5.2017,59.6146],[5.1528,59.5916],[5.1243,59.6214],[5.1167,59.6857],[5.188,59.7586],[5.1248,59.7619],[5.1184,59.779],[5.0762,59.7663],[5.0986,59.8275],[5.1465,59.8275],[5.1048,59.8685],[5.154,59.8747],[5.2272,59.8073],[5.2598,59.8027],[5.345,59.7102],[5.27,59.6897]]],[[[5.3633,59.7641],[5.4065,59.779],[5.3779,59.7929],[5.3246,59.7828],[5.2564,59.8747],[5.2502,59.9094],[5.304,59.9777],[5.4207,59.9384],[5.4891,59.861],[5.4978,59.8034],[5.4817,59.7879],[5.4219,59.759],[5.3633,59.7641]]],[[[5.6052,59.9622],[5.6399,59.9156],[5.5715,59.923],[5.5081,59.8991],[5.4768,59.963],[5.4102,59.9577],[5.3618,59.9953],[5.4494,60.005],[5.4397,60.0324],[5.4617,60.0528],[5.6567,60.0788],[5.6604,60.0169],[5.6052,59.9622]]],[[[5.297,60.0275],[5.2537,59.9931],[5.1738,60.0461],[5.2036,60.0883],[5.2239,60.0423],[5.2466,60.0515],[5.2053,60.1174],[5.2595,60.0756],[5.2897,60.0743],[5.297,60.0275]]],[[[5.0358,60.2379],[4.993,60.2253],[4.9385,60.2751],[4.9414,60.2912],[5.023,60.2862],[5.0366,60.3135],[4.971,60.3328],[4.9489,60.4392],[4.9768,60.4412],[5.0938,60.3202],[5.0829,60.2855],[5.0503,60.2862],[5.0986,60.2514],[5.1117,60.2005],[5.0571,60.1937],[5.0358,60.2379]]],[[[5.1502,60.5014],[5.1942,60.4711],[5.2044,60.4318],[5.125,60.4024],[5.1157,60.428],[5.1328,60.4438],[5.0645,60.4649],[5.0781,60.478],[5.0537,60.5021],[4.9906,60.5062],[4.9608,60.5599],[5.0264,60.5229],[5.1502,60.5014]]],[[[5.6814,60.4817],[5.6245,60.4669],[5.6089,60.4438],[5.5021,60.437],[5.324,60.5468],[5.409,60.558],[5.5816,60.6322],[5.6084,60.6884],[5.6657,60.6888],[5.6877,60.6766],[5.6877,60.6117],[5.6814,60.4817]]],[[[4.8439,60.5897],[4.7795,60.5985],[4.7949,60.6154],[4.7913,60.6661],[4.8516,60.6211],[4.8439,60.5897]]],[[[4.898,60.8585],[4.8347,60.8952],[4.8252,60.9205],[4.7769,60.93],[4.8368,60.9432],[4.8249,60.9301],[4.8828,60.93],[4.874,60.9177],[4.9294,60.8612],[4.898,60.8585]]],[[[4.7019,60.9937],[4.7087,61.0197],[4.6803,60.9971],[4.646,61.0363],[4.6447,61.0602],[4.689,61.0823],[4.7396,61.0277],[4.7311,60.9999],[4.7019,60.9937]]],[[[4.8938,61.0561],[4.8584,61.1011],[4.8032,61.0465],[4.797,61.0628],[4.7902,61.1461],[4.8306,61.1632],[4.8633,61.1217],[4.87,61.1501],[4.8447,61.1973],[4.8625,61.2034],[4.8953,61.1374],[4.9001,61.17],[4.9435,61.1902],[4.9873,61.1197],[4.8938,61.0561]]],[[[4.8329,61.6958],[4.8799,61.712],[4.9035,61.6762],[4.9028,61.6525],[4.8363,61.6745],[4.8329,61.6958]]],[[[5.1184,61.8211],[5.126,61.8559],[5.0534,61.8088],[4.9163,61.781],[4.8897,61.7851],[4.8708,61.8134],[4.9001,61.8074],[4.9268,61.8279],[4.8032,61.8416],[4.8649,61.873],[4.8652,61.8894],[4.9095,61.8982],[5.2228,61.8485],[5.1184,61.8211]]],[[[5.1521,61.998],[5.0952,61.9274],[5.0215,61.9389],[5.0161,61.9525],[5.0484,61.9528],[5.0544,61.9724],[4.9862,62.0053],[4.9851,62.0339],[5.0798,62.0064],[5.1336,62.0198],[5.1521,61.998]]],[[[5.8011,62.2774],[5.7907,62.215],[5.7014,62.1911],[5.5469,62.1927],[5.5021,62.2258],[5.6057,62.2258],[5.5181,62.2432],[5.5573,62.26],[5.5437,62.273],[5.5632,62.2914],[5.5985,62.297],[5.6965,62.3017],[5.7266,62.2818],[5.8011,62.2774]]],[[[6.0788,62.3419],[5.874,62.2554],[5.8113,62.2457],[5.8516,62.2805],[5.8317,62.2866],[5.8411,62.3131],[5.8045,62.3624],[5.862,62.4156],[5.9439,62.428],[5.9886,62.3965],[5.9995,62.3661],[6.0788,62.3419]]],[[[5.6799,62.3465],[5.6853,62.362],[5.7415,62.3607],[5.7285,62.3266],[5.603,62.3288],[5.6799,62.3465]]],[[[5.5169,62.3494],[5.5236,62.3697],[5.5977,62.3448],[5.5425,62.3317],[5.5169,62.3494]]],[[[6.3325,62.4108],[6.0907,62.4024],[6.0234,62.4374],[6.2017,62.4449],[6.3213,62.4228],[6.3325,62.4108]]],[[[6.6724,62.656],[6.6467,62.6845],[6.6814,62.6982],[6.6748,62.7172],[6.7031,62.7358],[6.744,62.7229],[6.8528,62.7459],[6.9194,62.7172],[6.9141,62.6982],[6.6724,62.656]]],[[[-8.0089,71.1052],[-7.983,71.0452],[-8.006,71.0325],[-8.4014,70.9626],[-8.4975,70.9763],[-8.6197,70.9581],[-8.9866,70.8108],[-9.0797,70.8124],[-9.0661,70.8323],[-9.1174,70.8749],[-9.0466,70.8825],[-8.9163,70.9328],[-8.7904,70.9456],[-8.6927,70.986],[-8.5168,71.0145],[-8.3978,71.1137],[-8.3257,71.1476],[-8.1874,71.1542],[-8.1231,71.1779],[-7.9626,71.1749],[-7.9393,71.1364],[-8.0089,71.1052]]],[[[11.083,59.0773],[11.0305,59.0208],[10.9915,59.0336],[10.9932,59.0766],[11.0208,59.0913],[11.0398,59.0744],[11.083,59.0773]]],[[[10.9071,59.0906],[10.8457,59.0758],[10.8291,59.0994],[10.9105,59.1164],[10.9071,59.0906]]],[[[6.9421,62.8259],[6.8801,62.808],[6.9038,62.7904],[6.8867,62.7751],[6.7704,62.817],[6.8042,62.8223],[6.7775,62.8398],[6.79,62.8577],[6.8323,62.8415],[6.9243,62.8566],[6.9421,62.8415],[6.9421,62.8259]]],[[[7.7063,63.0067],[7.5088,62.9429],[7.3665,62.9967],[7.4356,63.0202],[7.4173,63.036],[7.4356,63.0476],[7.4014,63.0613],[7.4902,63.0681],[7.4764,63.0551],[7.5652,63.0202],[7.5632,63.0506],[7.6061,63.0784],[7.5851,63.1165],[7.6206,63.1176],[7.6478,63.1097],[7.6404,63.0551],[7.7063,63.0067]]],[[[7.8734,63.0451],[7.7782,63.0202],[7.6813,63.0613],[7.7332,63.0955],[7.7782,63.0817],[7.8867,63.0998],[7.9147,63.0817],[7.8734,63.0451]]],[[[8.1885,63.1649],[8.0202,63.1379],[7.9768,63.1432],[7.9284,63.1779],[8.0778,63.2412],[8.1133,63.2394],[8.1885,63.1649]]],[[[8.1908,63.175],[8.1653,63.2134],[8.2105,63.2274],[8.3254,63.1714],[8.2313,63.1596],[8.1908,63.175]]],[[[8.3449,63.1765],[8.2642,63.2326],[8.2778,63.2748],[8.3535,63.2673],[8.396,63.2269],[8.4014,63.272],[8.4287,63.2878],[8.5747,63.1996],[8.5658,63.1779],[8.4232,63.1611],[8.3449,63.1765]]],[[[7.7868,63.3828],[7.7782,63.4113],[7.9238,63.4373],[8.0041,63.4728],[8.0706,63.4733],[8.1817,63.3902],[8.0867,63.3288],[7.9768,63.3151],[7.9147,63.3425],[7.9973,63.3425],[7.8063,63.3713],[7.7868,63.3828]]],[[[9.1068,63.5333],[8.4771,63.4312],[8.3903,63.4338],[8.333,63.4591],[8.2993,63.4455],[8.2778,63.4665],[8.3172,63.5132],[8.4133,63.5578],[8.7235,63.5678],[8.5453,63.6025],[8.7883,63.64],[8.8276,63.6396],[8.8464,63.6159],[8.8682,63.6462],[8.9652,63.6562],[8.9773,63.6441],[8.9569,63.6304],[8.9883,63.5928],[9.0801,63.6062],[9.1267,63.5691],[9.176,63.5678],[9.1068,63.5333]]],[[[9.0763,63.613],[9.014,63.6267],[9.0579,63.6611],[9.1709,63.6414],[9.0763,63.613]]],[[[8.2717,63.685],[8.7434,63.7744],[8.6751,63.7676],[8.7372,63.8091],[8.8054,63.8154],[8.7918,63.7949],[8.8255,63.7341],[8.792,63.6981],[8.7434,63.6879],[8.4758,63.6643],[8.4559,63.6714],[8.5256,63.6918],[8.3352,63.6682],[8.2717,63.685]]],[[[9.9439,64.0115],[9.8539,64.0089],[9.8811,64.02],[9.8438,64.0332],[9.8885,64.0491],[9.9439,64.0115]]],[[[11.4168,64.4727],[11.3158,64.488],[11.2839,64.5133],[11.1802,64.5075],[11.1287,64.5559],[11.1416,64.5713],[11.2249,64.5695],[11.1917,64.5956],[11.043,64.5999],[11.0427,64.6304],[11.0858,64.652],[11.2694,64.5922],[11.3122,64.5401],[11.4256,64.5397],[11.4514,64.515],[11.4168,64.4727]]],[[[11.4339,64.5473],[11.3513,64.5644],[11.3665,64.6344],[11.4655,64.5878],[11.4817,64.5634],[11.4339,64.5473]]],[[[11.326,64.6095],[11.2979,64.6035],[11.2455,64.6394],[11.1731,64.6374],[11.1817,64.6575],[11.168,64.6597],[11.3167,64.6898],[11.3557,64.6673],[11.326,64.6095]]],[[[10.8269,64.8501],[11.1013,64.9531],[11.2664,64.8937],[11.1322,64.8389],[11.0461,64.8501],[11.0911,64.9016],[11.0057,64.8985],[10.9069,64.8574],[10.8269,64.8501]]],[[[10.7109,64.8637],[10.7839,64.924],[10.8718,64.9277],[11.0325,64.973],[11.0335,64.9882],[11.115,64.973],[10.8169,64.8686],[10.7381,64.8501],[10.7451,64.8637],[10.7109,64.8637]]],[[[11.6736,65.0717],[11.6985,65.0574],[11.6572,65.0424],[11.658,65.0647],[11.5798,65.0425],[11.5188,65.0546],[11.531,65.0852],[11.5803,65.1097],[11.7769,65.1185],[11.6736,65.0717]]],[[[12.1565,65.0555],[11.9998,65.0751],[11.979,65.0828],[12.0484,65.0854],[12.0435,65.107],[12.0606,65.1176],[12.1223,65.1313],[12.0928,65.1356],[12.0951,65.1784],[12.1909,65.2138],[12.2717,65.1646],[12.2249,65.1238],[12.3091,65.1106],[12.2703,65.0807],[12.1565,65.0555]]],[[[12.5066,65.3981],[12.3364,65.3315],[12.2111,65.3247],[12.2112,65.3026],[12.2477,65.2805],[12.0806,65.215],[12.0535,65.22],[12.1223,65.3026],[12.0807,65.3088],[12.1222,65.3573],[12.1807,65.351],[12.2112,65.3776],[12.1608,65.3958],[12.3285,65.467],[12.3142,65.4949],[12.1974,65.4739],[12.2322,65.4875],[12.2044,65.4875],[12.2404,65.5261],[12.2453,65.5415],[12.2249,65.549],[12.2743,65.5817],[12.3247,65.5319],[12.3973,65.5076],[12.4446,65.467],[12.4617,65.4128],[12.5066,65.3981]]],[[[11.9761,65.6416],[11.9168,65.59],[11.7593,65.6179],[11.8245,65.693],[11.9979,65.7001],[11.9998,65.678],[11.9579,65.665],[11.9761,65.6416]]],[[[12.7341,65.9756],[12.4658,65.8733],[12.4309,65.8711],[12.4787,65.8984],[12.3688,65.8916],[12.4724,65.9809],[12.6013,66.0217],[12.6501,66.0151],[12.6152,65.9742],[12.8003,66.0248],[12.9038,66.0151],[12.7341,65.9756]]],[[[12.2942,66.0151],[12.4297,66.0871],[12.3421,66.0834],[12.4724,66.1113],[12.4875,66.1351],[12.5742,66.1585],[12.5042,66.1758],[12.4309,66.166],[12.543,66.202],[12.5514,66.2204],[12.5952,66.205],[12.6118,66.1568],[12.547,66.1312],[12.6219,66.1312],[12.5879,66.1113],[12.6569,66.1039],[12.5334,66.0607],[12.2942,66.0151]]],[[[12.825,66.2159],[12.7608,66.2219],[12.741,66.2416],[12.7002,66.2432],[12.8,66.312],[12.8823,66.2768],[12.8792,66.2434],[12.825,66.2159]]],[[[20.3565,68.8046],[20.2366,68.6591],[20.1518,68.6068],[19.9622,68.5412],[20.2459,68.4774],[19.9712,68.3513],[19.0381,68.5056],[18.6446,68.5012],[18.4362,68.5739],[18.1615,68.5302],[18.1357,68.3957],[18.1886,68.1987],[18.1667,68.1585],[17.921,67.9729],[17.3215,68.1053],[17.2201,68.0401],[16.7829,67.897],[16.5872,67.6259],[16.4286,67.534],[16.1996,67.5083],[16.1271,67.4228],[16.4379,67.2003],[16.4156,67.0527],[16.0388,66.8875],[15.6695,66.5994],[15.4263,66.4912],[15.4821,66.3408],[15.4819,66.2749],[15.0534,66.1533],[14.5405,66.1254],[14.6489,65.8024],[14.5607,65.7011],[14.5104,65.4647],[14.5143,65.3181],[14.3802,65.2403],[14.3107,65.0841],[13.6428,64.584],[13.9401,64.4913],[14.0969,64.4653],[14.1156,64.4412],[14.1614,64.2054],[14.1478,64.169],[13.9642,64.0095],[13.2341,64.0909],[12.9824,64.0588],[12.6819,63.9564],[12.2932,63.657],[12.1703,63.5981],[12.2198,63.4743],[11.9924,63.2889],[12.2227,63.0015],[12.0933,62.9074],[12.1562,62.7337],[12.0912,62.5863],[12.3143,62.2861],[12.3175,62.234],[12.1617,61.7248],[12.4165,61.5823],[12.6138,61.547],[12.8882,61.3496],[12.8398,61.227],[12.7391,61.1424],[12.7038,61.0462],[12.5118,61.0491],[12.2533,61.0017],[12.377,60.7541],[12.4825,60.6573],[12.5944,60.5149],[12.6053,60.4192],[12.5779,60.3759],[12.4917,60.3123],[12.5247,60.1617],[12.4832,60.0812],[12.2906,59.9587],[12.1437,59.8984],[11.9422,59.902],[11.8496,59.8724],[11.843,59.8384],[11.9021,59.7851],[11.8972,59.714],[11.8284,59.6597],[11.6749,59.6071],[11.6774,59.5591],[11.784,59.3606],[11.8117,59.2497],[11.7756,59.2025],[11.7453,59.0922],[11.6644,58.9201],[11.5471,58.8847],[11.452,58.896],[11.4532,58.9605],[11.3893,59.0808],[11.3446,59.1114],[11.1824,59.116],[11.1747,59.1409],[11.2067,59.1457],[11.1786,59.165],[11.1764,59.1968],[11.1355,59.1832],[11.1531,59.1625],[11.1355,59.1422],[11.0877,59.1758],[11.0991,59.1342],[11.0325,59.128],[11.0398,59.1437],[10.9983,59.1723],[10.9485,59.1833],[10.9362,59.1832],[10.944,59.1493],[10.9164,59.1422],[10.9021,59.1968],[10.8229,59.164],[10.7791,59.1894],[10.773,59.2521],[10.7381,59.2167],[10.7437,59.268],[10.7791,59.3129],[10.7347,59.3341],[10.7007,59.3067],[10.6741,59.3157],[10.6428,59.3749],[10.6597,59.4002],[10.5916,59.4307],[10.6445,59.4932],[10.6629,59.4887],[10.6489,59.4438],[10.6624,59.4379],[10.6851,59.4503],[10.6903,59.4807],[10.6511,59.5264],[10.6564,59.5947],[10.626,59.6373],[10.6146,59.6972],[10.5975,59.6846],[10.5602,59.7262],[10.6146,59.8337],[10.6555,59.8567],[10.7178,59.7381],[10.7585,59.8502],[10.7526,59.8889],[10.6887,59.9118],[10.6663,59.8889],[10.5295,59.8823],[10.4754,59.85],[10.4987,59.8337],[10.4845,59.7886],[10.5022,59.7087],[10.5827,59.6621],[10.6146,59.6077],[10.5427,59.5355],[10.4367,59.5184],[10.3976,59.6881],[10.2669,59.7397],[10.2244,59.7238],[10.3792,59.6584],[10.3949,59.6112],[10.381,59.5353],[10.3643,59.5258],[10.2373,59.56],[10.3694,59.4553],[10.4775,59.4296],[10.4445,59.3489],[10.5142,59.3029],[10.4696,59.2478],[10.3609,59.2713],[10.362,59.2195],[10.3303,59.2097],[10.3137,59.128],[10.2898,59.1346],[10.3069,59.0597],[10.2721,59.1143],[10.2625,59.0386],[10.2244,59.1143],[10.2113,59.0666],[10.2322,59.0404],[10.207,59.0164],[10.1145,59.0051],[10.1619,59.0275],[10.1634,59.0523],[10.0594,59.0181],[10.0168,59.0337],[10.0334,58.9935],[10.0148,58.9731],[9.8462,58.9556],[9.8122,58.9634],[9.8452,58.9893],[9.7817,59.0512],[9.7581,59.0324],[9.6885,59.0908],[9.6831,59.046],[9.6686,59.0515],[9.6306,59.1314],[9.6009,59.1157],[9.5391,59.1206],[9.6541,59.0373],[9.7268,59.0152],[9.724,58.984],[9.7035,58.9982],[9.6558,58.984],[9.6898,58.9567],[9.5942,58.943],[9.6079,58.9287],[9.5759,58.9215],[9.4701,58.9287],[9.5239,58.9001],[9.5115,58.8952],[9.4559,58.8977],[9.4504,58.8815],[9.3738,58.8954],[9.3602,58.8815],[9.4037,58.8809],[9.3395,58.8626],[9.2988,58.8815],[9.2708,58.8332],[9.4504,58.8332],[9.3065,58.7387],[9.071,58.7412],[9.063,58.7238],[9.1691,58.7165],[9.1008,58.7375],[9.2147,58.7216],[9.2163,58.7028],[9.0593,58.6829],[9.156,58.6885],[9.2005,58.6723],[9.0338,58.5948],[8.9712,58.5867],[8.9133,58.6069],[8.9489,58.5797],[8.9501,58.5472],[8.9094,58.5009],[8.7541,58.4276],[8.7073,58.3789],[8.6416,58.3639],[8.6073,58.3328],[8.5794,58.3475],[8.5134,58.2934],[8.5012,58.2572],[8.4094,58.272],[8.4063,58.2442],[8.3535,58.2447],[8.2437,58.2031],[8.2717,58.1963],[8.2272,58.1632],[8.2232,58.1348],[8.2019,58.123],[8.158,58.1445],[8.1229,58.102],[8.0525,58.1132],[8.0246,58.1411],[8.0798,58.1621],[8.0296,58.2248],[8.0041,58.223],[8.0276,58.1832],[8.0075,58.1445],[7.9341,58.1094],[7.9563,58.0932],[7.6639,58.0673],[7.6609,58.0455],[7.6267,58.0523],[7.6148,58.0221],[7.5789,58.0455],[7.5789,58.0175],[7.3906,58.0175],[7.2676,58.036],[7.2498,58.0585],[7.175,58.0312],[7.1555,58.0503],[7.0828,58.0369],[7.076,58.0065],[7.0066,57.9932],[6.9994,58.0307],[7.0877,58.0706],[7.1162,58.0585],[7.1475,58.1001],[6.9353,58.0455],[6.9961,58.1001],[6.9803,58.1054],[6.9006,58.0523],[6.908,58.1001],[6.8664,58.0796],[6.8042,58.1001],[6.9893,58.1411],[6.8738,58.1348],[6.7776,58.182],[6.808,58.1206],[6.7315,58.1199],[6.7156,58.1348],[6.7224,58.1894],[6.6882,58.1206],[6.7826,58.0653],[6.6185,58.0683],[6.5305,58.1206],[6.5681,58.1318],[6.597,58.1765],[6.6746,58.182],[6.6541,58.1894],[6.6751,58.207],[6.846,58.2714],[6.6814,58.223],[6.6336,58.2748],[6.6563,58.3028],[6.6951,58.2919],[6.7088,58.313],[6.6873,58.3273],[6.62,58.3192],[6.6262,58.2447],[6.5623,58.2431],[6.3475,58.2859],[6.0101,58.3849],[5.978,58.4145],[5.9546,58.4775],[5.7967,58.4892],[5.7784,58.5209],[5.7042,58.5208],[5.6463,58.5487],[5.6524,58.5627],[5.5715,58.6283],[5.478,58.7547],[5.5267,58.7841],[5.5305,58.8687],[5.5725,58.894],[5.5371,58.9561],[5.6174,58.9073],[5.6262,58.9256],[5.5505,58.9709],[5.5916,58.9771],[5.5789,58.9891],[5.5232,58.9914],[5.5505,59.0386],[5.7156,58.9771],[5.701,58.9191],[5.7156,58.8673],[5.7355,58.9287],[5.8181,58.9362],[5.8218,58.9634],[5.8535,58.965],[6.0925,58.8472],[6.2289,58.84],[6.119,58.8536],[6.0576,58.902],[6.1053,58.9504],[6.1948,58.984],[6.6262,59.0528],[6.3521,59.033],[6.1604,58.9982],[6.0339,58.9052],[5.9751,58.9634],[5.9841,58.9841],[6.0508,58.9982],[6.0091,59.0256],[5.9341,59.0181],[5.8755,59.0662],[5.8906,59.1039],[6.1265,59.1484],[6.0088,59.1494],[6.0643,59.2072],[6.1714,59.2614],[6.3239,59.315],[6.4617,59.3198],[6.3138,59.3229],[6.1541,59.2678],[6.1123,59.2746],[6.085,59.3067],[6.2363,59.3198],[6.1992,59.3515],[6.1721,59.3212],[6.147,59.3402],[6.0925,59.3198],[6.0576,59.3539],[6.0374,59.3275],[5.9955,59.3341],[6.0415,59.3837],[6.1743,59.4438],[6.1886,59.4296],[6.2427,59.5106],[6.5442,59.56],[6.5052,59.5713],[6.3361,59.5536],[6.2363,59.5258],[6.2786,59.572],[6.3115,59.6555],[6.2865,59.6492],[6.2373,59.5498],[6.153,59.4594],[6.027,59.4023],[5.9826,59.4296],[5.9689,59.4023],[5.9955,59.3812],[5.9242,59.3558],[5.8862,59.4023],[5.8862,59.447],[6.1532,59.4774],[6.1043,59.4929],[6.0247,59.4743],[5.9019,59.4791],[5.8074,59.5394],[5.7771,59.5258],[5.8035,59.4948],[5.7975,59.4631],[5.7484,59.4458],[5.7083,59.4706],[5.6965,59.4294],[5.6462,59.4085],[5.7842,59.4293],[5.8525,59.385],[5.8596,59.3508],[5.7048,59.3402],[5.6777,59.3098],[5.612,59.293],[5.6462,59.3341],[5.5866,59.4165],[5.5607,59.4093],[5.5853,59.3955],[5.5679,59.3164],[5.5054,59.2777],[5.4358,59.3077],[5.4331,59.4051],[5.4043,59.379],[5.3994,59.2967],[5.3727,59.3072],[5.3484,59.416],[5.3327,59.4115],[5.3314,59.3539],[5.2972,59.3447],[5.2312,59.4243],[5.2017,59.4296],[5.1823,59.5112],[5.2427,59.5258],[5.2017,59.5463],[5.3442,59.6477],[5.386,59.6494],[5.4133,59.5947],[5.427,59.6357],[5.3997,59.6698],[5.4891,59.7381],[5.5055,59.6927],[5.4805,59.6213],[5.4878,59.575],[5.4168,59.5429],[5.4168,59.5047],[5.5164,59.5395],[5.54,59.5983],[5.5236,59.6179],[5.5641,59.6767],[5.7219,59.6635],[5.7156,59.6077],[5.7544,59.6098],[5.7891,59.6564],[5.8794,59.6555],[5.8794,59.6767],[5.7886,59.6601],[5.7461,59.6755],[5.8142,59.7291],[5.8862,59.7381],[5.9031,59.7648],[5.9859,59.7357],[6.0381,59.7452],[6.2152,59.8275],[6.2918,59.8403],[6.3115,59.8542],[6.2443,59.8436],[6.0023,59.7586],[5.9341,59.779],[5.9689,59.861],[5.9343,59.8415],[5.9144,59.7914],[5.8317,59.7722],[5.7151,59.8317],[5.7219,59.861],[5.6814,59.8415],[5.6462,59.8542],[5.7429,59.8821],[5.7402,59.9099],[5.7722,59.9307],[5.9715,59.9595],[5.9826,59.9811],[5.9478,59.9975],[6.01,60.0574],[6.098,60.0919],[6.291,60.1216],[6.2664,60.1276],[6.2568,60.1627],[6.2005,60.1254],[6.1053,60.1074],[6.075,60.1984],[6.1423,60.2155],[6.2092,60.2768],[6.2017,60.2998],[6.2774,60.3135],[6.3518,60.3681],[6.4417,60.3889],[6.5027,60.4308],[6.6404,60.4165],[6.5718,60.3308],[6.5784,60.3066],[6.5305,60.2623],[6.5101,60.1353],[6.5238,60.0808],[6.5291,60.1639],[6.5818,60.2382],[6.5715,60.2725],[6.6541,60.3824],[6.8026,60.4728],[6.9421,60.4923],[7.0788,60.4794],[7.106,60.5058],[6.9006,60.5058],[7.0173,60.5878],[6.988,60.5895],[6.856,60.5032],[6.6561,60.433],[6.5921,60.4438],[6.6951,60.5189],[6.2972,60.3886],[6.2253,60.4123],[6.1775,60.471],[6.2394,60.379],[6.119,60.3681],[6.1886,60.355],[6.1403,60.3066],[6.1607,60.2862],[6.1399,60.2543],[5.9964,60.265],[5.9147,60.1689],[5.8516,60.1496],[5.8727,60.0876],[5.856,60.0237],[5.7839,60.005],[5.7907,60.0193],[5.7717,60.0235],[5.756,59.9907],[5.7393,59.9945],[5.6814,60.0397],[5.6886,60.0609],[5.7757,60.0655],[5.7975,60.0944],[5.7212,60.0839],[5.7002,60.1039],[5.7292,60.1324],[5.7083,60.1763],[5.7907,60.2111],[5.6812,60.1906],[5.6462,60.1496],[5.593,60.1386],[5.5437,60.1627],[5.5741,60.1767],[5.5641,60.2043],[5.7083,60.2322],[5.5984,60.2322],[5.6331,60.2725],[5.5715,60.2383],[5.6672,60.355],[5.7366,60.392],[5.6399,60.3476],[5.6331,60.3681],[5.5266,60.2172],[5.4385,60.1721],[5.4098,60.1313],[5.3518,60.1558],[5.3724,60.1701],[5.304,60.1906],[5.3518,60.2172],[5.2228,60.2111],[5.3103,60.2657],[5.1707,60.2787],[5.1707,60.3172],[5.2283,60.3209],[5.141,60.3514],[5.1777,60.3886],[5.2979,60.396],[5.2502,60.4308],[5.2632,60.4506],[5.2371,60.4738],[5.3058,60.5283],[5.4762,60.435],[5.5733,60.4149],[5.6536,60.4308],[5.6497,60.4478],[5.714,60.4843],[5.7106,60.6031],[5.7429,60.6567],[5.7232,60.6676],[5.7498,60.7182],[5.6638,60.7039],[5.6952,60.7523],[5.6756,60.7578],[5.5916,60.6977],[5.5335,60.6977],[5.5266,60.6287],[5.3001,60.5608],[5.2228,60.5742],[5.085,60.6629],[5.2283,60.6213],[5.085,60.7114],[5.1465,60.7039],[5.1258,60.7244],[5.033,60.7417],[4.9268,60.8001],[4.9815,60.8088],[5.2801,60.7218],[5.3042,60.712],[5.3103,60.676],[5.348,60.6404],[5.3724,60.6356],[5.3518,60.6629],[5.4338,60.6287],[5.3709,60.6744],[5.4338,60.6629],[5.4133,60.7039],[5.355,60.7448],[5.2842,60.7477],[5.2359,60.7762],[5.3518,60.8131],[5.3381,60.8398],[5.3565,60.8529],[5.5369,60.8758],[5.4797,60.8846],[5.4709,60.8961],[5.4959,60.91],[5.4717,60.9075],[5.3267,60.8682],[5.2932,60.8227],[5.1878,60.8277],[5.1677,60.8547],[5.1644,60.8309],[5.131,60.8121],[5.1184,60.8274],[5.1328,60.8349],[5.0471,60.8444],[4.9819,60.9509],[5.012,60.965],[5.0774,60.9497],[5.0824,60.8888],[5.1008,60.8778],[5.0986,60.9509],[5.1428,60.9722],[5.1403,60.9919],[5.0779,60.9714],[5.0127,60.9819],[5.0161,61.0465],[5.0686,61.0736],[5.1351,61.0767],[5.3123,61.0322],[5.4338,61.0266],[5.4484,60.9954],[5.4671,61.0074],[5.4602,61.05],[5.5271,61.0754],[5.6399,61.0601],[5.5977,61.0852],[5.7739,61.1144],[5.7907,61.1049],[5.7809,61.0644],[5.8636,61.1179],[6.0985,61.1222],[6.2581,61.0938],[6.2663,61.0587],[6.2425,61.0465],[6.3592,61.0676],[6.3703,61.0563],[6.3387,61.0124],[6.356,61.0109],[6.4377,61.0812],[6.5457,61.1041],[6.6006,61.1752],[6.8367,61.1393],[6.8682,61.0903],[6.9558,61.0881],[7.0098,61.0089],[6.8738,60.9372],[6.965,60.9655],[7.0514,60.9645],[7.1301,60.9267],[7.106,60.8616],[7.1575,60.8974],[7.1716,60.924],[7.1613,60.9509],[7.0935,60.9638],[7.0138,61.0517],[7.0003,61.0929],[7.1663,61.1101],[7.2227,61.1404],[7.4356,61.1011],[7.3462,61.1427],[7.427,61.1859],[7.6062,61.1983],[7.695,61.2321],[7.3884,61.1982],[7.3589,61.2056],[7.3357,61.2744],[7.312,61.2873],[7.3807,61.3783],[7.572,61.4853],[7.3462,61.3891],[7.2637,61.3959],[7.3088,61.3638],[7.3052,61.3481],[7.2398,61.2973],[7.2982,61.2606],[7.3225,61.2054],[7.3597,61.1911],[7.3052,61.1632],[7.2137,61.1837],[7.1372,61.1457],[6.9531,61.1116],[6.9172,61.1363],[7.0036,61.1837],[6.8943,61.1632],[6.5579,61.2246],[6.6951,61.3447],[6.7156,61.3907],[6.7019,61.4028],[6.6034,61.2788],[6.5647,61.2656],[6.5271,61.2873],[6.5011,61.2681],[6.5374,61.2042],[6.4651,61.2076],[6.4983,61.1923],[6.5062,61.147],[6.4343,61.1147],[6.2827,61.1254],[6.2039,61.1487],[6.1743,61.1837],[6.0735,61.148],[5.9614,61.1632],[6.0371,61.2042],[5.9409,61.17],[5.8045,61.1557],[5.7835,61.165],[5.783,61.1966],[5.7498,61.1557],[5.5573,61.1365],[5.4237,61.0797],[5.3345,61.0969],[5.2979,61.1291],[5.1939,61.1053],[5.1602,61.1291],[5.2283,61.1427],[5.0441,61.1632],[5.0593,61.188],[5.2228,61.1632],[5.2147,61.1837],[5.2502,61.1837],[5.1678,61.2208],[5.0208,61.2165],[4.9888,61.2246],[5.0645,61.2458],[5.013,61.2366],[4.9546,61.2526],[5.0161,61.2873],[5.1594,61.3111],[5.2015,61.3427],[5.2793,61.3214],[5.3206,61.2523],[5.3374,61.2687],[5.3208,61.3175],[5.2564,61.3481],[5.4406,61.3674],[5.6331,61.3618],[5.5545,61.3783],[5.1643,61.3561],[5.0584,61.3235],[5.0064,61.3475],[4.9988,61.3769],[5.0441,61.4028],[5.0627,61.3746],[5.0781,61.4102],[5.1184,61.4164],[5.1117,61.4307],[4.9479,61.4164],[5.1634,61.4508],[5.1805,61.4723],[5.3108,61.4494],[5.3376,61.4648],[5.5189,61.4301],[5.6672,61.4853],[5.736,61.4846],[5.7704,61.4551],[5.8045,61.458],[5.7224,61.499],[5.4609,61.4528],[5.438,61.4604],[5.4413,61.4792],[5.2903,61.4796],[5.1782,61.5098],[5.1389,61.5241],[5.1403,61.5542],[5.3582,61.561],[5.1465,61.5952],[5.427,61.5889],[5.27,61.6157],[5.3407,61.6431],[5.2293,61.6287],[4.9683,61.6361],[4.9396,61.6784],[4.9888,61.7255],[4.9745,61.7386],[4.9881,61.7469],[5.054,61.7504],[5.126,61.7181],[5.1677,61.7255],[5.126,61.7522],[5.1902,61.7689],[5.0645,61.7597],[5.27,61.8279],[5.2564,61.8354],[5.3376,61.8416],[5.2904,61.8621],[5.3948,61.9111],[5.6758,61.8869],[5.7429,61.8485],[5.6408,61.8351],[5.6194,61.8149],[5.9409,61.845],[5.8993,61.7386],[5.992,61.8354],[6.0986,61.7789],[6.1812,61.7665],[6.0576,61.8354],[6.2907,61.8354],[6.3838,61.8074],[6.4738,61.8046],[6.5213,61.8142],[6.5896,61.8708],[6.6673,61.8732],[6.7777,61.8413],[6.8186,61.8764],[6.771,61.8703],[6.678,61.8969],[6.5555,61.8783],[6.4762,61.8253],[6.2586,61.8563],[6.0955,61.8485],[5.8862,61.8832],[5.8045,61.8559],[5.7293,61.8894],[5.9614,61.9167],[5.427,61.9378],[5.1558,61.8961],[5.0986,61.9167],[5.1403,61.9713],[5.2283,61.9583],[5.3015,62.0029],[5.3103,62.0266],[5.4002,62.02],[5.2085,62.1023],[5.1091,62.1091],[5.0918,62.1227],[5.126,62.1296],[5.0706,62.1638],[5.0918,62.1706],[5.085,62.1911],[5.1465,62.1911],[5.1697,62.2145],[5.2746,62.1694],[5.27,62.1358],[5.3179,62.1065],[5.4514,62.0617],[5.4617,62.0067],[5.5364,62.079],[5.5916,62.0682],[5.5647,62.0897],[5.391,62.1232],[5.4206,62.1759],[5.4543,62.1911],[5.6221,62.1649],[5.6615,62.1214],[5.7498,62.0886],[5.6683,62.1435],[5.6672,62.1706],[5.8574,62.2043],[5.9055,62.1909],[5.9255,62.1636],[5.9206,62.1197],[5.8525,62.0512],[5.8454,62.0197],[5.9367,62.0873],[5.9546,62.14],[6.0443,62.0993],[6.0508,62.0682],[6.2083,62.0812],[6.3667,62.0613],[6.0886,62.1091],[5.9826,62.1842],[5.9287,62.1989],[5.926,62.2255],[6.0645,62.2047],[5.9478,62.2457],[6.0277,62.3057],[6.3108,62.3721],[6.3934,62.2805],[6.5505,62.1706],[6.5569,62.1384],[6.5305,62.1091],[6.5921,62.1358],[6.5809,62.1603],[6.4177,62.3112],[6.39,62.3647],[6.4002,62.3872],[6.5003,62.3993],[6.5647,62.3555],[6.5442,62.4108],[6.7088,62.4517],[6.8792,62.4179],[6.8738,62.3555],[6.9893,62.273],[7.0052,62.1943],[6.9427,62.1374],[6.9558,62.1023],[7.0213,62.0908],[7.14,62.1166],[7.1878,62.1023],[7.1497,62.1308],[7.03,62.1004],[6.9793,62.1129],[6.9734,62.1294],[7.0371,62.1838],[7.0281,62.266],[7.1128,62.2805],[7.2092,62.2509],[7.3107,62.2816],[7.415,62.2394],[7.3735,62.273],[7.2935,62.2979],[7.1613,62.2866],[6.957,62.3253],[6.9141,62.3698],[6.9756,62.3767],[6.8516,62.4545],[6.7565,62.4648],[6.7907,62.4784],[6.6902,62.4775],[6.3977,62.425],[6.3047,62.4592],[6.2429,62.4511],[6.2227,62.4592],[6.4536,62.5024],[6.6746,62.4927],[6.6138,62.5202],[6.4761,62.5132],[6.5647,62.5275],[6.533,62.5369],[6.263,62.5275],[6.2705,62.5549],[6.2494,62.5747],[6.3196,62.6085],[6.5374,62.6156],[6.5833,62.5993],[6.6126,62.561],[6.6216,62.6196],[6.6467,62.6094],[6.7561,62.6546],[6.9178,62.5747],[6.908,62.6026],[6.9285,62.623],[6.8875,62.6435],[7.0923,62.6509],[7.0378,62.623],[7.0965,62.6122],[7.1271,62.5337],[7.1538,62.5747],[7.1331,62.5992],[7.1575,62.6292],[7.365,62.5928],[7.4304,62.548],[7.5174,62.5411],[7.5425,62.5036],[7.5729,62.55],[7.7782,62.5747],[7.7454,62.586],[7.5052,62.5664],[7.4227,62.598],[7.4182,62.633],[7.4773,62.6396],[7.5003,62.6199],[7.4971,62.5883],[7.5202,62.5847],[7.533,62.6133],[7.51,62.6495],[7.5232,62.6744],[7.8359,62.7321],[8.0188,62.7336],[8.1475,62.692],[8.1294,62.7184],[8.0451,62.7596],[8.073,62.7801],[7.646,62.7287],[7.4893,62.6868],[7.3597,62.6982],[7.4036,62.7119],[7.3665,62.7329],[7.4715,62.7672],[7.6813,62.7944],[7.6095,62.7961],[7.3125,62.744],[6.9704,62.7256],[6.949,62.7329],[6.9831,62.7534],[6.9558,62.7705],[6.9619,62.7842],[7.0098,62.8148],[7.2158,62.8148],[7.1331,62.8489],[7.0166,62.8415],[6.948,62.9055],[6.8801,62.9111],[7.076,62.9829],[7.2376,63.0147],[7.4212,62.9514],[7.4417,62.9179],[7.5011,62.9108],[7.69,62.9811],[7.7804,62.9726],[7.7483,62.9421],[7.6683,62.9179],[7.6943,62.9121],[7.9393,62.9771],[8.0755,62.9509],[8.1133,62.9179],[8.1543,62.8148],[8.5132,62.7074],[8.5453,62.6572],[8.5672,62.6823],[8.544,62.7206],[8.1841,62.8477],[8.1712,62.8918],[8.2096,62.9111],[8.1475,62.9514],[7.9831,63.0271],[7.9426,63.0202],[7.97,63.0067],[7.8772,63.0104],[7.9973,63.0923],[8.0867,63.1097],[8.134,63.0803],[8.1284,63.0502],[8.1604,63.0264],[8.3301,62.9734],[8.3399,62.9588],[8.3093,62.9446],[8.3364,62.9121],[8.3293,62.8807],[8.3894,62.8899],[8.5386,62.8524],[8.5242,62.8713],[8.4287,62.8968],[8.4507,62.8957],[8.574,62.8754],[8.703,62.8223],[8.6199,62.8779],[8.4797,62.9072],[8.4157,62.9588],[8.6688,62.9793],[8.5217,62.9892],[8.5863,63.0202],[8.5537,63.0227],[8.374,62.9731],[8.3195,62.9998],[8.4702,63.0202],[8.2385,63.0255],[8.2232,63.0334],[8.2289,63.0631],[8.1655,63.1153],[8.2197,63.1345],[8.2915,63.096],[8.2847,63.0755],[8.3262,63.0886],[8.3195,63.1097],[8.2362,63.1507],[8.5436,63.1324],[8.641,63.1097],[8.5658,63.1612],[8.6087,63.1811],[8.9431,63.2121],[8.6237,63.2015],[8.5733,63.2531],[8.4764,63.294],[8.702,63.324],[8.7644,63.3493],[8.7111,63.3512],[8.6389,63.3921],[8.6724,63.4212],[8.7183,63.4081],[8.8234,63.4294],[8.8811,63.3977],[8.8914,63.4213],[8.9972,63.4182],[8.9675,63.4334],[9.0183,63.4665],[9.1145,63.4182],[9.1486,63.3759],[9.1029,63.3432],[9.0934,63.294],[9.1431,63.3309],[9.2647,63.3629],[9.4346,63.3804],[9.4769,63.4039],[9.218,63.372],[9.1677,63.402],[9.1691,63.4212],[9.4819,63.4732],[9.4807,63.487],[9.333,63.4665],[9.2578,63.5001],[9.2922,63.4591],[9.1673,63.4669],[9.1486,63.4858],[9.162,63.5071],[9.2443,63.5137],[9.2372,63.5345],[9.3023,63.5308],[9.368,63.5633],[9.3882,63.5622],[9.3783,63.5305],[9.4033,63.5185],[9.4954,63.5769],[9.5733,63.541],[9.5459,63.5806],[9.4906,63.5894],[9.6991,63.6445],[9.8,63.5631],[9.8059,63.5137],[9.8987,63.4774],[9.9606,63.4277],[9.9285,63.3772],[9.8333,63.3288],[10.0134,63.3619],[10.0993,63.3249],[10.2422,63.3263],[10.259,63.2673],[10.2796,63.3183],[10.2659,63.3319],[10.0687,63.3655],[10.0409,63.4064],[10.094,63.4387],[10.3005,63.4665],[10.3731,63.4417],[10.4473,63.4568],[10.5769,63.4307],[10.6904,63.4523],[10.7979,63.4174],[10.9081,63.4562],[10.9164,63.4665],[10.7777,63.4875],[10.7588,63.5175],[10.7808,63.539],[10.9226,63.5548],[10.8569,63.5693],[10.9226,63.6025],[10.6564,63.5548],[10.7557,63.6251],[10.8643,63.6515],[10.9054,63.6845],[11.0335,63.7192],[11.1567,63.7111],[11.2658,63.7744],[11.4577,63.79],[11.4597,63.8124],[11.4241,63.8222],[11.4378,63.8359],[11.4152,63.8501],[11.2771,63.8674],[11.1116,63.8496],[11.0964,63.8896],[11.1766,63.9092],[11.2233,63.9455],[11.4369,63.9831],[11.4979,64.0208],[11.2542,64.0379],[11.2405,64.061],[11.3621,64.1171],[11.3,64.1072],[11.2254,64.072],[11.1751,64.007],[10.9627,63.9479],[10.8713,63.8972],[10.6886,63.8603],[10.5737,63.8091],[10.9002,63.8947],[11.056,63.8613],[11.074,63.8359],[11.0075,63.8131],[10.9779,63.7676],[10.91,63.731],[10.6717,63.6868],[10.6023,63.6359],[10.4158,63.5794],[10.2414,63.5622],[9.9802,63.4934],[9.9182,63.5147],[9.888,63.5752],[9.9021,63.5894],[9.8182,63.6141],[9.8145,63.6383],[9.8333,63.6441],[9.7922,63.6645],[9.7991,63.6918],[9.9998,63.7239],[10.1014,63.7676],[10.0052,63.7465],[10.0393,63.7744],[10.0296,63.7835],[9.5441,63.6656],[9.5679,63.7068],[9.5527,63.726],[9.7781,63.7676],[9.5813,63.7591],[9.5459,63.7744],[9.6628,63.8188],[9.8743,63.8632],[9.7922,63.8837],[9.8921,63.9025],[9.9258,63.8837],[10.116,63.9411],[10.197,63.9383],[10.1418,63.9656],[9.9431,63.9184],[10.1281,63.9867],[9.9363,63.9594],[9.9841,63.9935],[9.9981,64.0363],[10.0182,64.0351],[10.0256,64.0624],[9.9958,64.0954],[10.0137,64.1188],[10.1079,64.0897],[10.1921,64.1015],[10.2175,64.1239],[10.1077,64.1171],[10.1338,64.1385],[10.1697,64.1369],[10.156,64.158],[10.197,64.158],[10.1697,64.199],[10.2971,64.2099],[10.3745,64.1854],[10.3654,64.2072],[10.2454,64.2338],[10.3335,64.2604],[10.3268,64.2741],[10.3973,64.2644],[10.3914,64.2878],[10.4912,64.2952],[10.4496,64.3128],[10.4502,64.3498],[10.4707,64.3566],[10.5594,64.3293],[10.5047,64.3703],[10.5983,64.3458],[10.6489,64.3566],[10.553,64.4051],[10.4639,64.4051],[10.4831,64.4237],[10.5441,64.4262],[10.6283,64.3977],[10.5855,64.4343],[10.6047,64.4522],[10.835,64.3691],[10.855,64.3778],[10.7866,64.4113],[10.8052,64.4208],[10.7966,64.4323],[10.6564,64.4522],[10.7622,64.4802],[10.8412,64.4659],[10.8003,64.5075],[10.8247,64.5114],[10.8923,64.4747],[10.9164,64.4932],[10.9567,64.487],[10.9226,64.5075],[10.9641,64.5075],[10.9567,64.5522],[10.9164,64.5826],[10.9712,64.6026],[11.0603,64.5758],[11.0762,64.5236],[11.1672,64.4892],[11.1628,64.446],[11.2698,64.4526],[11.3416,64.4317],[11.2249,64.3225],[11.2474,64.3256],[11.3,64.3703],[11.3893,64.4051],[11.3621,64.4113],[11.4098,64.4522],[11.4434,64.4385],[11.6563,64.4802],[11.4378,64.4659],[11.4607,64.5112],[11.5396,64.5211],[11.506,64.5484],[11.5737,64.5559],[11.547,64.5416],[11.5701,64.5373],[11.7798,64.5969],[11.6358,64.5826],[11.6289,64.6242],[11.6112,64.6286],[11.5532,64.603],[11.5947,64.5969],[11.5772,64.575],[11.5168,64.5729],[11.4207,64.6364],[11.3962,64.6856],[11.4241,64.6959],[11.3962,64.7067],[11.5317,64.7446],[11.6159,64.7402],[11.5532,64.7675],[11.8418,64.7949],[11.6432,64.8227],[11.7873,64.8358],[11.7873,64.8576],[11.6494,64.8432],[11.7455,64.8842],[11.992,64.9302],[12.0637,64.9599],[12.2249,64.9394],[12.1439,64.9694],[12.0535,64.973],[11.9116,64.9494],[11.617,64.8696],[11.6221,64.8432],[11.4783,64.8106],[11.4033,64.7597],[11.261,64.7344],[11.2385,64.7402],[11.3514,64.7675],[11.4297,64.8159],[11.3464,64.805],[11.2317,64.8227],[11.2527,64.8378],[11.5238,64.8625],[11.6971,64.9122],[11.2454,64.8576],[11.2673,64.8698],[11.4232,64.9252],[11.5542,64.8991],[11.5947,64.9252],[11.5339,64.9047],[11.4774,64.9326],[11.8202,64.9812],[11.835,64.9866],[11.8045,64.9986],[11.8142,65.018],[11.9785,65.0688],[12.0125,65.0555],[12.0155,65.0296],[12.0545,65.0656],[12.0759,65.0395],[12.1371,65.0467],[12.194,64.9949],[12.2112,65.0146],[12.1869,65.0345],[12.1931,65.0505],[12.3688,65.0903],[12.4715,65.0893],[12.5075,65.1212],[12.6362,65.1313],[12.6022,65.1374],[12.7905,65.2138],[12.8074,65.2421],[12.931,65.3124],[12.9318,65.3332],[12.6682,65.1959],[12.5028,65.1449],[12.3688,65.1518],[12.3817,65.1772],[12.4992,65.2001],[12.4514,65.2064],[12.4383,65.2269],[12.3552,65.2269],[12.4082,65.2469],[12.7121,65.2541],[12.5164,65.2678],[12.4582,65.2541],[12.465,65.2678],[12.4357,65.2733],[12.3455,65.2678],[12.2453,65.2336],[12.3421,65.3026],[12.4514,65.3135],[12.4787,65.3367],[12.4103,65.3225],[12.4992,65.3708],[12.6916,65.3298],[12.6628,65.3547],[12.547,65.364],[12.4787,65.4465],[12.5486,65.447],[12.5742,65.4186],[12.6022,65.4323],[12.7121,65.3708],[12.6294,65.4323],[12.6498,65.4503],[12.7803,65.4596],[12.6084,65.4596],[12.6569,65.4807],[12.5965,65.4886],[12.5646,65.5137],[12.6157,65.5285],[12.5794,65.5495],[12.5742,65.59],[12.5137,65.5122],[12.465,65.5217],[12.5339,65.5832],[12.4383,65.5285],[12.3965,65.5519],[12.4172,65.5967],[12.3552,65.6042],[12.3489,65.6384],[12.3641,65.6525],[12.4954,65.7333],[12.5545,65.7294],[12.5879,65.6896],[12.6362,65.6862],[12.6084,65.6514],[12.7871,65.6384],[12.6836,65.6614],[12.6502,65.7099],[12.5578,65.7537],[12.6454,65.8077],[12.7175,65.7891],[12.6937,65.8355],[12.6117,65.8347],[12.6823,65.9267],[12.7891,65.965],[12.8485,65.9667],[12.9658,65.9257],[13.0404,65.9257],[13.0682,65.8984],[13.1205,65.8922],[13.157,65.8507],[13.176,65.8558],[13.1229,65.9431],[12.9784,65.9599],[12.9243,65.994],[12.9631,66.0102],[12.9515,66.0356],[12.9706,66.0528],[13.0404,66.0834],[12.7121,66.0424],[12.7256,66.0561],[12.6704,66.0629],[12.7517,66.1051],[12.869,66.1343],[13.0895,66.1461],[13.306,66.2179],[13.5272,66.2401],[13.5765,66.2189],[13.4928,66.1858],[13.5823,66.1858],[13.5344,66.1386],[13.5359,66.1105],[13.6397,66.1573],[13.7603,66.166],[13.8216,66.147],[13.8348,66.1585],[13.8224,66.1718],[13.6095,66.1858],[13.6411,66.2206],[13.6965,66.2387],[13.8081,66.2342],[13.7603,66.1994],[13.9862,66.241],[14.0098,66.2709],[14.1128,66.3023],[14.1439,66.3338],[13.964,66.3048],[13.9075,66.2684],[13.7538,66.2958],[13.6991,66.2531],[13.6198,66.2409],[13.5755,66.2622],[13.6232,66.2752],[13.5755,66.2895],[13.5032,66.259],[13.2874,66.241],[13.2048,66.2047],[13.0404,66.1796],[13.0316,66.1982],[13.1631,66.2591],[13.3213,66.3003],[13.5344,66.3093],[13.4035,66.3168],[13.4519,66.3372],[13.3648,66.3383],[13.3109,66.3745],[13.3377,66.3278],[13.2266,66.2973],[13.1366,66.3031],[13.1577,66.3183],[13.1502,66.3304],[13.0373,66.32],[13.0,66.3571],[13.141,66.3861],[13.1707,66.4123],[13.157,66.4366],[13.1025,66.4539],[13.1638,66.467],[12.972,66.5222],[13.1025,66.5427],[13.209,66.5141],[13.2254,66.4539],[13.3621,66.4555],[13.3972,66.467],[13.2669,66.467],[13.2878,66.5095],[13.2595,66.5222],[13.4894,66.5501],[13.6711,66.5154],[13.6234,66.5388],[13.4588,66.5638],[13.6013,66.6072],[13.7262,66.6048],[13.6875,66.6158],[13.5028,66.6065],[13.4234,66.5628],[13.239,66.5484],[13.2048,66.5563],[13.25,66.6138],[13.4035,66.6252],[13.1707,66.6519],[13.1912,66.6666],[13.3489,66.6457],[13.4519,66.6588],[13.5474,66.6383],[13.4802,66.6753],[13.2254,66.714],[13.4932,66.714],[13.5276,66.6935],[13.6931,66.6913],[13.7188,66.7004],[13.6983,66.714],[13.8512,66.7171],[13.8901,66.7351],[13.5755,66.714],[13.5471,66.7243],[13.5588,66.7535],[13.7529,66.7618],[13.5071,66.7823],[13.6122,66.8098],[13.993,66.7897],[13.6883,66.835],[13.6779,66.8511],[13.6983,66.858],[13.6439,66.868],[13.6306,66.8996],[13.5208,66.9057],[13.5436,66.9219],[13.5897,66.9382],[13.7445,66.937],[13.7803,66.9461],[13.7603,66.9678],[13.839,66.9641],[13.9016,66.9921],[13.9727,66.9946],[13.8901,66.9536],[13.9346,66.9222],[13.959,66.9269],[13.9317,66.9331],[14.0438,66.9809],[14.0143,67.0225],[14.0599,67.0609],[14.1094,66.9907],[14.1515,66.9716],[14.2267,66.9836],[14.2691,67.024],[14.2708,67.0432],[14.2463,67.0498],[14.2721,67.06],[14.5296,67.0485],[14.5682,67.0181],[14.5959,67.043],[14.5813,67.0584],[14.2674,67.0839],[14.363,67.1597],[14.4519,67.1658],[14.4157,67.1294],[14.4229,67.1094],[14.4729,67.1392],[14.4592,67.1528],[14.6769,67.1596],[14.7503,67.1239],[14.7232,67.1612],[14.5139,67.1801],[14.6038,67.2043],[14.6516,67.1852],[14.7814,67.2143],[14.9793,67.2143],[14.9248,67.2006],[14.9326,67.1805],[14.8906,67.1528],[14.9939,67.0991],[15.0039,67.1149],[14.9317,67.1528],[15.0195,67.2041],[15.0946,67.2134],[15.3833,67.1567],[15.3947,67.142],[15.3767,67.0976],[15.5015,67.0703],[15.4387,67.0976],[15.4387,67.1187],[15.4803,67.1528],[15.3767,67.2006],[15.4551,67.2136],[15.7404,67.1733],[15.6926,67.2069],[15.7063,67.2143],[15.6062,67.2028],[15.408,67.2357],[15.2874,67.2056],[15.2612,67.2143],[15.3425,67.2416],[15.0625,67.2477],[15.1377,67.2695],[15.165,67.3105],[15.0135,67.2917],[14.9895,67.2705],[14.7746,67.2695],[14.8355,67.2553],[14.6738,67.2167],[14.617,67.2143],[14.6946,67.2484],[14.6995,67.2757],[14.5757,67.2519],[14.3283,67.2416],[14.6017,67.3773],[14.6052,67.3938],[14.5759,67.3986],[14.6231,67.4206],[14.8,67.4218],[14.8224,67.4061],[14.7951,67.3856],[14.8247,67.3783],[15.049,67.447],[14.8224,67.447],[14.8428,67.4613],[14.7842,67.4625],[14.7268,67.4887],[14.7941,67.5252],[15.0588,67.5773],[15.1589,67.5358],[15.1069,67.5296],[15.0083,67.5637],[14.9868,67.5495],[15.0552,67.5159],[15.0104,67.487],[14.8293,67.475],[15.0168,67.4687],[15.1929,67.5159],[15.2127,67.4887],[15.1514,67.4811],[15.1724,67.4675],[15.1377,67.4204],[15.2171,67.4495],[15.241,67.4792],[15.429,67.483],[15.4729,67.4613],[15.5486,67.3515],[15.6448,67.303],[15.6035,67.2803],[15.6585,67.2757],[15.7,67.303],[15.6214,67.3337],[15.5855,67.3956],[15.5144,67.4265],[15.5828,67.4613],[15.5287,67.4675],[15.5979,67.5099],[15.898,67.5569],[15.8682,67.5732],[15.6681,67.5519],[15.4987,67.5105],[15.2393,67.5292],[15.2284,67.5588],[15.2612,67.5773],[15.2407,67.5842],[15.2756,67.5936],[15.4109,67.5834],[15.4364,67.5598],[15.4661,67.5773],[15.4066,67.6313],[15.3705,67.6252],[15.384,67.6121],[15.3591,67.6052],[15.2749,67.6252],[15.1786,67.6184],[15.1965,67.6446],[15.3369,67.6872],[15.2749,67.694],[15.3011,67.7202],[15.5418,67.6736],[15.5144,67.694],[15.6585,67.6804],[15.5481,67.7112],[15.4866,67.6989],[15.4046,67.7351],[15.5969,67.7488],[15.7997,67.679],[15.8366,67.694],[15.7819,67.7077],[15.7887,67.7282],[15.6305,67.7624],[15.6926,67.7965],[15.595,67.7739],[15.4114,67.7965],[15.4461,67.8322],[15.4328,67.8607],[15.4046,67.8244],[15.3695,67.8652],[15.3568,67.8511],[15.384,67.8039],[15.182,67.7145],[14.8361,67.6425],[14.7268,67.6594],[14.877,67.7003],[14.7808,67.7145],[14.793,67.7288],[15.1172,67.7419],[15.0153,67.7466],[14.9937,67.7692],[15.0347,67.7829],[14.8293,67.7624],[14.843,67.7692],[14.8312,67.7918],[14.7786,67.7849],[14.7541,67.8039],[14.773,67.816],[15.1029,67.8511],[14.8496,67.8449],[14.9987,67.8955],[15.2332,67.8722],[15.2012,67.8598],[15.1991,67.8312],[15.3021,67.8904],[15.4832,67.9177],[15.5435,67.917],[15.5032,67.8754],[15.5326,67.8524],[15.5349,67.8898],[15.6038,67.9306],[15.7523,67.9521],[15.8208,67.9376],[15.841,67.9011],[15.8601,67.8996],[15.8855,67.9389],[15.945,67.9656],[15.9688,68.0086],[16.0632,68.0162],[15.8503,68.0367],[15.8983,68.0668],[15.8775,68.0709],[15.7892,68.0343],[15.6024,68.0383],[15.5454,68.0747],[15.384,68.023],[15.4387,68.0094],[15.3982,67.9949],[15.3568,67.9959],[15.2817,68.0367],[15.4634,68.1242],[15.5076,68.1323],[15.5041,68.1052],[15.5287,68.0913],[15.5383,68.1118],[15.6299,68.1346],[15.6437,68.1689],[15.7341,68.1397],[15.7,68.126],[15.7375,68.1028],[15.7101,68.0846],[15.6174,68.0913],[15.6284,68.053],[15.8445,68.0963],[15.9253,68.1323],[15.8708,68.1869],[15.9421,68.1859],[15.9496,68.239],[15.9797,68.2501],[16.0379,68.243],[16.0632,68.2012],[16.0278,68.1807],[16.0425,68.1623],[16.0972,68.1733],[16.104,68.1602],[16.0697,68.1125],[16.0837,68.0574],[16.042,68.0299],[16.1929,67.9815],[16.2368,67.8836],[16.4847,67.7978],[16.515,67.8039],[16.4603,67.8177],[16.4435,67.8315],[16.4535,67.8511],[16.2686,67.8893],[16.2546,67.9003],[16.2754,67.9268],[16.2754,67.9753],[16.207,68.0026],[16.2743,68.0057],[16.4126,67.9063],[16.4666,67.8996],[16.4461,67.9268],[16.4666,67.9405],[16.3962,67.9589],[16.3335,68.0024],[16.3804,68.0089],[16.4515,67.9628],[16.5422,67.961],[16.4634,67.9783],[16.5007,68.0162],[16.3648,68.0299],[16.3892,68.0593],[16.4636,68.0943],[16.6628,68.0507],[16.689,68.071],[16.577,68.0851],[16.5007,68.1186],[16.3464,68.0822],[16.2891,68.0913],[16.3027,68.1118],[16.2412,68.1323],[16.32,68.1258],[16.3601,68.1441],[16.4021,68.137],[16.4163,68.1588],[16.4734,68.1528],[16.4126,68.1869],[16.5901,68.1671],[16.4668,68.2012],[16.4531,68.2285],[16.4058,68.208],[16.172,68.2037],[16.1621,68.2111],[16.1834,68.2211],[16.3556,68.239],[16.1034,68.2831],[16.1724,68.3179],[16.2817,68.3074],[16.3169,68.2831],[16.5083,68.2554],[16.5598,68.2328],[16.5628,68.1943],[16.803,68.1323],[16.6122,68.2191],[16.5926,68.2395],[16.6038,68.2558],[16.5674,68.2763],[16.3177,68.3294],[16.2643,68.3243],[16.2412,68.3315],[16.2816,68.3445],[16.2201,68.3514],[16.4229,68.3893],[16.6946,68.4055],[16.8699,68.3725],[16.8787,68.3551],[16.8241,68.324],[17.1273,68.3729],[17.2238,68.2842],[17.3306,68.2558],[17.3101,68.2322],[17.3306,68.208],[17.3186,68.1701],[17.334,68.1671],[17.364,68.1835],[17.3521,68.2255],[17.4199,68.2359],[17.39,68.2668],[17.223,68.3396],[17.2061,68.373],[17.2555,68.393],[17.2479,68.406],[17.328,68.4084],[17.5769,68.3588],[17.3646,68.4135],[17.5399,68.4284],[17.8167,68.3848],[17.8718,68.393],[17.6122,68.4509],[17.4676,68.4476],[17.5466,68.5301],[17.3646,68.5029],[17.2601,68.4552],[17.0466,68.4341],[17.0016,68.4476],[17.0813,68.4582],[17.092,68.4808],[16.988,68.5097],[16.8486,68.4487],[16.5348,68.4383],[16.5007,68.451],[16.4646,68.51],[16.542,68.5438],[16.6211,68.5335],[16.6283,68.5508],[16.5733,68.5692],[16.5628,68.5915],[16.597,68.6295],[16.9607,68.7045],[16.9929,68.708],[17.0809,68.664],[17.0835,68.6462],[17.1487,68.6323],[17.1865,68.6387],[17.1004,68.6695],[17.1006,68.6906],[17.2502,68.7239],[17.3704,68.7111],[17.4602,68.6667],[17.6794,68.6605],[17.4945,68.6903],[17.4033,68.7445],[17.3236,68.7316],[17.2344,68.756],[17.4609,68.8154],[17.7217,68.7785],[17.783,68.7486],[17.7829,68.7781],[17.7393,68.7913],[17.4676,68.8312],[17.7074,68.8933],[17.7687,68.8718],[17.8513,68.8727],[17.8259,68.8937],[17.7074,68.9138],[17.721,68.9342],[17.4261,68.8995],[17.4797,68.9478],[17.5337,68.9608],[17.5304,68.9869],[17.4883,68.9957],[17.6794,69.0919],[17.6316,69.1055],[17.6589,69.1169],[18.1524,69.154],[18.0711,69.1776],[18.1052,69.2291],[17.9885,69.2353],[18.0158,69.3041],[18.1387,69.3525],[18.1305,69.3693],[18.1803,69.4078],[18.1585,69.4596],[18.301,69.4868],[18.3823,69.4313],[18.3648,69.3915],[18.4872,69.382],[18.5093,69.3559],[18.5025,69.2353],[18.5332,69.2779],[18.5383,69.348],[18.5648,69.3647],[18.6021,69.3002],[18.6917,69.2635],[18.7031,69.2877],[18.6737,69.3041],[18.735,69.3242],[18.8239,69.3253],[19.013,69.2871],[18.9546,69.3283],[18.6648,69.3693],[18.6066,69.3904],[18.5778,69.4313],[18.4546,69.4543],[18.4888,69.4822],[18.4743,69.5164],[18.8527,69.5523],[18.8643,69.5219],[18.8445,69.5028],[18.8937,69.4976],[18.9353,69.4463],[19.0095,69.4283],[19.0144,69.397],[19.146,69.3525],[19.3474,69.3442],[19.3794,69.3218],[19.3506,69.2905],[19.2153,69.2816],[19.167,69.267],[19.1775,69.2535],[19.251,69.2742],[19.2723,69.2524],[19.249,69.2427],[19.3008,69.224],[19.3794,69.2427],[19.4772,69.2208],[19.5093,69.2291],[19.4486,69.2603],[19.4546,69.3184],[19.4295,69.3417],[19.3249,69.384],[19.1194,69.3861],[19.0779,69.4345],[19.0217,69.4503],[18.9927,69.4831],[19.0319,69.5211],[19.1769,69.5507],[19.2627,69.5233],[19.2293,69.5679],[19.0164,69.5344],[18.958,69.5611],[18.9443,69.6153],[19.085,69.6934],[19.0983,69.7362],[19.249,69.7771],[19.7842,69.8044],[19.7315,69.7568],[19.7287,69.7229],[19.6743,69.6815],[19.7274,69.6422],[19.6299,69.5205],[19.6502,69.4596],[19.5303,69.4003],[19.6885,69.4447],[19.7249,69.5161],[19.7083,69.5307],[19.7568,69.5996],[19.7432,69.6126],[19.9286,69.6052],[20.0602,69.5791],[20.1126,69.5854],[19.8578,69.6273],[19.8245,69.7119],[19.8782,69.7443],[19.8723,69.7634],[20.0061,69.8428],[19.9685,69.7634],[20.007,69.7685],[20.1677,69.9422],[20.1707,69.8804],[20.2073,69.859],[20.2077,69.9318],[20.2927,69.971],[20.4253,69.8772],[20.3186,69.6815],[20.3831,69.6347],[20.3826,69.5988],[20.2742,69.5606],[20.3044,69.5443],[20.2695,69.5173],[20.2785,69.4852],[20.2417,69.4598],[20.2156,69.4687],[20.1688,69.3937],[20.0003,69.3484],[19.9822,69.3389],[20.0027,69.3253],[19.9168,69.2693],[19.9717,69.2702],[20.0705,69.336],[20.277,69.3923],[20.4411,69.5228],[20.4824,69.5779],[20.647,69.5212],[20.853,69.4959],[20.7184,69.5284],[20.6476,69.5854],[20.4924,69.6273],[20.4883,69.6484],[20.5418,69.7054],[20.5352,69.7305],[20.4824,69.7634],[20.7852,69.8017],[20.825,69.8415],[20.7915,69.8795],[21.0925,69.9484],[20.8939,69.8529],[20.9551,69.8461],[20.9691,69.8323],[20.9411,69.8187],[21.0205,69.7882],[21.051,69.7976],[20.9963,69.8249],[21.0686,69.8427],[21.0584,69.8597],[21.1704,69.8756],[21.1888,69.8696],[21.1805,69.8546],[21.1267,69.8112],[21.1792,69.8195],[21.2229,69.8454],[21.2092,69.9075],[21.3259,69.9075],[21.2092,69.9348],[21.2253,69.9747],[21.2899,70.0211],[21.3926,70.029],[21.5581,69.9894],[21.5697,69.9654],[21.6065,69.9553],[21.5786,69.9279],[21.6089,69.9119],[21.7577,69.8829],[21.9046,69.8254],[21.9573,69.7778],[22.0515,69.7498],[21.9771,69.7498],[22.0002,69.7404],[22.061,69.7334],[22.0982,69.7498],[22.0589,69.7702],[22.0562,69.7936],[21.9155,69.8386],[22.0181,69.8454],[21.93,69.8793],[21.9136,69.9453],[21.9286,69.9831],[22.0241,69.9855],[22.0248,69.9553],[22.0523,69.9384],[22.0515,70.0168],[22.1136,70.0303],[21.8659,70.0119],[21.7984,70.0372],[21.8389,70.0551],[22.0051,70.0613],[22.0994,70.1203],[21.9583,70.0845],[21.8392,70.0924],[21.7195,70.0606],[21.6133,70.0986],[21.4823,70.0986],[21.4365,70.1496],[21.4966,70.175],[21.3123,70.1675],[21.2092,70.2085],[21.2704,70.2386],[21.4393,70.2695],[21.4451,70.2379],[21.4898,70.2085],[21.5178,70.3047],[21.553,70.321],[21.5859,70.3122],[21.6133,70.2699],[21.7095,70.2501],[21.874,70.147],[21.8604,70.2023],[21.8945,70.2085],[21.8273,70.2266],[21.8057,70.2572],[21.9868,70.3234],[22.0316,70.3183],[21.9839,70.2842],[22.1048,70.3041],[22.1172,70.2335],[22.1528,70.2465],[22.1409,70.2842],[22.3058,70.2873],[22.3151,70.2727],[22.2576,70.2296],[22.2918,70.1675],[22.2371,70.1402],[22.2747,70.1355],[22.405,70.147],[22.5593,70.1266],[22.3259,70.1675],[22.3737,70.2501],[22.4006,70.2583],[22.5871,70.2421],[22.6037,70.2185],[22.9671,70.2075],[22.9706,70.1894],[22.8367,70.1203],[22.5525,70.0856],[22.4346,70.0889],[22.2849,70.044],[22.8672,70.106],[23.0186,70.147],[22.9981,70.0822],[23.02,70.0381],[23.1284,70.0338],[23.1198,69.999],[23.1489,69.9757],[23.0944,69.9553],[23.1255,69.9444],[23.3141,69.9965],[23.339,69.9777],[23.3096,69.9498],[23.3298,69.9484],[23.5393,70.0241],[23.2969,70.0398],[23.1755,70.0924],[23.3792,70.1232],[23.4021,70.1402],[23.2991,70.1675],[23.422,70.1955],[23.2808,70.1985],[23.2439,70.2159],[23.5319,70.2438],[23.4705,70.256],[23.2922,70.2438],[23.3128,70.257],[23.6144,70.3047],[23.512,70.2978],[23.5462,70.3251],[23.4636,70.3183],[23.5132,70.3655],[23.8403,70.4971],[23.918,70.5094],[24.1863,70.494],[24.3503,70.4562],[24.3553,70.472],[24.2315,70.5238],[24.1027,70.5414],[24.2643,70.6063],[24.2822,70.6575],[24.3524,70.691],[24.4777,70.6833],[24.647,70.618],[24.7235,70.621],[24.7385,70.6442],[24.7249,70.6652],[24.6423,70.7026],[24.6559,70.7094],[24.5324,70.7504],[24.2923,70.7641],[24.2451,70.7845],[24.2681,70.8002],[24.2694,70.8384],[24.3958,70.8669],[24.4089,70.8459],[24.4658,70.8345],[24.4641,70.818],[24.6354,70.7798],[24.6497,70.7988],[24.6008,70.8254],[24.6133,70.8594],[24.7103,70.859],[24.7249,70.8732],[24.6082,70.8944],[24.6287,70.908],[24.574,70.9353],[24.6559,70.9496],[24.5877,70.9626],[24.666,70.9777],[24.7742,70.9682],[24.8602,70.9284],[24.8205,70.908],[24.9849,70.9143],[24.9681,70.9298],[24.988,70.9582],[24.9712,70.9626],[25.0335,70.9713],[25.0628,70.9576],[25.0532,70.9279],[24.916,70.8732],[25.0674,70.8528],[25.076,70.8843],[25.1536,70.9195],[25.2419,70.8624],[25.2661,70.8254],[25.2456,70.7913],[25.3416,70.8124],[25.3923,70.8844],[25.3967,70.9007],[25.3418,70.9527],[25.365,70.9761],[25.536,70.9229],[25.5125,70.8869],[25.4231,70.8596],[25.4417,70.8415],[25.5125,70.8698],[25.5534,70.8528],[25.5889,70.8807],[25.6626,70.8953],[25.7057,70.8956],[25.7561,70.8596],[25.8816,70.8957],[25.9258,70.8637],[25.7533,70.7845],[25.6292,70.764],[25.6565,70.736],[25.6201,70.7123],[25.4468,70.6619],[25.3538,70.6072],[25.0736,70.5033],[25.2459,70.5279],[25.2871,70.5107],[25.2425,70.4866],[25.0599,70.4897],[25.0975,70.4713],[25.2433,70.4784],[25.2871,70.4561],[25.2518,70.4481],[25.2566,70.3864],[25.1978,70.4004],[25.0811,70.3593],[25.1358,70.3531],[25.1055,70.3362],[25.1221,70.3183],[25.2039,70.332],[25.2013,70.3071],[24.9798,70.2294],[24.9434,70.1024],[25.0042,70.064],[25.0371,70.0644],[25.0122,70.134],[25.0947,70.1539],[25.0736,70.1266],[25.1358,70.1266],[25.0811,70.106],[25.1138,70.0825],[25.2527,70.1013],[25.3244,70.1824],[25.3948,70.1997],[25.5404,70.2978],[25.4231,70.3251],[25.4411,70.3422],[25.8692,70.5642],[25.9906,70.6065],[26.0708,70.7125],[26.1364,70.723],[26.1636,70.7578],[26.3743,70.8685],[26.6136,70.9491],[26.6912,70.9558],[26.6775,70.9421],[26.7254,70.9279],[26.7302,70.8879],[26.6638,70.8493],[26.6799,70.8266],[26.7458,70.8323],[26.6916,70.7729],[26.6912,70.736],[26.6405,70.7066],[26.3416,70.6479],[26.5374,70.6619],[26.657,70.6405],[26.6063,70.5444],[26.5608,70.5176],[26.5813,70.4766],[26.5213,70.4484],[26.5266,70.4077],[26.5059,70.3629],[26.5539,70.3531],[26.595,70.3798],[26.6496,70.3798],[26.6345,70.413],[26.7531,70.4273],[26.8123,70.4799],[26.9451,70.4829],[26.9315,70.4665],[26.9483,70.4625],[27.1021,70.4698],[26.9761,70.5274],[26.9661,70.5381],[27.0071,70.5585],[26.9729,70.5654],[27.0809,70.6132],[27.2666,70.5853],[27.0999,70.6411],[27.1567,70.6815],[27.0809,70.7026],[27.1106,70.7287],[27.3294,70.7433],[27.3423,70.7578],[27.2804,70.7747],[27.324,70.8236],[27.6296,70.805],[27.4802,70.8254],[27.534,70.8459],[27.4535,70.8793],[27.3913,70.8764],[27.4105,70.9143],[27.3351,70.884],[27.1909,70.895],[27.1226,70.9217],[27.1338,70.95],[27.1712,70.9669],[27.349,70.9421],[27.2324,70.9968],[27.2217,71.0189],[27.2532,71.0263],[27.4764,71.0067],[27.5086,70.9686],[27.5542,70.9553],[27.5755,70.9688],[27.5643,70.9945],[27.5825,71.0173],[27.5331,71.0288],[27.5246,71.0744],[27.5687,71.0972],[27.6423,71.0954],[27.6502,71.1271],[27.7155,71.1042],[27.7246,71.0904],[27.698,71.0657],[27.7217,71.0597],[27.8767,71.0377],[28.0432,71.071],[28.0811,71.041],[28.1914,71.0861],[28.261,71.0557],[28.1989,71.0173],[28.2192,71.0173],[28.1852,70.9968],[28.2398,71.0111],[28.2051,70.9831],[28.3434,71.0042],[28.4915,70.9998],[28.5488,70.9726],[28.4832,70.8895],[28.3695,70.8869],[28.4452,70.8664],[28.3434,70.8459],[28.3633,70.8254],[28.2254,70.8323],[28.3013,70.8124],[28.2659,70.795],[28.0231,70.7929],[27.9988,70.8157],[27.9507,70.7978],[27.76,70.7913],[27.8283,70.7708],[27.7737,70.7436],[27.8997,70.7682],[28.1305,70.736],[28.0724,70.7033],[27.9334,70.6871],[27.6502,70.6064],[27.7947,70.6137],[28.1538,70.6779],[28.2534,70.7164],[28.3013,70.7026],[28.2879,70.6538],[28.2332,70.6152],[27.8494,70.4829],[27.8836,70.4282],[27.945,70.4892],[27.9797,70.4971],[27.9382,70.4698],[28.1852,70.5033],[28.0801,70.4771],[28.0409,70.4448],[28.1305,70.4698],[28.104,70.4543],[28.1271,70.4418],[28.2529,70.5101],[28.3353,70.5176],[28.1607,70.3828],[28.1672,70.1355],[28.0998,70.0881],[28.0138,70.0714],[28.0663,70.0632],[28.1839,70.1155],[28.2254,70.174],[28.1989,70.2159],[28.1914,70.2842],[28.2327,70.3991],[28.3904,70.4934],[28.4588,70.4897],[28.4692,70.4551],[28.5073,70.4487],[28.5005,70.4829],[28.555,70.5107],[28.4588,70.5176],[28.4017,70.559],[28.5169,70.6782],[28.6203,70.6783],[28.5262,70.7217],[28.555,70.7504],[28.7947,70.8732],[29.0827,70.8807],[29.1045,70.873],[29.0623,70.8596],[29.2214,70.8554],[29.2614,70.8397],[29.2824,70.8051],[29.4048,70.7845],[29.2949,70.7436],[29.4178,70.736],[29.3223,70.723],[29.3638,70.7094],[29.2814,70.6815],[29.2949,70.6746],[29.2814,70.661],[29.3064,70.6529],[29.3921,70.6973],[29.6996,70.7437],[29.779,70.7265],[29.7815,70.6889],[29.6792,70.62],[29.8231,70.6337],[29.9938,70.7131],[30.1047,70.7108],[30.2068,70.6815],[30.0969,70.6479],[30.2409,70.6337],[30.3473,70.5961],[30.1248,70.5517],[30.1652,70.5312],[30.0007,70.5381],[30.1631,70.5246],[30.4563,70.5612],[30.5818,70.5422],[30.5991,70.5298],[30.5623,70.5176],[30.7319,70.4682],[30.7412,70.4418],[30.7866,70.4206],[30.947,70.45],[31.0633,70.3668],[31.0194,70.3399],[31.0217,70.3251],[31.077,70.2842],[30.5488,70.2487],[30.5151,70.2391],[30.5147,70.2159],[30.4889,70.2031],[30.3748,70.1859],[30.3574,70.1613],[30.3843,70.1539],[30.3552,70.1297],[30.1195,70.0849],[30.1589,70.0714],[29.2205,70.1203],[28.6537,70.1823],[28.6165,70.1769],[28.5967,70.1613],[28.7537,70.1675],[28.6104,70.1203],[28.6294,70.1071],[28.8499,70.0986],[28.7327,70.0856],[29.138,70.0576],[29.1243,70.044],[29.1926,70.0372],[29.1304,70.0168],[29.1584,70.0092],[29.3434,70.0168],[29.6859,69.9695],[29.4401,69.9008],[29.3638,69.8597],[29.4358,69.8624],[29.5352,69.9143],[29.7412,69.9075],[29.7412,69.8659],[29.7754,69.8386],[29.5897,69.7225],[29.508,69.7088],[29.5435,69.7083],[29.4873,69.6611],[29.68,69.7354],[29.9016,69.7363],[30.0304,69.7759],[30.0628,69.7702],[29.9367,69.7058],[29.9393,69.6877],[30.0711,69.7399],[30.1145,69.7062],[30.1863,69.6877],[30.1106,69.756],[30.2068,69.7702],[30.209,69.7844],[30.1589,69.8112],[30.1652,69.8795],[30.2892,69.8865],[30.324,69.8671],[30.2688,69.8454],[30.3718,69.8476],[30.4026,69.8312],[30.4098,69.7023],[30.3882,69.6804],[30.3371,69.6741],[30.4435,69.6784],[30.4474,69.7333],[30.4666,69.747],[30.4507,69.8103],[30.4829,69.8182],[30.6987,69.8085],[30.7206,69.7976],[30.7004,69.7834],[30.717,69.7702],[30.841,69.8058],[30.844,69.7662],[30.8771,69.7376],[30.8843,69.7024],[30.9277,69.6721],[30.927,69.5784],[30.8982,69.5442],[30.7553,69.5215],[30.5117,69.5363],[30.2307,69.6373],[30.1191,69.6346],[30.2088,69.6087],[30.2316,69.5583],[30.2106,69.5282],[30.1548,69.5061],[30.1234,69.4419],[29.9481,69.3656],[29.7514,69.3572],[29.6043,69.3152],[29.3768,69.3016],[29.3345,69.2774],[29.3023,69.2008],[29.221,69.0984],[29.0648,69.0347],[28.9541,69.0273],[28.8396,69.0803],[28.827,69.1068],[28.8648,69.2166],[29.2293,69.3769],[29.3445,69.4644],[29.2032,69.586],[29.1471,69.6639],[28.4046,69.8023],[28.3797,69.8224],[28.3812,69.8562],[28.1674,69.8943],[27.9272,70.0533],[27.8669,70.0753],[27.7922,70.0589],[27.6126,70.0621],[27.5633,70.0236],[27.3345,69.9686],[27.3232,69.9597],[27.3524,69.9487],[27.3118,69.9295],[27.1003,69.9018],[26.8646,69.9381],[26.5339,69.9252],[26.4359,69.8742],[26.4479,69.856],[26.4187,69.8356],[26.3168,69.7949],[26.1983,69.7154],[26.0051,69.6893],[25.9617,69.6525],[26.0051,69.6108],[26.004,69.5872],[25.9603,69.5487],[25.8867,69.5209],[25.9064,69.5019],[25.8867,69.4552],[25.8414,69.4178],[25.8774,69.3708],[25.7866,69.3128],[25.7372,69.2182],[25.7341,69.1913],[25.7712,69.1351],[25.7502,69.0592],[25.8011,69.0132],[25.7958,68.9933],[25.7539,68.9784],[25.6278,68.8741],[25.4339,68.8839],[25.2013,68.8126],[25.1496,68.7646],[25.1324,68.6476],[24.9518,68.6051],[24.9052,68.557],[24.8792,68.5548],[24.7542,68.6379],[24.6634,68.6661],[24.3325,68.7086],[24.1869,68.7445],[24.1312,68.7762],[23.929,68.8162],[23.7872,68.7998],[23.7348,68.7154],[23.4816,68.6856],[23.1976,68.618],[23.0715,68.6809],[22.8517,68.6757],[22.5701,68.7268],[22.4092,68.7129],[22.3714,68.8226],[22.2772,68.8575],[22.1607,68.9561],[22.0231,69.012],[21.6629,69.2632],[21.3136,69.2914],[21.0984,69.2395],[21.063,69.2149],[21.0336,69.1812],[21.1564,69.0876],[21.0715,69.0367],[20.7444,69.1044],[20.6232,69.0364],[20.1023,69.0221],[20.3411,68.9101],[20.3565,68.8046]]],[[[12.931,66.3893],[12.8913,66.4093],[12.8814,66.3906],[12.8989,66.355],[12.8008,66.3847],[12.8503,66.4096],[12.8172,66.4426],[12.8967,66.4562],[12.9194,66.4316],[12.9289,66.4578],[12.9607,66.4595],[12.931,66.3893]]],[[[14.2151,67.0324],[14.2059,67.0089],[14.1582,67.0014],[14.147,67.0327],[14.1001,67.0617],[13.993,67.0839],[14.062,67.1187],[14.0573,67.133],[14.1522,67.1071],[14.2468,67.1737],[14.2737,67.1658],[14.1924,67.0839],[14.2151,67.0324]]],[[[14.3921,67.3985],[14.2267,67.3773],[14.3718,67.4411],[14.4192,67.4234],[14.3921,67.3985]]],[[[15.2892,67.9258],[14.9802,67.9146],[14.9612,67.9416],[14.972,67.97],[15.0521,67.9682],[15.1057,68.0007],[15.1089,67.9762],[15.1399,67.9584],[15.2627,67.9326],[15.304,67.9451],[15.2892,67.9258]]],[[[13.157,68.0851],[13.0956,68.0572],[13.1366,68.0504],[13.1206,68.0382],[13.0614,68.0333],[13.0503,68.0165],[13.1109,68.0283],[13.1239,67.944],[13.0404,67.9405],[12.9768,67.9695],[12.9857,67.9479],[12.9602,67.941],[13.0466,67.9155],[13.0137,67.8791],[12.7871,67.8101],[12.8485,67.8548],[12.8416,67.8791],[12.9792,68.0365],[13.0623,68.0709],[13.075,68.0851],[13.0547,68.105],[13.157,68.0851]]],[[[15.1597,67.9957],[15.2303,68.0367],[15.2866,67.977],[15.1848,67.9668],[15.1597,67.9957]]],[[[15.7861,67.9932],[15.7288,68.0119],[15.6174,67.9853],[15.4824,68.0026],[15.5741,68.0256],[15.8597,68.0275],[15.9336,67.997],[15.7861,67.9932]]],[[[13.4377,68.126],[13.3662,68.0128],[13.3215,68.0299],[13.2386,67.9855],[13.2155,68.0367],[13.1843,68.0094],[13.1663,68.0154],[13.1685,68.0498],[13.2393,68.0921],[13.3284,68.0634],[13.3386,68.086],[13.2805,68.1291],[13.2957,68.1523],[13.409,68.1432],[13.4377,68.126]]],[[[14.1107,68.2071],[13.9104,68.1677],[13.8763,68.1807],[13.842,68.1596],[13.7741,68.1596],[13.846,68.1206],[13.7741,68.102],[13.7227,68.123],[13.6983,68.0981],[13.7188,68.0776],[13.699,68.0703],[13.6437,68.0709],[13.6247,68.1079],[13.5949,68.1206],[13.5413,68.1015],[13.5648,68.0818],[13.5272,68.0434],[13.4567,68.071],[13.4857,68.1068],[13.5891,68.1596],[13.4793,68.1323],[13.5134,68.1596],[13.4793,68.1671],[13.5276,68.1733],[13.4793,68.1869],[13.6159,68.2266],[13.5,68.2423],[13.6367,68.2943],[13.7912,68.2681],[13.8737,68.3256],[13.9831,68.3373],[14.0078,68.2943],[13.9675,68.2696],[13.9935,68.2579],[14.0873,68.2826],[14.1589,68.2553],[14.1107,68.2071]]],[[[14.9401,68.3022],[14.9531,68.2774],[14.8724,68.2227],[14.7956,68.2462],[14.8867,68.3008],[14.9401,68.3022]]],[[[14.138,68.2852],[14.1458,68.2956],[14.0586,68.2969],[14.0404,68.3126],[14.0794,68.3152],[14.0664,68.3321],[14.1471,68.3347],[14.2409,68.3139],[14.2682,68.2826],[14.2005,68.2488],[14.138,68.2852]]],[[[14.72,68.2626],[14.7746,68.3179],[14.7097,68.3329],[14.6939,68.2862],[14.6238,68.2626],[14.6716,68.2496],[14.6149,68.2246],[14.3836,68.1807],[14.322,68.1869],[14.3122,68.168],[14.1985,68.1528],[14.2197,68.176],[14.1985,68.2012],[14.3562,68.2421],[14.2532,68.2496],[14.3283,68.2626],[14.3059,68.2745],[14.3034,68.312],[14.3579,68.3205],[14.4251,68.2831],[14.4134,68.2973],[14.4427,68.3184],[14.4956,68.3061],[14.4661,68.3445],[14.444,68.3373],[14.4382,68.3588],[14.3836,68.3725],[14.4934,68.3856],[14.5896,68.3651],[14.5418,68.406],[14.6535,68.4285],[14.7075,68.3779],[14.7141,68.4233],[14.7609,68.4339],[14.8224,68.4097],[14.822,68.3898],[14.7541,68.3588],[14.7835,68.3542],[14.8804,68.386],[14.8975,68.4339],[15.0098,68.428],[15.1724,68.4544],[15.0342,68.3635],[15.0142,68.3588],[15.0142,68.3793],[14.9453,68.3514],[14.9793,68.3377],[14.7632,68.259],[14.72,68.2626]]],[[[16.3716,68.4476],[16.4141,68.4184],[16.2307,68.4096],[16.1235,68.3792],[16.0949,68.3975],[16.1724,68.4277],[16.1177,68.4339],[16.169,68.4991],[16.2217,68.5237],[16.3587,68.5349],[16.4121,68.5195],[16.4229,68.4919],[16.4666,68.4687],[16.3716,68.4476]]],[[[14.6693,68.5873],[15.0,68.5548],[14.9987,68.5352],[14.8919,68.4949],[14.7175,68.491],[14.7044,68.5131],[14.6042,68.5587],[14.6693,68.5873]]],[[[16.5589,68.6552],[16.4911,68.6058],[16.506,68.5682],[16.4815,68.5475],[16.3465,68.5595],[16.1555,68.5246],[16.0935,68.5335],[16.0534,68.4648],[16.0121,68.447],[15.9663,68.393],[15.904,68.3699],[15.8762,68.3691],[15.8708,68.4954],[15.8493,68.4348],[15.7744,68.4309],[15.8162,68.393],[15.7479,68.4254],[15.7199,68.393],[15.7267,68.3725],[15.6585,68.3651],[15.7063,68.3588],[15.6244,68.3005],[15.5277,68.3377],[15.376,68.3276],[15.3226,68.3514],[15.6113,68.4749],[15.5537,68.5112],[15.554,68.4753],[15.4393,68.4184],[15.384,68.4202],[15.2787,68.3732],[15.2118,68.366],[15.1854,68.3514],[15.2332,68.3377],[15.134,68.3081],[15.0858,68.2712],[15.0005,68.2533],[14.9868,68.2695],[15.0073,68.2831],[14.9954,68.2978],[15.0093,68.3137],[15.1926,68.4349],[15.2681,68.4612],[15.3568,68.4612],[15.2407,68.4749],[15.3369,68.4886],[15.2817,68.4954],[15.2715,68.5159],[15.1786,68.5233],[15.2173,68.5569],[15.3117,68.5588],[15.3089,68.5786],[15.3947,68.5848],[15.4523,68.5574],[15.3916,68.6052],[15.4523,68.5978],[15.4387,68.6195],[15.6305,68.6121],[15.4977,68.6425],[15.4421,68.6822],[15.443,68.7236],[15.6048,68.7357],[15.7136,68.7014],[15.6397,68.7432],[15.4759,68.7469],[15.4523,68.8113],[15.638,68.8249],[15.5635,68.8392],[15.5532,68.8723],[15.6243,68.8858],[15.5964,68.9069],[15.6766,68.9627],[15.9074,68.9594],[15.898,68.9174],[15.9241,68.8864],[15.8708,68.7902],[15.7615,68.7356],[15.8535,68.7476],[15.9556,68.7917],[15.9896,68.7635],[15.9331,68.6841],[15.7744,68.6326],[15.7778,68.5622],[15.7404,68.5301],[15.8029,68.5513],[15.8167,68.6108],[15.8586,68.6342],[16.0051,68.6776],[16.0278,68.6741],[16.0613,68.6303],[16.083,68.6387],[16.0811,68.6725],[16.0332,68.7114],[16.1074,68.7407],[16.2132,68.7356],[16.201,68.7607],[16.0946,68.8017],[16.0972,68.8312],[16.207,68.8585],[16.284,68.8403],[16.2953,68.8549],[16.2625,68.8667],[16.2546,68.9032],[16.3146,68.8701],[16.4388,68.8496],[16.4556,68.8153],[16.5559,68.8249],[16.4945,68.7902],[16.5467,68.7827],[16.5559,68.7703],[16.5261,68.761],[16.5286,68.722],[16.577,68.7077],[16.5348,68.681],[16.5609,68.6717],[16.5589,68.6552]]],[[[16.8167,68.7356],[16.8442,68.7733],[17.001,68.8586],[17.1457,68.7703],[16.841,68.7254],[16.8167,68.7356]]],[[[14.3699,68.6872],[14.5418,68.7356],[14.4382,68.756],[14.5239,68.8071],[14.548,68.8039],[14.5723,68.7463],[14.6238,68.7356],[14.5896,68.7486],[14.6442,68.7902],[14.6076,68.8073],[14.6135,68.8212],[14.6487,68.833],[14.6858,68.8249],[14.6865,68.7575],[14.8436,68.7963],[14.8838,68.7902],[14.8723,68.7692],[14.9071,68.7602],[14.9453,68.784],[14.9526,68.8175],[14.9043,68.8454],[14.9526,68.8659],[14.9911,68.842],[15.006,68.7939],[15.0498,68.8528],[15.1589,68.8175],[15.1457,68.8425],[15.0687,68.879],[15.0767,68.899],[15.0093,68.9633],[15.0077,68.981],[15.1244,69.0153],[15.1682,68.9883],[15.1514,68.9621],[15.2407,68.9138],[15.1854,68.8858],[15.2144,68.8817],[15.2715,68.9197],[15.2953,68.9069],[15.2407,68.8249],[15.3259,68.8587],[15.384,68.8523],[15.3508,68.8029],[15.2749,68.7971],[15.3027,68.7766],[15.2749,68.7629],[15.3942,68.7311],[15.3977,68.694],[15.3362,68.6529],[15.0627,68.5785],[14.8732,68.5845],[14.8428,68.5915],[14.8633,68.6052],[14.8064,68.616],[14.8337,68.6445],[15.0347,68.6667],[15.0889,68.695],[15.165,68.7014],[15.1514,68.756],[15.0261,68.7712],[14.9937,68.7629],[15.0687,68.7486],[15.0195,68.7121],[14.9588,68.7077],[14.9588,68.7294],[14.9009,68.6813],[14.862,68.6899],[14.8278,68.6735],[14.8088,68.681],[14.8151,68.7147],[14.7503,68.6675],[14.679,68.7077],[14.617,68.6257],[14.492,68.6067],[14.4172,68.6195],[14.4319,68.6667],[14.3972,68.6605],[14.3699,68.6872]]],[[[17.4404,68.8659],[17.2998,68.8037],[17.2236,68.793],[17.1782,68.815],[17.1587,68.8659],[17.0835,68.9138],[17.1045,68.925],[17.2559,68.8554],[17.2822,68.8585],[17.2205,68.8822],[17.2053,68.9133],[17.3197,68.9184],[17.4404,68.8659]]],[[[14.8436,68.8854],[14.8734,68.9291],[14.9587,68.9261],[14.9966,68.9016],[14.9583,68.8753],[14.8436,68.8854]]],[[[16.5671,68.8874],[16.3949,68.902],[16.2617,68.9683],[16.3063,68.9953],[16.4668,68.9621],[16.5662,68.9683],[16.5995,68.9472],[16.5872,68.8974],[16.5671,68.8874]]],[[[17.5721,69.0895],[17.4011,68.9893],[17.3441,69.0032],[17.3644,69.0471],[17.4197,69.0792],[17.5721,69.0895]]],[[[15.4315,68.8842],[15.4309,68.9775],[15.4598,69.0131],[15.5697,69.1055],[15.7914,69.1613],[15.8708,69.2291],[15.8645,69.2495],[15.9751,69.2872],[16.1016,69.3153],[16.1499,69.2908],[16.0762,69.154],[15.9465,69.1019],[15.8578,69.0338],[15.6322,68.9866],[15.5287,69.0093],[15.5697,68.9621],[15.5287,68.9138],[15.464,68.8821],[15.4315,68.8842]]],[[[18.0847,69.3525],[17.9553,69.3427],[17.9059,69.3184],[17.9264,69.2837],[17.9675,69.2631],[17.8787,69.2427],[17.9491,69.2051],[18.009,69.2011],[17.9885,69.1874],[17.4883,69.154],[17.5298,69.2011],[17.4722,69.2001],[17.1883,69.0835],[17.1587,69.0503],[17.2139,69.0441],[17.1294,69.0115],[17.042,69.0168],[17.0583,69.0392],[17.0972,69.0441],[17.0916,69.0617],[17.138,69.072],[17.1099,69.0847],[16.8233,69.0544],[16.7731,69.0882],[16.8167,69.1192],[16.8963,69.1042],[16.8923,69.1267],[17.056,69.1329],[17.0698,69.1471],[17.0563,69.1601],[17.1724,69.2011],[17.0495,69.1806],[16.8986,69.1949],[16.9191,69.2154],[16.8787,69.2222],[16.9448,69.2365],[17.0868,69.2289],[17.1457,69.2563],[17.1089,69.2518],[17.0889,69.2895],[17.0706,69.2681],[17.0404,69.2683],[16.9811,69.2768],[17.0078,69.2979],[16.906,69.2979],[16.8976,69.3117],[16.9153,69.3176],[17.1318,69.311],[17.104,69.3253],[17.1177,69.3314],[17.042,69.3451],[17.1109,69.3525],[17.0846,69.3618],[16.8787,69.3594],[16.9339,69.3799],[16.9265,69.3935],[17.2761,69.3935],[17.3994,69.3662],[17.2822,69.414],[17.4958,69.4283],[17.2429,69.4547],[17.1865,69.5028],[17.3163,69.4618],[17.3032,69.4822],[17.3921,69.4822],[17.3032,69.5233],[17.3433,69.5375],[17.6453,69.4618],[17.5664,69.5233],[17.4748,69.553],[17.4676,69.5996],[17.5169,69.597],[17.6179,69.517],[17.6579,69.5085],[17.6936,69.5202],[17.6658,69.5406],[17.6589,69.5996],[17.6878,69.5995],[17.7531,69.5406],[17.8177,69.5871],[17.8591,69.5867],[17.8928,69.5369],[17.8446,69.5025],[17.8308,69.4481],[17.9441,69.5233],[18.0505,69.4959],[17.9823,69.4822],[17.9844,69.4496],[17.9407,69.4283],[18.0023,69.41],[18.0247,69.4409],[18.0708,69.4379],[18.0986,69.3761],[18.0847,69.3525]]],[[[18.9146,69.699],[18.7941,69.6756],[18.7693,69.6467],[18.8364,69.6043],[18.7319,69.5653],[18.626,69.5779],[18.5604,69.5581],[18.194,69.5307],[18.1283,69.5649],[17.9954,69.5921],[18.0374,69.6195],[18.0295,69.6331],[18.2368,69.6293],[18.2902,69.5921],[18.4001,69.6406],[18.291,69.639],[18.1865,69.7088],[18.2144,69.7142],[18.6328,69.702],[18.3518,69.7299],[18.3269,69.7654],[18.3823,69.7976],[18.4819,69.7771],[18.4831,69.751],[18.5025,69.7498],[18.5569,69.7964],[18.6532,69.8044],[18.6413,69.7556],[18.6633,69.713],[18.7074,69.6868],[18.7625,69.6877],[18.7368,69.706],[18.7898,69.7839],[18.6741,69.8472],[18.6789,69.8861],[18.7638,69.8698],[18.822,69.8861],[18.8582,69.8659],[18.8377,69.8454],[18.986,69.8338],[19.0608,69.7871],[19.0335,69.7437],[18.9699,69.7335],[18.9146,69.699]]],[[[29.9289,69.7819],[29.8465,69.7966],[29.8301,69.7908],[29.846,69.7797],[29.7957,69.756],[29.7132,69.7634],[29.8301,69.8386],[29.8084,69.8659],[29.8425,69.9089],[29.971,69.902],[30.0286,69.8529],[30.0212,69.8323],[30.1074,69.8286],[29.9289,69.7819]]],[[[20.6062,69.7938],[20.5267,69.8211],[20.5293,69.8542],[20.5628,69.896],[20.722,69.9041],[20.6966,69.8779],[20.7207,69.8371],[20.7067,69.8173],[20.6062,69.7938]]],[[[19.7206,69.8647],[19.4837,69.8383],[19.4343,69.8405],[19.533,69.9194],[19.7743,70.0048],[19.8342,69.9948],[19.8565,69.9731],[19.7206,69.8647]]],[[[21.7362,69.9484],[21.6859,69.9302],[21.668,69.9484],[21.7362,69.9484]]],[[[19.5402,69.9516],[19.5086,69.9078],[19.3748,69.8233],[19.1216,69.7878],[19.0436,69.8386],[18.7643,69.9149],[18.7289,69.9478],[18.8836,69.9454],[18.9338,69.9695],[18.8447,69.9821],[18.8314,69.9997],[18.8449,70.015],[19.03,70.0372],[19.0739,70.0163],[19.1194,70.0303],[19.0642,70.0788],[19.1187,70.0727],[19.2082,70.0986],[19.2349,70.0651],[19.3249,70.0788],[19.2923,70.0312],[19.3926,69.9919],[19.4204,69.9894],[19.4385,70.0334],[19.5357,70.0573],[19.575,70.0478],[19.5823,69.9932],[19.6353,70.0207],[19.6848,70.0068],[19.6831,69.9858],[19.6475,69.97],[19.5402,69.9516]]],[[[20.8052,69.9484],[20.7605,69.9997],[20.8244,70.043],[20.8862,70.0376],[20.9588,70.0031],[21.0994,70.0105],[20.9807,69.9816],[20.9404,69.947],[20.8052,69.9484]]],[[[19.95,70.0097],[19.9002,70.0168],[19.9959,70.0168],[19.95,70.0097]]],[[[21.041,70.0613],[21.0466,70.0391],[20.9553,70.0241],[20.9919,70.0515],[21.041,70.0613]]],[[[18.7102,70.0944],[18.7024,70.1114],[18.7214,70.116],[18.7813,70.102],[18.8065,70.0593],[18.8898,70.1061],[18.9756,70.0736],[18.7651,70.0192],[18.7017,69.9847],[18.6701,69.999],[18.69,70.0264],[18.6572,70.0483],[18.7102,70.0944]]],[[[20.8075,70.1408],[20.8569,70.1449],[20.9152,70.0955],[20.8617,70.069],[20.8255,70.0731],[20.7988,70.0933],[20.8075,70.1408]]],[[[19.3406,70.1401],[19.4466,70.1554],[19.5733,70.1117],[19.4906,70.0939],[19.3431,70.1184],[19.3406,70.1401]]],[[[20.7942,70.0678],[20.6025,70.044],[20.5881,70.046],[20.5923,70.106],[20.5647,70.1047],[20.565,70.0788],[20.5178,70.0788],[20.5067,70.0583],[20.4317,70.0681],[20.3899,70.1027],[20.4157,70.1715],[20.5446,70.2085],[20.5614,70.2332],[20.7339,70.2367],[20.8244,70.2099],[20.771,70.1155],[20.7942,70.0678]]],[[[20.0364,70.0831],[19.9782,70.0601],[19.7761,70.0673],[19.7494,70.0856],[19.7476,70.1359],[19.6921,70.1886],[19.5371,70.2501],[19.5916,70.2501],[19.5884,70.2684],[19.6777,70.2904],[19.7015,70.2501],[19.7905,70.2106],[19.8156,70.1697],[19.8914,70.2139],[19.9412,70.1955],[19.9305,70.1767],[19.9575,70.1546],[20.1541,70.1203],[20.0237,70.0924],[20.0364,70.0831]]],[[[19.2268,70.1444],[19.1406,70.1108],[18.9959,70.1521],[19.0645,70.1705],[19.0986,70.1579],[19.0979,70.1859],[19.138,70.2017],[19.0915,70.2379],[19.1973,70.257],[19.2305,70.2344],[19.2522,70.1867],[19.2268,70.1444]]],[[[23.0015,70.2492],[22.7317,70.2569],[22.4452,70.2914],[22.3737,70.332],[22.4211,70.3618],[22.5046,70.3251],[22.4699,70.3531],[22.4736,70.3803],[22.5298,70.3642],[22.5752,70.382],[22.6003,70.3668],[22.6189,70.387],[22.6481,70.373],[22.6747,70.3989],[22.7144,70.337],[22.7372,70.3651],[22.7305,70.3872],[22.7564,70.395],[22.828,70.3337],[22.9564,70.3251],[22.9224,70.3047],[23.0083,70.2807],[23.0191,70.265],[23.0015,70.2492]]],[[[21.731,70.2648],[21.7031,70.2618],[21.6769,70.2848],[21.6846,70.3638],[21.7123,70.3892],[21.7992,70.3471],[21.731,70.2648]]],[[[23.6341,70.4375],[23.4084,70.3531],[23.2922,70.332],[23.3816,70.3183],[23.155,70.2773],[23.082,70.3017],[23.1354,70.3853],[23.1346,70.4145],[23.0389,70.341],[22.9496,70.3593],[22.854,70.4077],[22.9401,70.407],[22.9639,70.4214],[22.8972,70.451],[23.0186,70.4971],[23.1243,70.5206],[23.1511,70.4984],[23.2234,70.5176],[23.1755,70.5476],[23.2621,70.5361],[23.2609,70.4809],[23.2786,70.4766],[23.3264,70.5312],[23.3047,70.5351],[23.3076,70.5504],[23.4084,70.5312],[23.3879,70.5449],[23.4126,70.5617],[23.5393,70.5449],[23.4363,70.5853],[23.4574,70.6064],[23.391,70.618],[23.4642,70.6249],[23.5735,70.6132],[23.5598,70.6064],[23.6013,70.579],[23.5803,70.5312],[23.656,70.5033],[23.6281,70.4897],[23.6623,70.4698],[23.6341,70.4375]]],[[[23.8679,70.5124],[23.751,70.5238],[23.6921,70.5959],[23.6418,70.5995],[23.6807,70.6249],[23.656,70.6479],[23.6902,70.6678],[23.6428,70.6852],[23.6401,70.7022],[23.7092,70.7486],[23.8157,70.7512],[23.8403,70.7436],[23.8284,70.7303],[23.8472,70.723],[23.8192,70.7094],[23.8319,70.7034],[23.9778,70.7069],[24.0435,70.6835],[24.0652,70.6459],[24.1284,70.62],[24.1016,70.5887],[23.8679,70.5124]]],[[[22.3128,70.5312],[22.2857,70.5416],[22.2433,70.4897],[22.1545,70.4723],[22.1409,70.4829],[22.1856,70.5347],[22.2644,70.5716],[22.2371,70.579],[22.3333,70.6132],[22.0407,70.5936],[22.0112,70.5995],[22.072,70.6337],[21.9504,70.6479],[22.0442,70.6599],[22.2215,70.6319],[22.2503,70.6494],[22.2297,70.6746],[22.2659,70.675],[22.4152,70.6262],[22.3739,70.6982],[22.3845,70.7094],[22.4927,70.6757],[22.5115,70.6815],[22.5015,70.7081],[22.541,70.7175],[22.6515,70.6877],[22.595,70.6525],[22.6309,70.6359],[22.689,70.661],[22.7249,70.6036],[22.7479,70.6474],[22.8262,70.6479],[22.723,70.7485],[22.8057,70.764],[22.792,70.7504],[22.8511,70.7419],[22.8672,70.7299],[22.854,70.723],[22.9238,70.7248],[22.895,70.6951],[22.9691,70.6612],[22.9907,70.6678],[22.9769,70.6815],[23.0327,70.7014],[23.0254,70.723],[23.1209,70.7094],[23.0931,70.7321],[23.1824,70.736],[23.03,70.7908],[23.1006,70.7988],[23.0663,70.8124],[23.1821,70.795],[23.1619,70.8254],[23.2717,70.777],[23.3289,70.7793],[23.3403,70.7985],[23.313,70.8616],[23.3425,70.866],[23.4841,70.7988],[23.3879,70.7845],[23.4574,70.7708],[23.4158,70.764],[23.4021,70.7436],[23.3333,70.7504],[23.3196,70.7094],[23.2513,70.6951],[23.2717,70.6815],[23.1585,70.6942],[23.1346,70.6678],[23.1824,70.6541],[23.1519,70.6323],[23.0594,70.6262],[23.1141,70.6132],[23.0889,70.5862],[23.0183,70.6039],[22.9845,70.5995],[23.0081,70.5852],[22.9769,70.5654],[22.8809,70.579],[22.936,70.5585],[22.9016,70.54],[22.8333,70.5517],[22.7886,70.5238],[22.7651,70.5311],[22.7783,70.5517],[22.6438,70.5642],[22.6316,70.5263],[22.5896,70.5286],[22.5661,70.5033],[22.4893,70.5319],[22.4684,70.4949],[22.4072,70.5146],[22.3089,70.5034],[22.2928,70.5145],[22.3128,70.5312]]],[[[24.2451,70.9558],[24.1599,70.928],[24.023,70.917],[23.9865,70.9423],[23.9094,70.9558],[24.0389,70.9763],[23.8858,70.9962],[23.9502,71.0042],[23.9229,71.0173],[23.9601,71.0286],[24.2246,70.9968],[24.0731,70.9831],[24.0874,70.9688],[24.0731,70.9626],[24.2451,70.9558]]],[[[26.1799,71.0027],[25.9002,70.9613],[25.7311,70.9754],[25.7185,70.9558],[25.7533,70.9421],[25.5534,70.9279],[25.4163,70.9831],[25.5608,71.0173],[25.4544,71.03],[25.3255,71.0074],[25.2942,71.0203],[25.2933,71.0452],[25.348,71.0657],[25.3138,71.0725],[25.3552,71.0835],[25.4588,71.072],[25.4784,71.0787],[25.4573,71.093],[25.4717,71.1026],[25.7185,71.052],[25.7009,71.0839],[25.5534,71.1408],[25.6673,71.1653],[25.6841,71.1447],[25.8074,71.1544],[25.7839,71.1122],[25.8057,71.0959],[25.8591,71.1133],[25.8831,71.1135],[25.8796,71.0968],[26.0298,71.1165],[26.0337,71.0872],[25.991,71.067],[25.8898,71.052],[25.9644,71.0377],[25.9644,71.0173],[25.9302,71.0111],[25.9564,71.002],[26.0537,71.0042],[26.1852,71.0499],[26.2181,71.0316],[26.1799,71.0027]]],[[[24.7891,71.053],[24.756,71.0253],[24.6143,71.0566],[24.6716,71.0881],[24.7329,71.0686],[24.7126,71.1076],[24.8366,71.0996],[24.8123,71.08],[24.826,71.0768],[24.7766,71.0592],[24.7891,71.053]]]]}},{"type":"Feature","properties":{"id":"EU-PL","zh":"波蘭","en":"Poland","labelLng":19.4905,"labelLat":51.9903},"geometry":{"type":"Polygon","coordinates":[[[18.8332,49.5103],[18.7884,49.6686],[18.7277,49.6689],[18.6177,49.7139],[18.5668,49.8048],[18.5663,49.8316],[18.5938,49.8522],[18.5673,49.8615],[18.5592,49.9072],[18.4818,49.8966],[18.3688,49.932],[18.2925,49.9078],[18.2559,49.946],[18.0982,49.989],[18.0916,50.0172],[18.0024,50.0468],[18.0324,50.0028],[17.8394,49.9736],[17.7633,50.0252],[17.7195,50.0809],[17.732,50.0949],[17.6328,50.1063],[17.5842,50.1459],[17.5894,50.1632],[17.6753,50.1747],[17.7476,50.2175],[17.7192,50.2528],[17.7345,50.2895],[17.708,50.311],[17.6845,50.3124],[17.6295,50.2621],[17.4694,50.2656],[17.4242,50.2406],[17.388,50.2726],[17.3417,50.2597],[17.3191,50.3082],[17.3375,50.313],[17.2109,50.3364],[17.1876,50.3785],[16.893,50.4329],[16.8659,50.4084],[16.9265,50.3193],[16.9878,50.2849],[17.0148,50.2185],[16.9603,50.232],[16.9553,50.2135],[16.8177,50.1868],[16.7012,50.0949],[16.6606,50.093],[16.5667,50.1422],[16.535,50.2077],[16.4378,50.298],[16.371,50.3184],[16.3437,50.3699],[16.2625,50.3644],[16.232,50.4026],[16.1996,50.4063],[16.1902,50.4242],[16.218,50.4371],[16.2112,50.4513],[16.2877,50.4928],[16.3526,50.4928],[16.3912,50.5218],[16.3945,50.5593],[16.4259,50.5676],[16.3316,50.644],[16.232,50.6609],[16.1755,50.6241],[16.0865,50.6468],[15.982,50.6036],[15.9986,50.6356],[15.9715,50.6786],[15.8482,50.6752],[15.7922,50.7427],[15.6843,50.7314],[15.4418,50.8002],[15.3561,50.7755],[15.341,50.8317],[15.2878,50.8549],[15.2561,50.8999],[15.2698,50.9527],[15.2271,50.9774],[15.1702,50.978],[15.1444,51.0116],[15.1079,50.981],[15.004,51.0207],[14.961,50.9927],[14.9966,50.9592],[14.9821,50.8591],[14.8104,50.8584],[14.9553,51.064],[15.0221,51.2368],[15.0195,51.2717],[14.9638,51.3284],[14.9451,51.4492],[14.71,51.5302],[14.7127,51.5674],[14.7439,51.6066],[14.7325,51.6583],[14.6484,51.7172],[14.6342,51.769],[14.5858,51.8039],[14.5959,51.8424],[14.6871,51.9119],[14.6991,51.9925],[14.7614,52.0767],[14.6864,52.121],[14.7124,52.2359],[14.5842,52.2912],[14.5901,52.3094],[14.5454,52.3822],[14.5398,52.4219],[14.6323,52.4967],[14.6091,52.5178],[14.6448,52.5769],[14.4319,52.6861],[14.3822,52.7382],[14.1239,52.8507],[14.165,52.8957],[14.1445,52.9599],[14.3433,53.0486],[14.3895,53.1317],[14.3807,53.1899],[14.4416,53.2518],[14.4033,53.2788],[14.3599,53.4441],[14.3042,53.5085],[14.2639,53.7],[14.3049,53.7126],[14.2942,53.7491],[14.4146,53.6824],[14.531,53.6578],[14.5906,53.5984],[14.6238,53.6528],[14.5759,53.6597],[14.5449,53.704],[14.5759,53.7695],[14.6238,53.7695],[14.6306,53.8515],[14.5871,53.8126],[14.5691,53.8242],[14.5896,53.8378],[14.5759,53.8548],[14.4412,53.8696],[14.4255,53.8798],[14.4319,53.9062],[14.363,53.8794],[14.4177,53.8651],[14.4053,53.8442],[14.3189,53.8182],[14.2747,53.8308],[14.1753,53.9065],[14.2101,53.9385],[14.4067,53.9218],[14.7819,54.0346],[15.6658,54.1984],[15.8597,54.25],[16.1315,54.2835],[16.0693,54.263],[16.1792,54.263],[16.1724,54.2766],[16.2201,54.2766],[16.2152,54.2996],[16.1377,54.2903],[16.2754,54.3586],[16.2318,54.3226],[16.3239,54.3499],[16.3368,54.3586],[16.3249,54.3731],[16.2816,54.3586],[16.4398,54.4883],[16.4445,54.4699],[16.4734,54.4821],[16.4739,54.4997],[16.4461,54.4883],[16.4666,54.5122],[16.5696,54.5572],[16.94,54.606],[17.0358,54.6671],[17.3374,54.749],[17.8854,54.8241],[18.1524,54.8383],[18.3395,54.8335],[18.7517,54.6901],[18.814,54.6432],[18.8353,54.6031],[18.784,54.6235],[18.7078,54.7012],[18.4563,54.7877],[18.4292,54.7817],[18.4131,54.7465],[18.4745,54.6876],[18.4759,54.6401],[18.523,54.6466],[18.5171,54.63],[18.5706,54.5504],[18.5676,54.4879],[18.5881,54.4337],[18.6943,54.4045],[18.7173,54.382],[18.8859,54.3502],[19.3772,54.3776],[19.531,54.4149],[19.6095,54.4567],[19.6803,54.4367],[22.6984,54.3429],[22.7672,54.3563],[22.8376,54.4009],[22.9627,54.3817],[22.9897,54.3534],[23.0416,54.341],[23.0321,54.3096],[23.0501,54.2948],[23.1171,54.3035],[23.316,54.2363],[23.449,54.1549],[23.4962,54.0446],[23.4587,53.9816],[23.4904,53.9506],[23.4869,53.91],[23.5299,53.7842],[23.5648,53.7424],[23.5909,53.6113],[23.8006,53.2425],[23.8937,53.152],[23.8593,53.068],[23.9113,53.0051],[23.918,52.9508],[23.9011,52.9233],[23.9225,52.7426],[23.9088,52.6999],[23.869,52.67],[23.7362,52.6149],[23.569,52.5859],[23.3923,52.5096],[23.1656,52.2894],[23.1945,52.2715],[23.1897,52.2405],[23.3958,52.1996],[23.3914,52.1825],[23.4877,52.1816],[23.5125,52.1244],[23.5794,52.1215],[23.6375,52.0845],[23.6764,51.9941],[23.6287,51.9463],[23.6218,51.8774],[23.5946,51.8433],[23.6287,51.8098],[23.6175,51.7865],[23.5523,51.7366],[23.5603,51.672],[23.5324,51.659],[23.5434,51.5927],[23.6148,51.4972],[23.6628,51.4802],[23.6487,51.454],[23.6976,51.4044],[23.6789,51.3941],[23.6839,51.3703],[23.634,51.3393],[23.6352,51.3047],[23.6873,51.2924],[23.7427,51.2163],[23.8636,51.1483],[23.8747,51.1361],[23.8545,51.1215],[23.9042,51.0627],[23.9117,51.0068],[23.9551,50.9836],[23.9793,50.9375],[24.1432,50.8564],[24.1309,50.8391],[23.9929,50.8362],[23.9576,50.808],[23.9743,50.7762],[24.0259,50.767],[24.0128,50.7433],[24.0269,50.728],[24.081,50.713],[24.0749,50.6902],[24.1084,50.6299],[24.0853,50.6044],[24.1077,50.5408],[24.0107,50.4928],[23.9813,50.4048],[23.7475,50.3894],[23.6822,50.3682],[23.6442,50.3127],[23.4364,50.1935],[23.1015,49.9571],[22.8266,49.6974],[22.7662,49.6742],[22.6658,49.5674],[22.6409,49.5288],[22.6796,49.4189],[22.7198,49.383],[22.7378,49.2754],[22.6817,49.1612],[22.7057,49.1688],[22.8534,49.0848],[22.8432,49.0431],[22.867,49.01],[22.8553,48.994],[22.7553,49.0447],[22.6429,49.0432],[22.5607,49.0855],[22.5396,49.0722],[22.3901,49.093],[22.3394,49.1265],[22.2159,49.14],[22.198,49.172],[22.0408,49.1975],[22.0124,49.2111],[21.9932,49.2782],[21.9284,49.3308],[21.8196,49.3772],[21.7576,49.3489],[21.6917,49.4022],[21.6012,49.4265],[21.4279,49.4098],[21.2605,49.4494],[21.1941,49.4006],[21.1249,49.4237],[21.0688,49.4192],[21.0333,49.3997],[21.0685,49.3814],[21.0725,49.3572],[21.0172,49.3524],[20.919,49.2903],[20.7783,49.3312],[20.6895,49.4005],[20.6053,49.4],[20.544,49.3708],[20.4375,49.4025],[20.4221,49.383],[20.3177,49.3916],[20.2844,49.3386],[20.1359,49.3089],[20.0505,49.1732],[19.9379,49.2251],[19.832,49.1859],[19.7607,49.1942],[19.7518,49.2191],[19.8086,49.2709],[19.7797,49.2934],[19.7693,49.3931],[19.627,49.4019],[19.6348,49.4413],[19.5568,49.4539],[19.5052,49.5634],[19.4573,49.5981],[19.3395,49.5288],[19.2341,49.5072],[19.209,49.445],[19.1894,49.4422],[19.1725,49.4023],[19.1417,49.3942],[19.0676,49.4061],[18.9623,49.3892],[18.9611,49.4928],[18.8332,49.5103]]]}},{"type":"Feature","properties":{"id":"EU-PT","zh":"葡萄牙","en":"Portugal","labelLng":-8.2718,"labelLat":39.6067},"geometry":{"type":"MultiPolygon","coordinates":[[[[-7.904,36.9748],[-7.8601,37.0004],[-7.8533,36.9868],[-7.9039,36.9659],[-7.9557,36.9805],[-7.904,36.9748]]],[[[-9.0346,38.8642],[-9.0546,38.833],[-9.0797,38.8201],[-9.0614,38.8522],[-9.0346,38.8642]]],[[[-7.1606,38.8129],[-7.2807,38.7204],[-7.2925,38.6461],[-7.2704,38.6177],[-7.3177,38.5563],[-7.3456,38.4941],[-7.3352,38.4694],[-7.3592,38.4464],[-7.3171,38.4246],[-7.1672,38.2721],[-7.1035,38.1736],[-7.0264,38.1996],[-6.9475,38.1966],[-7.024,38.0226],[-7.1233,38.04],[-7.1597,37.9968],[-7.2727,37.977],[-7.3069,37.8508],[-7.444,37.7302],[-7.4716,37.6369],[-7.5297,37.5672],[-7.4689,37.4756],[-7.4076,37.1649],[-7.4457,37.1796],[-7.5118,37.1718],[-7.8196,36.9987],[-7.9912,37.0141],[-7.9768,36.9868],[-8.0353,37.0375],[-8.1792,37.0881],[-8.2932,37.0777],[-8.3654,37.098],[-8.4388,37.0827],[-8.5801,37.124],[-8.6416,37.1177],[-8.6863,37.083],[-8.8789,37.0472],[-8.946,37.0079],[-8.9979,37.0215],[-8.9136,37.1699],[-8.9227,37.1997],[-8.8814,37.2325],[-8.8671,37.2767],[-8.8828,37.3099],[-8.816,37.4179],[-8.7955,37.5354],[-8.8265,37.6006],[-8.7993,37.6976],[-8.7576,37.7067],[-8.7522,37.7308],[-8.8087,37.7229],[-8.8048,37.9019],[-8.8207,37.9273],[-8.8948,37.9525],[-8.8157,38.0621],[-8.7744,38.1869],[-8.7951,38.3592],[-8.8783,38.4492],[-8.9426,38.4814],[-8.9045,38.4864],[-8.7986,38.4261],[-8.6569,38.406],[-8.6068,38.4187],[-8.7362,38.4518],[-8.7525,38.488],[-8.7372,38.5224],[-8.7733,38.5653],[-8.8129,38.5286],[-8.7803,38.5054],[-8.7884,38.4814],[-8.9058,38.5124],[-8.9549,38.5051],[-8.9919,38.4595],[-9.0486,38.4407],[-9.2306,38.4187],[-9.19,38.4725],[-9.1838,38.5515],[-9.2527,38.6655],[-9.145,38.6811],[-9.1077,38.6589],[-9.1139,38.6794],[-9.0524,38.6937],[-8.9426,38.7756],[-8.9631,38.8507],[-8.9863,38.8494],[-9.0115,38.9134],[-8.9432,39.0152],[-8.8265,39.0493],[-8.7651,39.0977],[-8.8364,39.0567],[-8.9359,39.0407],[-9.1002,38.8302],[-9.1125,38.7142],[-9.2852,38.6988],[-9.3218,38.6703],[-9.4048,38.7041],[-9.4717,38.7025],[-9.4917,38.7076],[-9.4975,38.8098],[-9.4555,38.8505],[-9.4227,38.9314],[-9.4366,39.0295],[-9.3509,39.1973],[-9.3406,39.2668],[-9.3541,39.3162],[-9.4093,39.3752],[-9.3529,39.3679],[-9.2608,39.4184],[-9.2176,39.4062],[-9.2059,39.4155],[-9.2299,39.4407],[-9.1357,39.5162],[-9.0904,39.5793],[-9.0717,39.6804],[-8.8682,40.1248],[-8.8533,40.1392],[-8.785,40.1187],[-8.8162,40.1466],[-8.8965,40.1647],[-8.9084,40.2007],[-8.8654,40.2755],[-8.753,40.6408],[-8.7446,40.619],[-8.7103,40.6535],[-8.69,40.6469],[-8.6962,40.6737],[-8.6621,40.6699],[-8.6416,40.6942],[-8.6636,40.7241],[-8.5727,40.7556],[-8.6684,40.7475],[-8.6837,40.7831],[-8.6456,40.8237],[-8.6553,40.8449],[-8.6632,40.8149],[-8.6757,40.8244],[-8.6898,40.8041],[-8.7143,40.7091],[-8.7508,40.6531],[-8.6551,40.9938],[-8.6661,41.1328],[-8.6483,41.1528],[-8.6858,41.1595],[-8.7372,41.2497],[-8.7445,41.3281],[-8.7838,41.3939],[-8.7748,41.4683],[-8.8305,41.6716],[-8.6962,41.722],[-8.83,41.6946],[-8.8611,41.7044],[-8.8803,41.7369],[-8.8675,41.8591],[-8.7628,41.932],[-8.7508,41.969],[-8.6708,41.9998],[-8.6269,42.051],[-8.3467,42.1017],[-8.2224,42.1536],[-8.2043,42.1288],[-8.204,42.0696],[-8.1376,42.0729],[-8.0951,42.0409],[-8.108,42.0109],[-8.2207,41.9227],[-8.2317,41.886],[-8.177,41.8498],[-8.1796,41.8107],[-8.0935,41.8067],[-8.0486,41.8164],[-7.9936,41.8637],[-7.9448,41.867],[-7.9061,41.9139],[-7.8966,41.8579],[-7.722,41.8993],[-7.6074,41.8732],[-7.6228,41.8417],[-7.6061,41.8255],[-7.5467,41.832],[-7.5158,41.865],[-7.4694,41.8525],[-7.4427,41.806],[-7.3919,41.842],[-7.2187,41.879],[-7.1979,41.9015],[-7.1999,41.9637],[-7.1597,41.9857],[-7.0513,41.942],[-6.9924,41.9664],[-6.9451,41.9434],[-6.855,41.9429],[-6.8312,41.954],[-6.8249,41.9838],[-6.728,41.9309],[-6.6228,41.941],[-6.6095,41.9623],[-6.5717,41.9426],[-6.5758,41.8829],[-6.5242,41.8674],[-6.5774,41.7397],[-6.5415,41.6589],[-6.503,41.6531],[-6.4608,41.6766],[-6.3659,41.6636],[-6.2722,41.6282],[-6.2059,41.5703],[-6.2795,41.497],[-6.3211,41.411],[-6.3792,41.3973],[-6.3792,41.3775],[-6.4959,41.2949],[-6.6466,41.2676],[-6.7552,41.1588],[-6.7648,41.1089],[-6.8044,41.0644],[-6.9068,41.0561],[-6.9425,41.016],[-6.8162,40.8568],[-6.8367,40.8402],[-6.8391,40.7575],[-6.8143,40.6472],[-6.8505,40.5822],[-6.8125,40.5146],[-6.8571,40.4421],[-6.8513,40.4095],[-6.7944,40.3564],[-6.8702,40.2955],[-6.8781,40.2652],[-7.0158,40.2255],[-7.0431,40.1814],[-7.0158,40.1191],[-6.9557,40.1029],[-6.8797,40.0092],[-6.9252,39.9179],[-6.9277,39.8619],[-7.0003,39.8025],[-6.993,39.7742],[-7.0211,39.694],[-7.1829,39.6751],[-7.5573,39.6798],[-7.5158,39.5938],[-7.3994,39.4937],[-7.3135,39.4574],[-7.3267,39.3413],[-7.2508,39.2706],[-7.2658,39.2314],[-7.2441,39.1956],[-7.1681,39.1706],[-7.1572,39.1054],[-7.0388,39.1091],[-6.9857,39.0668],[-6.9733,39.014],[-7.066,38.9046],[-7.0561,38.8551],[-7.1606,38.8129]]]]}},{"type":"Feature","properties":{"id":"EU-RO","zh":"羅馬尼亞","en":"Romania","labelLng":24.9726,"labelLat":45.7332},"geometry":{"type":"Polygon","coordinates":[[[22.8776,47.9467],[22.9158,47.9592],[22.9241,48.0048],[23.0044,47.9831],[23.0631,48.0075],[23.099,48.0712],[23.1391,48.0981],[23.2314,48.0797],[23.3601,47.9931],[23.4608,47.9713],[23.5632,48.0058],[23.7801,47.9875],[23.8552,47.9342],[24.0088,47.9612],[24.231,47.897],[24.4092,47.9521],[24.5421,47.9438],[24.6337,47.9083],[24.6791,47.8401],[24.8082,47.7957],[24.8966,47.7101],[25.0799,47.7429],[25.219,47.8785],[25.2617,47.8986],[25.7525,47.9346],[26.1731,47.9931],[26.2707,48.0936],[26.3035,48.212],[26.6885,48.2748],[26.8219,48.2525],[26.8977,48.209],[26.908,48.1845],[26.9381,48.2048],[26.9976,48.1666],[26.9666,48.1434],[27.048,48.1222],[27.0417,48.0773],[27.1093,48.0335],[27.089,48.0198],[27.0958,48.0056],[27.1215,48.0132],[27.1688,47.9831],[27.151,47.9578],[27.1783,47.9379],[27.1607,47.9217],[27.2124,47.8895],[27.2124,47.8479],[27.2534,47.8281],[27.2192,47.8138],[27.2875,47.7523],[27.2811,47.693],[27.3692,47.6083],[27.4284,47.581],[27.4731,47.4918],[27.5759,47.4604],[27.5724,47.3752],[27.6369,47.3067],[27.7333,47.2756],[27.7883,47.2043],[27.8077,47.1625],[27.7947,47.1558],[27.8499,47.1285],[27.8438,47.1144],[27.9387,47.0466],[28.028,47.033],[28.0691,46.9885],[28.1023,46.9351],[28.1215,46.8343],[28.2341,46.6624],[28.2471,46.6072],[28.219,46.5037],[28.2458,46.4755],[28.2461,46.4279],[28.1904,46.3511],[28.1778,46.287],[28.109,46.2341],[28.1447,46.1832],[28.0902,46.0734],[28.0827,46.0147],[28.125,45.9184],[28.1133,45.8254],[28.155,45.7618],[28.168,45.6325],[28.1077,45.6244],[28.0621,45.5936],[28.1409,45.5602],[28.1659,45.4946],[28.2129,45.4502],[28.2864,45.4217],[28.2812,45.4018],[28.3302,45.3229],[28.577,45.2481],[28.7101,45.227],[28.8027,45.2442],[28.7597,45.2742],[28.7902,45.2921],[28.7897,45.3214],[28.8318,45.3223],[28.9299,45.2791],[28.9528,45.2851],[28.9737,45.3237],[29.3221,45.4438],[29.5697,45.395],[29.6503,45.3461],[29.6665,45.2306],[29.6239,45.2103],[29.667,45.1642],[29.6996,45.1618],[29.6644,45.1169],[29.6304,44.9077],[29.6052,44.88],[29.6178,44.8615],[29.5618,44.8203],[29.1561,44.7844],[29.0007,44.6889],[28.9749,44.7449],[29.0982,44.7754],[29.1387,44.804],[29.1388,44.8392],[29.0964,44.8751],[29.1038,44.8403],[29.0603,44.8323],[29.0441,44.8655],[29.0521,44.9446],[29.1106,44.97],[29.0583,45.001],[28.9832,45.0123],[28.8694,44.9433],[28.8665,44.8826],[28.9524,44.8266],[28.925,44.8131],[28.9461,44.7652],[28.7984,44.7202],[28.7871,44.6933],[28.8084,44.6964],[28.7854,44.6797],[28.784,44.6492],[28.8695,44.6618],[28.912,44.6964],[28.8977,44.7168],[28.9675,44.701],[28.9876,44.6753],[28.9387,44.6343],[28.9754,44.6868],[28.9182,44.6827],[28.7742,44.6008],[28.7947,44.6343],[28.7578,44.6268],[28.7644,44.5959],[28.7879,44.5865],[28.7327,44.5679],[28.7327,44.5523],[28.7469,44.566],[28.7742,44.5523],[28.7456,44.4862],[28.7585,44.4653],[28.7783,44.5074],[28.9063,44.5877],[28.925,44.6206],[28.9097,44.5842],[28.844,44.4937],[28.7066,44.381],[28.6931,44.3461],[28.6644,44.3484],[28.6351,44.3164],[28.631,44.2643],[28.6717,44.1687],[28.6309,44.1545],[28.6717,43.9974],[28.6094,43.8745],[28.5784,43.7413],[28.4346,43.7352],[28.2213,43.762],[27.981,43.8493],[27.9121,43.9933],[27.7217,43.9487],[27.6334,44.0298],[27.3838,44.0151],[27.2853,44.0725],[27.2511,44.1224],[27.1002,44.1445],[27.0275,44.177],[26.8841,44.1565],[26.7537,44.1081],[26.3105,44.0526],[26.1507,44.0124],[26.0543,43.9343],[25.934,43.8703],[25.7811,43.732],[25.6714,43.7174],[25.5566,43.6704],[25.4031,43.65],[25.2523,43.7046],[25.0816,43.7189],[24.9637,43.7496],[24.7056,43.7438],[24.4663,43.8024],[24.3582,43.76],[24.1594,43.7529],[23.7429,43.8427],[23.5927,43.8374],[23.4847,43.8806],[23.3252,43.8866],[23.1318,43.8479],[22.8888,43.8395],[22.8634,43.8554],[22.8505,43.897],[22.8859,43.9945],[23.023,44.0316],[23.0401,44.0623],[23.031,44.0931],[22.9064,44.1229],[22.6907,44.2289],[22.6815,44.3053],[22.5494,44.349],[22.477,44.464],[22.4841,44.4998],[22.5484,44.5117],[22.5805,44.5655],[22.7001,44.5418],[22.7417,44.5519],[22.7652,44.5828],[22.7001,44.6306],[22.5875,44.6494],[22.4837,44.724],[22.4261,44.7337],[22.3049,44.6774],[22.1851,44.5151],[22.1266,44.5027],[22.0452,44.5692],[21.9943,44.6586],[21.8554,44.6985],[21.7568,44.6773],[21.6563,44.6877],[21.578,44.7777],[21.3959,44.7902],[21.3428,44.8319],[21.3555,44.8566],[21.5363,44.8893],[21.5163,44.9339],[21.4084,44.9583],[21.3514,44.9982],[21.4219,45.0314],[21.4424,45.0929],[21.4941,45.1193],[21.4933,45.1451],[21.4055,45.1997],[21.2393,45.2294],[21.1394,45.3037],[21.0916,45.2881],[20.9815,45.3328],[20.816,45.4629],[20.7671,45.4793],[20.7607,45.4933],[20.8002,45.5305],[20.7544,45.6056],[20.7857,45.7526],[20.7652,45.7668],[20.7268,45.7362],[20.6881,45.7431],[20.6459,45.7887],[20.6367,45.827],[20.5721,45.8877],[20.3539,45.9767],[20.3057,46.0536],[20.2428,46.1081],[20.2832,46.1438],[20.4442,46.1469],[20.4685,46.1741],[20.6001,46.1296],[20.664,46.1378],[20.6988,46.1565],[20.7103,46.1881],[20.7447,46.1923],[20.7393,46.2375],[20.7987,46.2676],[20.9992,46.2516],[21.0335,46.2313],[21.0992,46.2763],[21.1445,46.2837],[21.1788,46.3845],[21.2807,46.4164],[21.2451,46.4769],[21.2913,46.5467],[21.301,46.6039],[21.396,46.6264],[21.4362,46.6737],[21.5018,46.7035],[21.5052,46.7232],[21.4705,46.743],[21.5029,46.8053],[21.5834,46.8479],[21.5899,46.9089],[21.6485,46.943],[21.6714,46.9934],[21.6328,47.0227],[21.7638,47.1052],[21.8199,47.1727],[21.8622,47.2974],[22.0016,47.3938],[21.9889,47.4929],[22.0079,47.5174],[22.1621,47.5862],[22.2079,47.6737],[22.2731,47.7238],[22.3959,47.7357],[22.4237,47.7826],[22.4544,47.7874],[22.563,47.7572],[22.6377,47.7716],[22.7518,47.8277],[22.7636,47.8748],[22.8361,47.9025],[22.8776,47.9467]]]}},{"type":"Feature","properties":{"id":"EU-RS","zh":"塞爾維亞","en":"Serbia","labelLng":20.788,"labelLat":44.1899},"geometry":{"type":"Polygon","coordinates":[[[20.1885,46.1404],[20.3057,46.0536],[20.3539,45.9767],[20.5721,45.8877],[20.6367,45.827],[20.6459,45.7887],[20.6881,45.7431],[20.7268,45.7362],[20.7652,45.7668],[20.7857,45.7526],[20.7544,45.6056],[20.8002,45.5305],[20.7607,45.4933],[20.7671,45.4793],[20.816,45.4629],[20.9815,45.3328],[21.0916,45.2881],[21.1394,45.3037],[21.2393,45.2294],[21.4055,45.1997],[21.4933,45.1451],[21.4941,45.1193],[21.4424,45.0929],[21.4219,45.0314],[21.3514,44.9982],[21.4084,44.9583],[21.5163,44.9339],[21.5363,44.8893],[21.3555,44.8566],[21.3428,44.8319],[21.3959,44.7902],[21.578,44.7777],[21.6563,44.6877],[21.7568,44.6773],[21.8554,44.6985],[21.9943,44.6586],[22.0452,44.5692],[22.1266,44.5027],[22.1851,44.5151],[22.3049,44.6774],[22.4261,44.7337],[22.4837,44.724],[22.5875,44.6494],[22.7001,44.6306],[22.7652,44.5828],[22.7417,44.5519],[22.7001,44.5418],[22.5805,44.5655],[22.5484,44.5117],[22.4841,44.4998],[22.477,44.464],[22.5054,44.435],[22.5227,44.3751],[22.5828,44.3284],[22.6815,44.3053],[22.6916,44.2284],[22.6062,44.1746],[22.593,44.0639],[22.5342,44.0572],[22.5037,44.0199],[22.3996,43.9933],[22.3495,43.8079],[22.3885,43.7583],[22.4049,43.6872],[22.4663,43.6491],[22.4785,43.5592],[22.5189,43.4742],[22.5963,43.4292],[22.6378,43.4264],[22.6647,43.3967],[22.733,43.3815],[22.8045,43.329],[22.827,43.2814],[22.8838,43.2306],[22.9814,43.199],[22.9846,43.1746],[22.9556,43.1083],[22.8842,43.0367],[22.829,42.9935],[22.7764,42.9797],[22.727,42.8869],[22.6662,42.8719],[22.5636,42.8843],[22.506,42.8701],[22.4274,42.8136],[22.4829,42.7338],[22.4421,42.6817],[22.4253,42.5729],[22.5121,42.5192],[22.5365,42.4784],[22.5088,42.4049],[22.4698,42.3917],[22.424,42.3259],[22.3076,42.3193],[22.2689,42.3703],[22.0955,42.3058],[22.0276,42.304],[21.929,42.3351],[21.8844,42.3095],[21.8172,42.3051],[21.6769,42.2349],[21.575,42.242],[21.5149,42.3178],[21.516,42.3419],[21.6174,42.3866],[21.619,42.4492],[21.7177,42.5512],[21.7347,42.6242],[21.7728,42.6475],[21.7644,42.6696],[21.7089,42.6872],[21.6294,42.6722],[21.5652,42.7202],[21.3787,42.7441],[21.4084,42.847],[21.2605,42.8866],[21.2324,42.9109],[21.2098,42.9959],[21.1479,42.9926],[21.0926,43.0907],[21.0052,43.0991],[20.8386,43.1705],[20.84,43.2121],[20.8647,43.2173],[20.8194,43.2574],[20.7695,43.2608],[20.604,43.198],[20.6261,43.1237],[20.6692,43.1098],[20.6438,43.0523],[20.5964,43.0071],[20.5624,43.0095],[20.5305,42.9752],[20.4595,42.95],[20.451,42.922],[20.4988,42.8779],[20.4763,42.8555],[20.3454,42.8274],[20.3536,42.891],[20.3371,42.907],[20.1946,42.9668],[20.1169,42.9767],[19.9292,43.1139],[19.8722,43.0904],[19.8051,43.09],[19.7612,43.1087],[19.7136,43.1656],[19.5981,43.1762],[19.3723,43.3842],[19.2184,43.4382],[19.1759,43.4809],[19.1752,43.5096],[19.2175,43.5328],[19.2527,43.5886],[19.3465,43.6088],[19.4107,43.5408],[19.4318,43.5711],[19.4896,43.5644],[19.4775,43.617],[19.5074,43.6472],[19.4617,43.7621],[19.2293,43.9577],[19.2435,44.002],[19.2873,44.013],[19.3646,43.9733],[19.5286,43.9772],[19.6189,44.0357],[19.5989,44.0626],[19.5802,44.0515],[19.522,44.085],[19.4657,44.1528],[19.4426,44.1432],[19.3624,44.1912],[19.3243,44.264],[19.157,44.2936],[19.1167,44.3437],[19.1072,44.3827],[19.1414,44.4308],[19.1299,44.5183],[19.1796,44.5383],[19.1883,44.576],[19.318,44.7155],[19.3766,44.863],[19.3532,44.899],[19.2019,44.9084],[19.1869,44.9275],[19.0158,44.8656],[18.9914,44.9149],[19.0184,44.9257],[19.0667,44.9057],[19.1317,44.9532],[19.1186,44.9756],[19.0872,44.9771],[19.0823,45.0849],[19.0449,45.1372],[19.1377,45.146],[19.1219,45.1958],[19.2259,45.1619],[19.2867,45.1795],[19.3907,45.1693],[19.4078,45.2031],[19.3781,45.2296],[19.1585,45.2762],[19.1041,45.2987],[19.083,45.3392],[18.9775,45.3712],[18.9755,45.3911],[19.0313,45.4162],[18.9971,45.4555],[19.0096,45.4987],[19.0772,45.4916],[19.1063,45.5116],[19.0181,45.5674],[18.9417,45.5389],[18.9036,45.5731],[18.9124,45.6192],[18.9685,45.6687],[18.9173,45.7066],[18.9002,45.7649],[18.845,45.8157],[18.8553,45.8574],[18.907,45.868],[18.8729,45.8952],[18.907,45.9157],[18.9013,45.9312],[18.9875,45.9238],[18.9818,45.9508],[19.0486,45.9634],[19.0654,46.012],[19.111,46.013],[19.148,45.9841],[19.2635,45.9814],[19.307,46.0266],[19.3789,46.0337],[19.4537,46.0776],[19.4993,46.1086],[19.4875,46.1342],[19.5499,46.1642],[19.6693,46.1731],[19.7905,46.1291],[19.9292,46.1635],[20.035,46.143],[20.0984,46.155],[20.1885,46.1404]]]}},{"type":"Feature","properties":{"id":"EU-SE","zh":"瑞典","en":"Sweden","labelLng":19.0171,"labelLat":65.8592},"geometry":{"type":"MultiPolygon","coordinates":[[[[15.7009,56.1057],[15.6968,56.0743],[15.6423,56.1046],[15.6691,56.1239],[15.7269,56.1184],[15.7009,56.1057]]],[[[17.0663,57.2267],[16.9606,57.0632],[16.8986,57.0381],[16.9339,57.0176],[16.8713,56.9692],[16.8831,56.9162],[16.8418,56.8441],[16.7687,56.7968],[16.6828,56.5935],[16.637,56.5597],[16.6384,56.5242],[16.5412,56.3061],[16.4909,56.2396],[16.4285,56.218],[16.3989,56.2982],[16.4141,56.4028],[16.3914,56.4587],[16.4194,56.5856],[16.6209,56.8723],[16.7313,56.904],[16.8884,57.1182],[16.9099,57.2022],[16.9592,57.2307],[16.9665,57.3046],[17.0549,57.3582],[17.0819,57.3414],[17.104,57.3528],[17.1245,57.3193],[17.0755,57.3051],[17.042,57.2709],[17.0663,57.2267]]],[[[11.7319,57.9977],[11.7102,57.9929],[11.6951,58.0151],[11.6506,57.9554],[11.5811,57.9359],[11.5278,57.9543],[11.5125,57.9926],[11.5676,58.0039],[11.4979,58.0281],[11.5248,58.0507],[11.6597,58.0455],[11.7166,58.0645],[11.7388,58.0585],[11.7456,58.0312],[11.7319,57.9977]]],[[[11.8047,58.1257],[11.7082,58.0982],[11.6289,58.1001],[11.5853,58.1231],[11.5163,58.086],[11.4639,58.1069],[11.4577,58.0722],[11.4474,58.1035],[11.4066,58.1311],[11.429,58.161],[11.5278,58.2128],[11.6631,58.2373],[11.6699,58.2851],[11.7035,58.2912],[11.7388,58.2851],[11.8137,58.2114],[11.8047,58.1257]]],[[[16.8474,58.2755],[16.8325,58.3042],[16.8773,58.2997],[16.8791,58.2806],[16.8474,58.2755]]],[[[16.919,58.3364],[16.846,58.3198],[16.7852,58.3801],[16.8597,58.4003],[16.8288,58.3815],[16.8472,58.3721],[16.8306,58.3559],[16.8703,58.3332],[16.919,58.3364]]],[[[18.3571,58.977],[18.2898,58.9414],[18.3164,58.9269],[18.1936,58.9113],[18.2619,58.9596],[18.3571,58.977]]],[[[17.7009,59.0248],[17.6848,58.9008],[17.6481,58.9189],[17.6258,58.9568],[17.6522,59.0715],[17.7009,59.0248]]],[[[18.1902,58.9939],[18.1458,59.0044],[18.1447,58.9691],[18.099,58.9788],[18.0506,58.9609],[18.1035,59.0227],[18.2166,59.0245],[18.1787,59.0114],[18.1983,59.0097],[18.1902,58.9939]]],[[[18.4873,59.085],[18.4053,59.0086],[18.3665,59.0091],[18.3413,59.0334],[18.3616,59.0392],[18.3511,59.0568],[18.3748,59.0784],[18.4793,59.1166],[18.4873,59.085]]],[[[18.2493,59.3667],[18.2039,59.3659],[18.2224,59.3518],[18.2121,59.3415],[18.1655,59.3406],[18.1053,59.3776],[18.1227,59.3891],[18.2493,59.3667]]],[[[18.5669,60.3074],[18.4022,60.3698],[18.3788,60.5078],[18.4224,60.4909],[18.4268,60.4649],[18.4745,60.4308],[18.4199,60.4438],[18.4297,60.4299],[18.4943,60.3566],[18.5298,60.3681],[18.5669,60.3074]]],[[[20.9346,68.967],[20.8845,68.9067],[21.1528,68.8417],[21.3054,68.7558],[21.4064,68.7489],[21.4636,68.6869],[21.7168,68.6192],[21.7371,68.5879],[21.9192,68.5682],[22.0722,68.477],[22.3031,68.4761],[22.6622,68.4274],[22.7486,68.3855],[22.8083,68.3949],[22.9037,68.3366],[23.0669,68.2903],[23.1552,68.2174],[23.1494,68.1394],[23.1656,68.122],[23.3065,68.1456],[23.383,68.0512],[23.6622,67.9504],[23.6361,67.9135],[23.4813,67.8646],[23.4846,67.7372],[23.5535,67.587],[23.4734,67.555],[23.4847,67.543],[23.4313,67.4855],[23.4772,67.4438],[23.5946,67.4536],[23.7652,67.4201],[23.7514,67.3462],[23.7857,67.3375],[23.7354,67.2897],[23.6027,67.2603],[23.5915,67.225],[23.6149,67.214],[23.574,67.173],[23.5813,67.1531],[23.6666,67.0979],[23.6767,67.0585],[23.7203,67.0169],[23.8167,66.9755],[23.9334,66.8888],[24.004,66.8052],[23.9392,66.7911],[23.8924,66.7509],[23.9032,66.6863],[23.8819,66.5635],[23.6524,66.4588],[23.6423,66.4363],[23.677,66.3636],[23.6628,66.3165],[23.7242,66.2066],[23.7856,66.1767],[23.8893,66.1611],[24.0196,66.0489],[24.0553,65.9852],[24.0548,65.9479],[24.1634,65.8408],[24.1631,65.8227],[24.1403,65.8045],[24.0327,65.8097],[24.0532,65.796],[23.957,65.7891],[23.9264,65.7604],[23.8718,65.7949],[23.7817,65.793],[23.7394,65.8293],[23.6902,65.8301],[23.6233,65.7962],[23.4841,65.8159],[23.4906,65.8298],[23.4701,65.8333],[23.422,65.8022],[23.4378,65.7923],[23.4285,65.7653],[23.385,65.7752],[23.3743,65.8227],[23.2897,65.7958],[23.196,65.827],[23.1908,65.7899],[23.2376,65.7687],[23.1482,65.7456],[23.103,65.7047],[23.0788,65.7072],[23.0868,65.7277],[23.0459,65.7612],[22.8602,65.796],[22.7852,65.8643],[22.653,65.9084],[22.6343,65.9052],[22.6821,65.8711],[22.6997,65.8039],[22.6637,65.7575],[22.6481,65.7551],[22.653,65.7781],[22.6279,65.7904],[22.5698,65.796],[22.5115,65.7749],[22.532,65.8097],[22.5184,65.8227],[22.4699,65.8432],[22.4773,65.8569],[22.4055,65.8639],[22.3259,65.837],[22.3674,65.8097],[22.3191,65.8022],[22.3606,65.7612],[22.326,65.7355],[22.2092,65.7612],[22.2498,65.7357],[22.3618,65.7163],[22.388,65.6725],[22.3396,65.665],[22.3294,65.6893],[22.2815,65.7015],[22.2576,65.693],[22.2576,65.665],[22.2849,65.6315],[22.1892,65.6241],[22.3006,65.6115],[22.3191,65.6315],[22.2849,65.665],[22.3086,65.6694],[22.3259,65.6452],[22.3804,65.634],[22.3333,65.6042],[22.4114,65.579],[22.429,65.549],[22.4053,65.5419],[22.2749,65.5879],[22.2283,65.5721],[22.0513,65.6173],[21.8528,65.6783],[21.7642,65.7277],[21.7878,65.6867],[21.8479,65.661],[22.203,65.549],[22.0931,65.5353],[22.0659,65.5143],[21.8535,65.5353],[21.9279,65.4894],[21.9504,65.4949],[21.9217,65.508],[21.9471,65.5094],[22.0316,65.467],[21.9976,65.4261],[21.9422,65.4534],[21.9277,65.4041],[21.8809,65.4186],[21.7902,65.4001],[21.7059,65.4145],[21.6883,65.4123],[21.7026,65.3981],[21.6561,65.3972],[21.5867,65.4182],[21.5444,65.4056],[21.5996,65.3919],[21.4891,65.3934],[21.47,65.3776],[21.4898,65.3708],[21.4489,65.3572],[21.543,65.3186],[21.6047,65.3337],[21.7017,65.2859],[21.6681,65.2528],[21.6228,65.2408],[21.5444,65.2473],[21.4896,65.3055],[21.3456,65.3728],[21.2778,65.35],[21.2644,65.3367],[21.4221,65.3088],[21.6099,65.1689],[21.6188,65.148],[21.5444,65.1374],[21.5628,65.1225],[21.5438,65.0831],[21.5859,65.0692],[21.4793,65.0623],[21.4671,65.0555],[21.5034,65.0214],[21.4221,65.0146],[21.3831,64.9866],[21.3942,64.9668],[21.3778,64.96],[21.2434,64.9531],[21.2468,64.9218],[21.2024,64.8985],[21.2126,64.872],[21.1727,64.8534],[21.1813,64.8358],[21.113,64.8227],[21.0691,64.8607],[21.0374,64.8327],[21.0972,64.7853],[21.2175,64.7893],[21.3058,64.7683],[21.2995,64.7488],[21.2292,64.7477],[21.3123,64.6993],[21.2887,64.6868],[21.3049,64.6657],[21.1439,64.733],[21.1199,64.7297],[21.1112,64.6994],[21.1404,64.6719],[21.2319,64.6611],[21.2451,64.622],[21.3049,64.6105],[21.3533,64.5695],[21.374,64.608],[21.4556,64.5625],[21.4673,64.5873],[21.4856,64.5834],[21.5012,64.5442],[21.5519,64.5347],[21.511,64.5209],[21.4631,64.5484],[21.3866,64.5217],[21.3646,64.5417],[21.3473,64.532],[21.3992,64.5052],[21.4761,64.515],[21.492,64.4543],[21.5859,64.4802],[21.6065,64.4522],[21.3732,64.3304],[21.3185,64.3641],[21.3328,64.315],[21.2439,64.3071],[21.117,64.2211],[21.0789,64.2269],[20.9666,64.1494],[20.9485,64.1301],[20.9543,64.0948],[20.9124,64.0529],[20.897,63.9837],[20.825,63.9447],[20.7772,63.8694],[20.6748,63.8427],[20.6779,63.8226],[20.709,63.8222],[20.6747,63.7893],[20.6126,63.8222],[20.5427,63.7753],[20.5387,63.8008],[20.5034,63.822],[20.4558,63.7722],[20.4136,63.7676],[20.4211,63.7123],[20.3943,63.6811],[20.3547,63.6892],[20.3617,63.7255],[20.3255,63.754],[20.308,63.6544],[20.2676,63.6706],[20.2844,63.7329],[20.2461,63.6982],[20.2428,63.6509],[20.0345,63.6568],[20.0111,63.6341],[20.0305,63.6025],[19.9378,63.6199],[19.887,63.6031],[19.8644,63.5732],[19.7532,63.5243],[19.7689,63.4608],[19.6873,63.4313],[19.6395,63.4449],[19.6192,63.5001],[19.4463,63.5609],[19.4204,63.5485],[19.4688,63.5342],[19.4546,63.5089],[19.5234,63.4858],[19.4614,63.4689],[19.5166,63.4147],[19.3462,63.4859],[19.3726,63.4449],[19.2932,63.4665],[19.2593,63.329],[19.2337,63.3257],[19.2293,63.3425],[19.1331,63.3083],[19.1535,63.294],[19.112,63.2531],[19.1331,63.2531],[19.1167,63.2366],[19.0574,63.2605],[19.0399,63.239],[19.0564,63.2265],[19.112,63.2195],[19.0527,63.1789],[18.9067,63.2671],[18.8729,63.2692],[18.8661,63.2499],[18.7511,63.2595],[18.7352,63.2531],[18.9133,63.2121],[18.7966,63.1916],[18.8035,63.1779],[18.7731,63.1688],[18.7529,63.2077],[18.8239,63.2195],[18.7005,63.2258],[18.7556,63.1575],[18.5645,63.1779],[18.6431,63.1469],[18.6546,63.1137],[18.557,63.1165],[18.523,63.0755],[18.557,63.0755],[18.499,63.0551],[18.4782,63.0202],[18.4038,63.0557],[18.3721,63.0476],[18.4341,63.0141],[18.3431,63.0395],[18.3242,63.0141],[18.2417,62.9998],[18.5244,62.9919],[18.5767,62.9584],[18.544,62.9731],[18.5049,62.9492],[18.4033,62.9648],[18.3926,62.9452],[18.4396,62.9282],[18.523,62.9248],[18.5125,62.9041],[18.4001,62.9111],[18.4745,62.8769],[18.3776,62.8367],[18.3242,62.8415],[18.2683,62.8835],[18.207,62.8695],[18.2202,62.8523],[18.207,62.8354],[18.2827,62.8415],[18.1951,62.7774],[18.1829,62.79],[18.2009,62.808],[18.1863,62.8117],[18.1405,62.7719],[18.009,62.7944],[18.1462,62.8223],[18.0843,62.8373],[18.0773,62.8558],[17.9678,62.8078],[17.9353,62.817],[17.9128,62.8837],[17.9214,62.9157],[17.8787,62.9111],[17.8545,62.9551],[17.8097,62.9793],[17.8308,62.9998],[17.762,62.9793],[17.6936,62.9936],[17.8477,62.9213],[17.9019,62.8393],[17.8855,62.8148],[17.9568,62.7825],[18.0027,62.709],[17.9934,62.6599],[17.8718,62.6708],[18.0432,62.6262],[18.0642,62.5958],[17.9683,62.5605],[17.9534,62.6118],[17.937,62.6156],[17.9094,62.5494],[17.8787,62.5411],[17.8928,62.5275],[17.8431,62.4897],[17.7346,62.5058],[17.6589,62.4784],[17.6597,62.4614],[17.7074,62.4374],[17.5618,62.4438],[17.4268,62.5411],[17.3308,62.4877],[17.3775,62.4339],[17.3784,62.4108],[17.3374,62.404],[17.3605,62.3896],[17.3806,62.3327],[17.4541,62.3214],[17.4883,62.2866],[17.4602,62.273],[17.6527,62.232],[17.5444,62.2016],[17.5695,62.232],[17.5086,62.2184],[17.5086,62.1638],[17.4732,62.0847],[17.4473,62.0682],[17.469,62.0622],[17.4261,62.0266],[17.4605,62.0033],[17.3921,61.9924],[17.386,61.962],[17.3446,61.9367],[17.3646,61.8863],[17.3435,61.8713],[17.3538,61.8473],[17.3374,61.8237],[17.4056,61.8211],[17.3716,61.8006],[17.3992,61.7224],[17.4831,61.7346],[17.5142,61.7138],[17.4963,61.6351],[17.4329,61.6394],[17.3623,61.7091],[17.3306,61.7181],[17.3509,61.6772],[17.3132,61.682],[17.2666,61.7216],[17.138,61.7255],[17.2686,61.6908],[17.2287,61.6631],[17.1662,61.6567],[17.1934,61.6423],[17.0972,61.6361],[17.2479,61.6088],[17.0835,61.6157],[17.1457,61.5952],[17.0563,61.5822],[17.1865,61.561],[17.0801,61.5505],[17.1662,61.5269],[17.1245,61.5133],[17.1724,61.499],[17.1519,61.4648],[17.1693,61.4411],[17.2204,61.448],[17.1662,61.4164],[17.1366,61.4371],[17.104,61.3994],[17.2018,61.3371],[17.2761,61.314],[17.1519,61.3283],[17.1663,61.3084],[17.2479,61.2873],[17.2051,61.2885],[17.0972,61.3209],[17.1803,61.276],[17.2127,61.2353],[17.1519,61.2042],[17.1865,61.1911],[17.1587,61.1496],[17.1828,61.1232],[17.1457,61.1147],[17.1999,61.0959],[17.1687,61.0593],[17.1865,61.0329],[17.1587,61.0198],[17.2479,61.0124],[17.1677,60.9922],[17.1582,60.9484],[17.2051,60.9339],[17.2168,60.8994],[17.2463,60.898],[17.2822,60.841],[17.2581,60.8327],[17.2593,60.8157],[17.2822,60.8131],[17.2831,60.7812],[17.3357,60.7669],[17.1867,60.6924],[17.258,60.6944],[17.3646,60.6492],[17.3237,60.6356],[17.3395,60.623],[17.575,60.6479],[17.6589,60.6083],[17.6038,60.5841],[17.6382,60.5154],[17.6706,60.5041],[17.7415,60.4984],[17.7271,60.5347],[17.8161,60.5853],[17.9186,60.6002],[17.9749,60.5878],[17.9954,60.553],[17.9675,60.5121],[18.0984,60.4649],[18.1433,60.4136],[18.2622,60.3824],[18.207,60.355],[18.2349,60.3271],[18.2964,60.355],[18.428,60.3488],[18.4745,60.293],[18.4268,60.2862],[18.6048,60.2383],[18.5637,60.2276],[18.4006,60.2596],[18.3169,60.3209],[18.3309,60.2857],[18.4478,60.2111],[18.3926,60.2322],[18.4199,60.1935],[18.5061,60.1557],[18.5485,60.1741],[18.5781,60.0739],[18.5908,60.1083],[18.5781,60.1422],[18.6514,60.1483],[18.7352,60.1148],[18.7451,60.0497],[18.7966,60.005],[18.7531,60.0822],[18.7659,60.1111],[18.8169,60.1176],[18.8245,60.0683],[18.9031,59.9472],[19.0055,59.9118],[19.0321,59.8815],[19.0368,59.9025],[19.0716,59.8963],[19.0679,59.8337],[19.0347,59.835],[18.886,59.9299],[18.9307,59.8855],[18.9241,59.8523],[18.8616,59.803],[18.7546,59.7912],[18.7339,59.7688],[19.042,59.785],[19.0852,59.7722],[19.0745,59.7497],[18.9568,59.7192],[18.9133,59.7518],[18.8799,59.7216],[18.7141,59.6732],[18.6936,59.6494],[18.7356,59.6415],[18.7005,59.6214],[18.66,59.6357],[18.6865,59.6058],[18.64,59.5836],[18.4841,59.5344],[18.3796,59.4764],[18.2691,59.4774],[18.3032,59.457],[18.2485,59.4501],[18.2931,59.414],[18.3379,59.4085],[18.3073,59.3968],[18.1885,59.4074],[18.1592,59.4222],[18.207,59.4222],[18.1814,59.4582],[18.1455,59.4438],[18.1133,59.4547],[18.0845,59.439],[18.0984,59.4085],[18.0654,59.3972],[18.009,59.4085],[18.1462,59.3402],[18.0951,59.3268],[18.1966,59.3342],[18.2206,59.3198],[18.2547,59.3628],[18.3181,59.3759],[18.4701,59.3371],[18.4819,59.3477],[18.4478,59.3955],[18.4956,59.3955],[18.4268,59.4364],[18.4846,59.4342],[18.6123,59.3749],[18.544,59.3682],[18.6465,59.3303],[18.6198,59.3083],[18.5193,59.2983],[18.3644,59.3066],[18.3379,59.3129],[18.3447,59.3341],[18.2913,59.3227],[18.2759,59.3129],[18.3169,59.2788],[18.2831,59.279],[18.2793,59.2617],[18.4123,59.215],[18.4268,59.1968],[18.3137,59.2341],[18.3871,59.1831],[18.4063,59.1894],[18.3926,59.1689],[18.4297,59.1746],[18.4242,59.1439],[18.3438,59.1418],[18.2902,59.1206],[18.3242,59.1081],[18.2009,59.0808],[18.2554,59.1013],[18.2417,59.1081],[18.2554,59.1206],[18.2236,59.1195],[18.1387,59.0938],[18.0962,59.0583],[18.0432,59.0597],[18.0505,59.0386],[18.0137,59.0449],[18.0027,59.0386],[18.0186,59.0229],[17.9612,58.9634],[17.9612,58.9225],[17.8997,58.9157],[17.8928,58.861],[17.8694,58.877],[17.8612,58.9191],[17.7736,58.9607],[17.8035,58.9083],[17.7744,58.8862],[17.783,58.9157],[17.7493,58.9238],[17.7415,58.984],[17.7688,59.1206],[17.7328,59.1144],[17.7105,59.0528],[17.6658,59.0808],[17.6936,59.1314],[17.6589,59.1689],[17.6731,59.1348],[17.6111,59.0938],[17.6145,59.0321],[17.6316,59.0181],[17.6071,58.966],[17.5769,58.9567],[17.6267,58.9178],[17.599,58.8941],[17.536,58.902],[17.5907,58.861],[17.5557,58.8542],[17.4473,58.8952],[17.4691,58.8704],[17.45,58.8159],[17.4883,58.7996],[17.3374,58.8065],[17.3716,58.779],[17.3578,58.7512],[17.2761,58.7488],[17.2761,58.7307],[17.1624,58.732],[17.0869,58.7648],[17.0282,58.7512],[17.0835,58.7375],[17.0625,58.7102],[17.1457,58.6966],[17.093,58.6608],[16.9749,58.6854],[16.9539,58.6693],[17.0016,58.6679],[17.0358,58.6413],[16.9242,58.6254],[16.2337,58.6693],[16.2549,58.6345],[16.1792,58.6345],[16.2854,58.6159],[16.334,58.6391],[16.3877,58.5916],[16.4092,58.5966],[16.4398,58.6481],[16.5178,58.6246],[16.6359,58.6268],[16.7483,58.5929],[16.7415,58.614],[16.7893,58.6072],[16.786,58.5727],[16.8303,58.5594],[16.8167,58.5464],[16.844,58.5464],[16.8342,58.5295],[16.9402,58.4911],[16.844,58.4775],[16.8529,58.4631],[16.7483,58.429],[16.4414,58.486],[16.4126,58.4775],[16.7056,58.4077],[16.7149,58.3602],[16.7666,58.3686],[16.7751,58.3397],[16.6317,58.3539],[16.7,58.3192],[16.6985,58.3017],[16.7271,58.3036],[16.7205,58.3192],[16.7992,58.3236],[16.7546,58.2851],[16.7068,58.2783],[16.803,58.2447],[16.7893,58.2373],[16.8213,58.2071],[16.8223,58.1796],[16.7883,58.1793],[16.8098,58.1621],[16.7772,58.1305],[16.6174,58.2031],[16.7361,58.0848],[16.6863,58.0585],[16.7546,58.025],[16.6916,58.0148],[16.7,57.9977],[16.6447,58.0386],[16.6372,58.0145],[16.7064,57.9621],[16.7354,57.9719],[16.7825,57.9151],[16.7273,57.9288],[16.7688,57.8878],[16.7234,57.8835],[16.6829,57.9189],[16.6707,57.8914],[16.6106,57.8947],[16.6038,57.9288],[16.6447,57.9213],[16.5153,57.9988],[16.4945,57.984],[16.5046,57.9702],[16.5901,57.9356],[16.5696,57.9213],[16.5725,57.8939],[16.4808,57.9151],[16.4871,57.8947],[16.4603,57.9021],[16.7068,57.7506],[16.6351,57.7657],[16.5418,57.839],[16.4194,57.8947],[16.439,57.8654],[16.7149,57.7028],[16.6931,57.7028],[16.7068,57.6885],[16.577,57.7097],[16.62,57.6667],[16.5833,57.6619],[16.6305,57.6291],[16.5628,57.593],[16.5559,57.6271],[16.5205,57.6271],[16.5422,57.6073],[16.5205,57.5861],[16.5422,57.5725],[16.515,57.5663],[16.6292,57.5569],[16.689,57.4717],[16.6595,57.4763],[16.6722,57.4597],[16.6333,57.4371],[16.6726,57.4155],[16.6257,57.399],[16.6317,57.3808],[16.5476,57.3825],[16.5348,57.3603],[16.5696,57.3466],[16.5474,57.3288],[16.5628,57.3193],[16.4691,57.2754],[16.4945,57.2429],[16.466,57.228],[16.465,57.1773],[16.5095,57.1273],[16.5525,57.1101],[16.5833,57.0449],[16.5277,57.0654],[16.5003,57.0397],[16.4398,57.0517],[16.4734,57.0312],[16.4349,56.9979],[16.4681,56.9493],[16.4364,56.9111],[16.4398,56.8668],[16.408,56.7991],[16.4286,56.7829],[16.4634,56.7978],[16.4717,56.7774],[16.3611,56.7637],[16.3778,56.7259],[16.3716,56.6613],[16.3011,56.6633],[16.2463,56.6424],[16.207,56.5385],[16.1787,56.5371],[16.0952,56.4194],[16.0383,56.2551],[15.8517,56.0864],[15.7887,56.1064],[15.8265,56.1594],[15.7312,56.1572],[15.6482,56.1946],[15.5921,56.1605],[15.5759,56.1747],[15.5864,56.2089],[15.4929,56.1763],[15.48,56.1518],[15.404,56.1798],[15.3656,56.1411],[15.2953,56.1474],[15.3226,56.1536],[15.2953,56.1884],[15.1924,56.1529],[15.1543,56.1686],[15.093,56.1611],[15.0755,56.1884],[15.0347,56.1815],[15.049,56.1536],[14.9534,56.1729],[14.8482,56.164],[14.8303,56.1426],[14.7249,56.1676],[14.6858,56.1474],[14.6823,56.1171],[14.7678,56.0307],[14.7155,56.0023],[14.7057,56.017],[14.6115,56.0111],[14.6238,56.0245],[14.6033,56.0581],[14.4974,56.0405],[14.3464,55.9533],[14.3233,55.9157],[14.2347,55.8627],[14.2085,55.8213],[14.1958,55.7257],[14.2737,55.6676],[14.2845,55.623],[14.3675,55.5454],[14.3488,55.5106],[14.1812,55.3908],[14.0642,55.3908],[13.8972,55.4349],[13.6296,55.4183],[13.5808,55.3888],[13.5034,55.3884],[13.3814,55.346],[13.2805,55.3454],[12.9792,55.4033],[12.8328,55.3826],[12.8594,55.4349],[12.9297,55.4188],[12.9658,55.4349],[12.9632,55.4543],[12.9857,55.4479],[12.9175,55.5472],[12.9294,55.5789],[13.0383,55.6352],[13.0549,55.694],[13.0115,55.7284],[12.9226,55.7495],[12.9113,55.7639],[12.9386,55.7905],[12.926,55.8341],[12.8213,55.8867],[12.7523,55.9966],[12.6022,56.1232],[12.5046,56.2753],[12.4514,56.3044],[12.6463,56.2573],[12.7048,56.2225],[12.8145,56.2362],[12.8294,56.2786],[12.7835,56.2934],[12.7318,56.3597],[12.6216,56.4193],[12.6569,56.4553],[12.7137,56.4674],[12.8333,56.4426],[12.8901,56.4553],[12.9334,56.5065],[12.9344,56.5471],[12.8718,56.6495],[12.7318,56.647],[12.6157,56.7501],[12.5983,56.821],[12.4696,56.892],[12.3565,56.9238],[12.341,57.0141],[12.2713,57.0429],[12.2186,57.0927],[12.2376,57.1081],[12.1974,57.1849],[12.1491,57.1883],[12.1913,57.2126],[12.1013,57.2367],[12.1565,57.2429],[12.0951,57.2504],[12.1472,57.2855],[12.1441,57.3101],[12.105,57.3445],[12.0498,57.3511],[12.1087,57.3944],[12.0603,57.3944],[12.0921,57.4114],[12.0593,57.4588],[12.0066,57.4341],[11.979,57.3466],[11.9722,57.3641],[11.9336,57.3608],[11.9448,57.3876],[11.9033,57.3944],[11.9071,57.4653],[11.9448,57.4899],[11.9033,57.5241],[11.9177,57.5395],[11.9168,57.6209],[11.8674,57.6074],[11.835,57.6619],[11.8446,57.683],[11.9095,57.6868],[11.9237,57.7028],[11.8459,57.6933],[11.7477,57.7136],[11.7518,57.696],[11.7054,57.6984],[11.7063,57.722],[11.8104,57.7814],[11.7518,57.7848],[11.6868,57.8376],[11.6563,57.8394],[11.7039,57.8605],[11.6936,57.8812],[11.7073,57.8914],[11.7593,57.9021],[11.7456,57.9151],[11.7661,57.9288],[11.7366,57.9387],[11.8001,58.0223],[11.783,58.0692],[11.7935,58.1001],[11.8285,58.1212],[11.8413,58.1938],[11.8897,58.2168],[11.8518,58.2266],[11.8089,58.3022],[11.8828,58.3328],[11.8704,58.3454],[11.7267,58.3271],[11.7258,58.313],[11.679,58.3074],[11.5811,58.2509],[11.5259,58.2578],[11.5396,58.2373],[11.5059,58.2431],[11.5037,58.2802],[11.5418,58.3336],[11.6221,58.3881],[11.6078,58.395],[11.6218,58.406],[11.6699,58.4222],[11.6289,58.4313],[11.5886,58.4011],[11.5532,58.4632],[11.5518,58.3994],[11.5225,58.3362],[11.3962,58.2646],[11.4434,58.3056],[11.3838,58.3182],[11.4486,58.3417],[11.4229,58.3638],[11.4241,58.3881],[11.3459,58.346],[11.4241,58.4427],[11.3342,58.3676],[11.2536,58.3659],[11.2209,58.3463],[11.209,58.4189],[11.259,58.4222],[11.2515,58.4423],[11.2937,58.47],[11.2385,58.5079],[11.2556,58.5557],[11.2863,58.5799],[11.2658,58.5799],[11.259,58.6345],[11.2106,58.6792],[11.218,58.708],[11.1774,58.7186],[11.2334,58.8082],[11.2317,58.8437],[11.1976,58.8642],[11.1976,58.9225],[11.1082,58.9536],[11.1838,58.9914],[11.115,59.0082],[11.1936,59.0801],[11.321,59.0995],[11.3547,59.0916],[11.3938,59.0194],[11.4381,58.9911],[11.452,58.896],[11.5471,58.8847],[11.6644,58.9201],[11.7453,59.0922],[11.7756,59.2025],[11.8117,59.2497],[11.784,59.3606],[11.6774,59.5591],[11.6749,59.6071],[11.8284,59.6597],[11.8972,59.714],[11.9021,59.7851],[11.843,59.8384],[11.8496,59.8724],[11.9422,59.902],[12.1437,59.8984],[12.2906,59.9587],[12.4832,60.0812],[12.5247,60.1617],[12.4917,60.3123],[12.5779,60.3759],[12.6053,60.4192],[12.5944,60.5149],[12.4825,60.6573],[12.377,60.7541],[12.2533,61.0017],[12.5118,61.0491],[12.7038,61.0462],[12.7391,61.1424],[12.8398,61.227],[12.8882,61.3496],[12.6138,61.547],[12.4165,61.5823],[12.1617,61.7248],[12.3175,62.234],[12.3143,62.2861],[12.0912,62.5863],[12.1562,62.7337],[12.0933,62.9074],[12.2227,63.0015],[11.9924,63.2889],[12.2198,63.4743],[12.1703,63.5981],[12.2932,63.657],[12.6819,63.9564],[12.9824,64.0588],[13.2341,64.0909],[13.9642,64.0095],[14.1478,64.169],[14.1614,64.2054],[14.1156,64.4412],[14.0969,64.4653],[13.9401,64.4913],[13.6428,64.584],[14.3107,65.0841],[14.3802,65.2403],[14.5143,65.3181],[14.5104,65.4647],[14.5607,65.7011],[14.6489,65.8024],[14.5405,66.1254],[15.0534,66.1533],[15.4819,66.2749],[15.4821,66.3408],[15.4263,66.4912],[15.6695,66.5994],[16.0388,66.8875],[16.4156,67.0527],[16.4379,67.2003],[16.1271,67.4228],[16.1996,67.5083],[16.4286,67.534],[16.5872,67.6259],[16.7829,67.897],[17.2201,68.0401],[17.3215,68.1053],[17.921,67.9729],[18.1667,68.1585],[18.1886,68.1987],[18.1357,68.3957],[18.1615,68.5302],[18.4362,68.5739],[18.6446,68.5012],[19.0381,68.5056],[19.9712,68.3513],[20.2459,68.4774],[19.9622,68.5412],[20.1518,68.6068],[20.2366,68.6591],[20.3565,68.8046],[20.3411,68.9101],[20.1023,69.0221],[20.6232,69.0364],[20.7954,69.0112],[20.9346,68.967]]],[[[18.0283,62.7452],[18.0643,62.7579],[18.1611,62.7392],[18.1431,62.7064],[18.12,62.7065],[18.1247,62.6879],[18.0789,62.6798],[18.027,62.6845],[18.0061,62.7056],[18.0283,62.7452]]],[[[18.9816,57.7705],[18.9487,57.7827],[18.9321,57.7523],[18.9413,57.7296],[18.8071,57.7344],[18.7625,57.6172],[18.8103,57.6073],[18.7614,57.5076],[18.7732,57.4722],[18.8035,57.4694],[18.7898,57.449],[18.9089,57.4392],[18.9263,57.3926],[18.8015,57.3762],[18.6804,57.3105],[18.6737,57.2777],[18.7109,57.2743],[18.7141,57.2429],[18.5915,57.2187],[18.5645,57.2094],[18.5781,57.1957],[18.4064,57.143],[18.3858,57.1274],[18.4546,57.1274],[18.3599,57.0961],[18.3379,57.0312],[18.4001,57.004],[18.3447,57.004],[18.3584,56.9897],[18.3115,56.9481],[18.2039,56.9152],[18.1387,56.922],[18.2039,56.9863],[18.2009,57.0176],[18.2656,57.0415],[18.2902,57.0927],[18.2009,57.0654],[18.228,57.1337],[18.1853,57.1448],[18.1598,57.2298],[18.0994,57.259],[18.1156,57.297],[18.1659,57.3316],[18.1792,57.3795],[18.1462,57.408],[18.1135,57.488],[18.1282,57.5482],[18.325,57.6726],[18.4631,57.8032],[18.5501,57.8394],[18.6087,57.8363],[18.6408,57.8862],[18.7005,57.9213],[18.7572,57.9062],[18.7647,57.8652],[18.8035,57.8258],[18.8519,57.8913],[18.8374,57.9122],[18.9133,57.9213],[18.898,57.8977],[18.9172,57.8881],[19.0095,57.9083],[19.014,57.8813],[19.0852,57.8258],[18.9866,57.8074],[18.9816,57.7705]]],[[[19.3386,57.9636],[19.162,57.926],[19.1399,57.9083],[19.1603,57.8803],[19.1296,57.8469],[19.0845,57.8594],[19.0368,57.9052],[19.1146,57.9797],[19.2224,57.9902],[19.2401,57.9706],[19.3386,57.9636]]],[[[18.6685,59.1743],[18.6909,59.2088],[18.75,59.2051],[18.6685,59.1743]]],[[[18.3447,59.2993],[18.4617,59.2982],[18.6123,59.2583],[18.5161,59.2713],[18.5324,59.2419],[18.5781,59.2446],[18.5204,59.2287],[18.3447,59.2993]]],[[[18.8108,59.2893],[18.7705,59.2508],[18.7227,59.2624],[18.7577,59.2946],[18.8108,59.2893]]],[[[18.638,59.368],[18.7417,59.3508],[18.7414,59.32],[18.6775,59.2995],[18.6821,59.3312],[18.638,59.368]]],[[[18.9483,59.3787],[18.8994,59.4007],[18.9216,59.4059],[18.9483,59.3787]]],[[[18.8557,59.3859],[18.8543,59.4025],[18.8695,59.3935],[18.8557,59.3859]]],[[[18.8606,59.4245],[18.9118,59.4472],[18.9258,59.434],[18.8723,59.4086],[18.8606,59.4245]]],[[[18.6033,59.4931],[18.6018,59.4561],[18.5785,59.4639],[18.5809,59.4307],[18.5564,59.4223],[18.5105,59.4831],[18.5381,59.4956],[18.5574,59.482],[18.5776,59.4951],[18.5511,59.5101],[18.6097,59.5456],[18.7391,59.5404],[18.633,59.4897],[18.6033,59.4931]]],[[[18.9053,59.6336],[18.7568,59.5727],[18.9243,59.6569],[18.9053,59.6336]]],[[[18.9863,59.6286],[18.9275,59.6225],[18.8856,59.5786],[18.8586,59.5958],[18.9525,59.653],[18.9863,59.6286]]],[[[19.002,59.8],[18.8913,59.7856],[18.8858,59.7939],[18.9592,59.8637],[18.9955,59.8395],[19.002,59.8]]],[[[18.7123,60.2121],[18.8003,60.1764],[18.8069,60.1606],[18.7244,60.1555],[18.7131,60.1826],[18.7288,60.2004],[18.7123,60.2121]]],[[[19.1878,58.395],[19.3057,58.379],[19.3317,58.3676],[19.2503,58.3428],[19.2141,58.3547],[19.1878,58.395]]],[[[20.8646,63.6767],[20.8561,63.6509],[20.8259,63.6436],[20.8276,63.6531],[20.8646,63.6767]]],[[[20.947,63.7727],[20.9231,63.7032],[20.8648,63.6831],[20.8809,63.7424],[20.947,63.7727]]],[[[20.8809,63.7607],[20.8635,63.7735],[20.8392,63.7676],[20.8649,63.7968],[20.9046,63.7935],[20.9204,63.7737],[20.8809,63.7607]]],[[[22.2949,65.4282],[22.2864,65.4426],[22.3064,65.4554],[22.4178,65.4499],[22.2949,65.4282]]],[[[22.1566,65.4744],[22.2102,65.4658],[22.2317,65.4181],[22.1536,65.4304],[22.1426,65.4458],[22.1566,65.4744]]],[[[22.3034,65.523],[22.3582,65.4951],[22.2788,65.5133],[22.2855,65.4792],[22.2658,65.4818],[22.1868,65.5378],[22.3034,65.523]]],[[[22.6172,65.5175],[22.5676,65.5169],[22.553,65.5301],[22.6172,65.5175]]],[[[22.6414,65.5891],[22.5696,65.555],[22.5291,65.5762],[22.6414,65.5891]]],[[[22.6045,65.6003],[22.5702,65.5948],[22.5545,65.6054],[22.5951,65.613],[22.6045,65.6003]]],[[[22.964,65.6956],[22.9719,65.6671],[22.8991,65.7014],[22.8862,65.7374],[22.9562,65.7332],[22.946,65.7216],[22.9851,65.7003],[22.964,65.6956]]],[[[23.7832,65.7211],[23.7383,65.6967],[23.6815,65.7217],[23.6817,65.7431],[23.7972,65.7537],[23.7832,65.7211]]],[[[22.7355,65.7663],[22.7908,65.7503],[22.8054,65.7052],[22.7258,65.724],[22.7355,65.7663]]]]}},{"type":"Feature","properties":{"id":"EU-SI","zh":"斯洛維尼亞","en":"Slovenia","labelLng":14.9153,"labelLat":46.0608},"geometry":{"type":"Polygon","coordinates":[[[13.6429,45.4594],[13.5895,45.4888],[13.596,45.5181],[13.5686,45.5393],[13.7529,45.5529],[13.7118,45.5932],[13.8478,45.5847],[13.8947,45.6318],[13.8584,45.6494],[13.7787,45.7434],[13.5813,45.8092],[13.5693,45.8645],[13.6228,45.9664],[13.6059,45.9854],[13.5094,45.9674],[13.4618,46.0064],[13.5051,46.066],[13.6164,46.125],[13.645,46.1617],[13.6374,46.1804],[13.559,46.1841],[13.4683,46.2234],[13.4228,46.2286],[13.4374,46.2109],[13.4101,46.208],[13.3653,46.2903],[13.4341,46.3539],[13.53,46.3883],[13.6002,46.4426],[13.6775,46.4521],[13.701,46.5197],[14.05,46.4844],[14.1499,46.4401],[14.4065,46.4393],[14.4509,46.4145],[14.5022,46.4184],[14.5403,46.3786],[14.5901,46.4344],[14.68,46.4589],[14.7097,46.4925],[14.7886,46.5066],[14.8504,46.6011],[14.9336,46.6211],[14.9672,46.6003],[15.0044,46.6368],[15.062,46.6496],[15.3881,46.6456],[15.4627,46.6146],[15.5112,46.6284],[15.546,46.6719],[15.627,46.6809],[15.636,46.7176],[15.7287,46.703],[15.8507,46.7245],[16.0167,46.6707],[15.9705,46.743],[15.972,46.8206],[16.094,46.8628],[16.272,46.864],[16.3253,46.8394],[16.2982,46.7758],[16.3142,46.7433],[16.4105,46.6684],[16.3684,46.643],[16.3764,46.6291],[16.5008,46.5448],[16.5153,46.5017],[16.3579,46.547],[16.2639,46.5159],[16.2337,46.4787],[16.2756,46.3732],[16.1918,46.3698],[16.1439,46.3947],[16.106,46.3737],[16.058,46.3775],[16.0596,46.3323],[16.0192,46.2988],[15.8183,46.2555],[15.7498,46.2108],[15.6398,46.2077],[15.6043,46.167],[15.5899,46.1135],[15.698,46.0362],[15.6742,45.9932],[15.6594,45.8888],[15.6761,45.8417],[15.6261,45.8202],[15.4513,45.8151],[15.4291,45.7753],[15.255,45.7235],[15.2509,45.7077],[15.283,45.6801],[15.3308,45.6846],[15.3738,45.6402],[15.2974,45.6257],[15.2686,45.6017],[15.2967,45.523],[15.3614,45.482],[15.3252,45.4528],[15.1393,45.43],[15.0562,45.4799],[14.9226,45.5149],[14.9044,45.5144],[14.8816,45.4698],[14.7972,45.4652],[14.7812,45.4933],[14.6685,45.534],[14.6698,45.5646],[14.6031,45.6036],[14.5809,45.6678],[14.4986,45.5962],[14.4689,45.5256],[14.3728,45.4778],[14.2187,45.4972],[14.0929,45.4739],[13.9719,45.5142],[13.9615,45.4931],[13.9826,45.4753],[13.889,45.4236],[13.7593,45.4632],[13.6429,45.4594]]]}},{"type":"Feature","properties":{"id":"EU-SK","zh":"斯洛伐克","en":"Slovakia","labelLng":19.0499,"labelLat":48.734},"geometry":{"type":"Polygon","coordinates":[[[22.5396,49.0722],[22.5205,48.9929],[22.449,48.9714],[22.4118,48.8878],[22.3689,48.8565],[22.3657,48.7944],[22.3308,48.7564],[22.3103,48.6817],[22.1387,48.5696],[22.1328,48.4048],[22.0965,48.3794],[21.7277,48.3409],[21.6216,48.4297],[21.5917,48.493],[21.5218,48.5001],[21.4994,48.5351],[21.4246,48.5613],[21.3218,48.5476],[21.2618,48.5032],[21.2199,48.5187],[21.1093,48.4891],[20.9458,48.519],[20.8003,48.5692],[20.5105,48.5338],[20.4817,48.5261],[20.4817,48.4787],[20.4206,48.4292],[20.3243,48.2799],[20.2724,48.2525],[20.2291,48.2709],[20.1345,48.2467],[20.1053,48.2028],[19.9286,48.1301],[19.8217,48.1579],[19.7761,48.1495],[19.7566,48.2003],[19.687,48.1969],[19.6232,48.227],[19.514,48.204],[19.4817,48.1113],[19.4282,48.0859],[19.2932,48.0878],[19.2225,48.0606],[18.9965,48.0662],[18.8385,48.04],[18.7942,47.9931],[18.7432,47.9711],[18.7488,47.8707],[18.8165,47.8326],[18.6928,47.778],[18.5526,47.7928],[18.2359,47.7539],[17.8257,47.75],[17.742,47.7654],[17.6191,47.8292],[17.5726,47.8295],[17.3379,47.9987],[17.1848,48.0203],[17.1483,48.0054],[17.0697,48.0357],[17.0591,48.0604],[17.0802,48.0976],[16.9819,48.1613],[16.9543,48.2731],[16.9166,48.2908],[16.9019,48.3394],[16.8445,48.3656],[16.8649,48.4581],[16.9469,48.5397],[16.9475,48.6232],[17.0253,48.7463],[17.1137,48.8339],[17.1675,48.8598],[17.2603,48.8578],[17.3744,48.8196],[17.4533,48.8428],[17.5351,48.813],[17.7272,48.8629],[17.7955,48.9206],[17.8787,48.9336],[17.9141,49.0105],[18.0129,49.0191],[18.0755,49.0472],[18.1029,49.0923],[18.1178,49.2026],[18.1606,49.2587],[18.3852,49.3423],[18.3876,49.3898],[18.4168,49.3855],[18.5147,49.4406],[18.5356,49.4817],[18.6359,49.4967],[18.7325,49.4803],[18.7923,49.5095],[18.9322,49.5043],[18.9611,49.4928],[18.9623,49.3892],[19.0676,49.4061],[19.1417,49.3942],[19.1725,49.4023],[19.1894,49.4422],[19.209,49.445],[19.2341,49.5072],[19.3395,49.5288],[19.4434,49.6018],[19.5052,49.5634],[19.5568,49.4539],[19.6348,49.4413],[19.627,49.4019],[19.7693,49.3931],[19.7797,49.2934],[19.8086,49.2709],[19.7478,49.2059],[19.7859,49.1882],[19.8542,49.1913],[19.9379,49.2251],[20.0505,49.1732],[20.1359,49.3089],[20.2844,49.3386],[20.3177,49.3916],[20.4221,49.383],[20.4375,49.4025],[20.544,49.3708],[20.6053,49.4],[20.6895,49.4005],[20.7783,49.3312],[20.919,49.2903],[21.0172,49.3524],[21.0725,49.3572],[21.0685,49.3814],[21.0333,49.3997],[21.0535,49.4145],[21.1249,49.4237],[21.1941,49.4006],[21.2605,49.4494],[21.4279,49.4098],[21.6199,49.4233],[21.6917,49.4022],[21.7576,49.3489],[21.8196,49.3772],[21.9645,49.3086],[21.9932,49.2782],[22.0124,49.2111],[22.0408,49.1975],[22.198,49.172],[22.2159,49.14],[22.3394,49.1265],[22.3901,49.093],[22.5396,49.0722]]]}},{"type":"Feature","properties":{"id":"EU-SM","zh":"聖馬力諾","en":"San Marino","labelLng":12.4412,"labelLat":43.9339},"geometry":{"type":"Polygon","coordinates":[[[12.4295,43.8921],[12.3856,43.9245],[12.3957,43.9484],[12.4822,43.9826],[12.4783,43.917],[12.4295,43.8921]]]}},{"type":"Feature","properties":{"id":"EU-UA","zh":"烏克蘭","en":"Ukraine","labelLng":32.1409,"labelLat":49.7247},"geometry":{"type":"MultiPolygon","coordinates":[[[[30.126,45.8115],[29.9081,45.6664],[29.8075,45.6143],[29.731,45.5914],[30.126,45.8115]]],[[[32.6194,46.06],[33.0575,46.0252],[33.04,46.0122],[32.6194,46.06]]],[[[31.6182,46.2592],[32.1663,46.1494],[31.5803,46.2628],[31.522,46.3132],[31.5044,46.3734],[31.522,46.3685],[31.5544,46.2963],[31.6182,46.2592]]],[[[31.8587,52.0999],[31.9104,52.0291],[31.9806,52.0476],[32.0956,52.0407],[32.2333,52.0809],[32.2777,52.1027],[32.3282,52.2192],[32.367,52.2472],[32.3395,52.2872],[32.3536,52.3216],[32.5284,52.3162],[32.7254,52.2521],[32.8442,52.2623],[32.909,52.2411],[33.0301,52.3036],[33.0796,52.3056],[33.1829,52.3673],[33.4193,52.3383],[33.4805,52.3578],[33.5101,52.2875],[33.6879,52.3558],[33.8041,52.3546],[34.0653,52.1586],[34.0626,52.0502],[34.1011,51.9925],[34.0962,51.9518],[34.1462,51.9516],[34.2284,51.8993],[34.2342,51.8783],[34.2946,51.8739],[34.3857,51.8177],[34.4127,51.7777],[34.4142,51.7365],[34.3763,51.7086],[34.0891,51.6666],[34.0795,51.6431],[34.1401,51.6212],[34.153,51.584],[34.2237,51.5148],[34.2171,51.4171],[34.1859,51.3942],[34.2473,51.3634],[34.3002,51.3684],[34.3087,51.3346],[34.2836,51.3012],[34.186,51.2489],[34.2818,51.2264],[34.3718,51.2568],[34.5135,51.2296],[34.6084,51.234],[34.6428,51.1806],[34.6749,51.1677],[34.8175,51.1747],[34.9461,51.2143],[35.0787,51.2076],[35.1436,51.0585],[35.1726,51.0406],[35.3087,51.0473],[35.3551,51.0256],[35.3326,50.9999],[35.2781,50.9927],[35.2848,50.9443],[35.3417,50.9159],[35.3414,50.8765],[35.3777,50.8337],[35.3791,50.7972],[35.4385,50.7624],[35.4454,50.6875],[35.4689,50.6685],[35.3916,50.6464],[35.3777,50.6218],[35.4253,50.5005],[35.4464,50.476],[35.5408,50.45],[35.5702,50.3765],[35.6114,50.3517],[35.6969,50.3451],[35.7377,50.3816],[35.8374,50.4232],[36.1058,50.4211],[36.1693,50.3837],[36.269,50.2814],[36.3159,50.2749],[36.41,50.3046],[36.5364,50.2675],[36.5346,50.2199],[36.5944,50.2044],[36.6358,50.214],[36.6826,50.2607],[36.8486,50.3237],[37.197,50.3624],[37.2852,50.4153],[37.4152,50.4319],[37.4353,50.4249],[37.48,50.34],[37.5992,50.2909],[37.5971,50.1969],[37.7277,50.0787],[37.9159,50.0033],[38.0004,49.8998],[38.1662,49.9406],[38.1739,50.0601],[38.2999,50.0605],[38.356,49.9806],[38.4975,49.9482],[38.6646,49.9652],[38.6873,49.9138],[38.8522,49.8658],[38.9374,49.8035],[39.0491,49.8106],[39.1558,49.8736],[39.2609,49.7445],[39.3277,49.7263],[39.4436,49.7495],[39.5575,49.724],[39.6229,49.6135],[39.8015,49.5422],[39.8894,49.5533],[39.9981,49.6082],[40.1155,49.5906],[40.1261,49.5591],[40.0543,49.5198],[40.0349,49.4871],[40.062,49.4258],[40.1595,49.3336],[40.1417,49.2458],[39.9521,49.1245],[39.9187,49.0478],[39.6983,49.0284],[39.6811,49.0203],[39.674,48.9701],[39.7587,48.8954],[39.9082,48.8784],[39.9504,48.8528],[40.0343,48.8856],[40.0528,48.8497],[39.9753,48.7897],[39.7794,48.8077],[39.7029,48.7466],[39.6317,48.5869],[39.8092,48.5838],[39.8551,48.5561],[39.8695,48.5099],[39.8421,48.4991],[39.8447,48.4835],[39.9241,48.3761],[39.8159,48.3082],[39.8848,48.279],[39.9789,48.2901],[39.9907,48.2537],[39.8937,48.183],[39.8431,48.1198],[39.829,48.0768],[39.843,48.0364],[39.7599,48.015],[39.7962,47.9614],[39.7756,47.858],[39.7338,47.816],[39.3916,47.8226],[39.3197,47.846],[39.1135,47.8286],[39.0391,47.8569],[38.8772,47.8612],[38.7962,47.8199],[38.7345,47.6771],[38.6622,47.6833],[38.5622,47.6266],[38.319,47.5913],[38.2603,47.4929],[38.258,47.3932],[38.1887,47.301],[38.2919,47.287],[38.2982,47.256],[38.2035,47.1923],[38.2166,47.1033],[38.1423,47.0377],[38.1081,47.0264],[38.1301,47.0747],[38.0715,47.0998],[38.0262,47.0816],[37.8611,47.1015],[37.7533,47.0753],[37.5464,47.0816],[37.3352,46.8825],[37.313,46.8756],[37.3174,46.9008],[37.2954,46.9202],[37.2271,46.937],[36.8537,46.8005],[36.8625,46.7769],[36.7693,46.6374],[36.7438,46.6496],[36.7717,46.6435],[36.8025,46.7248],[36.6961,46.78],[36.4002,46.7239],[36.3035,46.6592],[36.2783,46.6074],[36.2676,46.6256],[36.2458,46.6108],[36.2443,46.6353],[36.1895,46.669],[35.9016,46.6527],[35.7712,46.6013],[35.6287,46.4985],[35.4915,46.448],[35.3801,46.3685],[35.1618,46.1282],[34.9821,46.0778],[35.0519,46.1282],[35.0444,46.1419],[35.2005,46.183],[35.3421,46.3358],[35.346,46.361],[35.3115,46.3376],[35.2676,46.3511],[35.2586,46.3734],[35.2845,46.4374],[35.2146,46.4626],[35.1883,46.5124],[35.1667,46.4932],[35.2095,46.3964],[35.1084,46.2978],[35.0308,46.2518],[34.9265,46.2351],[34.8936,46.2518],[34.8822,46.2217],[34.8123,46.1767],[34.8242,46.0779],[34.8744,45.9261],[35.0019,45.729],[34.9757,45.7173],[34.789,45.8037],[34.7843,45.8993],[34.7633,45.932],[34.6886,45.974],[34.53,45.981],[34.5043,45.9507],[34.4646,45.9553],[34.3339,46.0697],[34.2359,46.0977],[34.0679,46.1047],[33.8462,46.1957],[33.7157,46.1957],[33.6703,46.2181],[33.6604,46.1482],[33.6285,46.1249],[33.5965,46.1557],[33.5498,46.1364],[33.5313,46.1069],[33.5579,46.0873],[33.4958,46.0679],[33.5163,46.0463],[33.4238,46.0533],[33.3578,46.1038],[33.2903,46.0947],[33.3157,46.131],[33.2146,46.1282],[33.2351,46.2238],[33.1751,46.1531],[33.1229,46.1359],[33.0234,46.1699],[33.0325,46.141],[33.0182,46.1277],[32.8993,46.1152],[32.7663,46.1357],[32.5034,46.0761],[32.2625,46.1282],[32.242,46.1767],[32.2693,46.2046],[32.2131,46.1931],[32.1287,46.2097],[32.0501,46.2661],[32.0181,46.2575],[31.8858,46.32],[31.8823,46.2791],[31.8011,46.2851],[31.7673,46.3182],[31.7998,46.3422],[31.9683,46.3511],[32.0619,46.3938],[32.0078,46.449],[31.7485,46.4999],[31.6903,46.4786],[31.6865,46.4299],[31.6636,46.4721],[31.5083,46.5876],[31.5816,46.5452],[31.7564,46.5543],[31.8618,46.5193],[32.1117,46.5124],[32.3176,46.4643],[32.3997,46.4783],[32.427,46.4988],[32.4084,46.5173],[32.4357,46.5432],[32.5248,46.5927],[32.5884,46.6043],[32.6455,46.6496],[32.409,46.5689],[32.3358,46.5622],[32.2482,46.6074],[32.1463,46.5602],[32.1179,46.6069],[32.0228,46.6291],[31.9403,46.7589],[31.9362,46.8004],[32.0075,46.9152],[31.9959,46.9404],[31.9359,46.9548],[31.9769,47.0093],[31.8652,47.0264],[31.8968,47.0927],[31.8456,47.134],[31.8306,47.1868],[31.7577,47.2162],[31.7417,47.2591],[31.7268,47.2205],[31.8062,47.1927],[31.8156,47.1226],[31.8743,47.0938],[31.8374,47.0084],[31.9471,46.9991],[31.8994,46.9438],[31.9256,46.9229],[31.9683,46.937],[31.9451,46.8595],[31.8648,46.8066],[31.8652,46.78],[31.9067,46.7382],[31.8994,46.6496],[31.8147,46.623],[31.6741,46.6532],[31.5972,46.6432],[31.5789,46.6173],[31.493,46.6287],[31.4909,46.6634],[31.6182,46.8135],[31.6061,46.8264],[31.5083,46.7452],[31.4407,46.8005],[31.4558,46.7546],[31.5059,46.7204],[31.4162,46.6291],[31.3377,46.6013],[31.1595,46.629],[30.9914,46.6013],[30.867,46.5558],[30.7907,46.5529],[30.7549,46.5159],[30.7982,46.4464],[30.7725,46.3964],[30.7145,46.348],[30.6519,46.3445],[30.6865,46.32],[30.6824,46.2995],[30.5233,46.1338],[30.4942,46.0805],[30.1384,45.8198],[30.1275,45.8913],[30.0946,45.8148],[29.9907,45.8471],[29.9685,45.8389],[29.9529,45.772],[29.9263,45.8138],[29.9324,45.7242],[29.8877,45.7651],[29.8024,45.7375],[29.8032,45.7042],[29.8601,45.6689],[29.7891,45.6553],[29.7891,45.6354],[29.7337,45.6143],[29.724,45.6674],[29.6826,45.6968],[29.6939,45.7813],[29.6382,45.8263],[29.6519,45.789],[29.6227,45.7362],[29.6375,45.7099],[29.6032,45.6913],[29.5897,45.5591],[29.6484,45.5454],[29.707,45.5733],[29.6057,45.4782],[29.6408,45.4418],[29.6724,45.4771],[29.6753,45.4496],[29.7022,45.4566],[29.7132,45.4362],[29.7323,45.4757],[29.7559,45.4279],[29.7277,45.4157],[29.7502,45.3858],[29.7562,45.3212],[29.7297,45.2377],[29.6745,45.2136],[29.659,45.2159],[29.6723,45.2729],[29.6503,45.3461],[29.5697,45.395],[29.4306,45.4304],[29.3221,45.4438],[29.2818,45.4223],[29.2282,45.4237],[29.1743,45.389],[28.9737,45.3237],[28.9528,45.2851],[28.9299,45.2791],[28.8318,45.3223],[28.7897,45.3214],[28.7902,45.2921],[28.7597,45.2742],[28.8027,45.2442],[28.7101,45.227],[28.577,45.2481],[28.3302,45.3229],[28.2812,45.4018],[28.2864,45.4217],[28.1995,45.4618],[28.2173,45.4933],[28.2705,45.5215],[28.502,45.5087],[28.4982,45.5587],[28.5369,45.5798],[28.5113,45.635],[28.474,45.6579],[28.5152,45.702],[28.5614,45.7166],[28.5767,45.7619],[28.6698,45.7773],[28.6698,45.812],[28.7383,45.8376],[28.7402,45.9532],[28.9569,46.0014],[28.9388,46.0893],[29.0154,46.1826],[29.0098,46.2044],[28.9335,46.259],[28.9449,46.3207],[28.9192,46.4047],[28.9458,46.4548],[29.1842,46.538],[29.2068,46.5025],[29.2056,46.4061],[29.1834,46.3776],[29.2007,46.3571],[29.2833,46.3974],[29.3067,46.472],[29.3747,46.4162],[29.4576,46.4847],[29.4864,46.4759],[29.4809,46.4252],[29.5414,46.413],[29.583,46.3697],[29.6156,46.3618],[29.6455,46.3756],[29.6544,46.4227],[29.7029,46.4283],[29.7141,46.4712],[29.8003,46.3984],[29.8281,46.3394],[29.9187,46.3737],[30.0811,46.3742],[30.1316,46.4228],[30.077,46.4228],[30.0141,46.462],[30.0029,46.4942],[29.9706,46.4917],[29.9019,46.5308],[29.8988,46.5531],[29.9381,46.5573],[29.9497,46.5789],[29.9313,46.6192],[29.9511,46.7431],[29.9282,46.8098],[29.8896,46.8072],[29.8436,46.8541],[29.7541,46.858],[29.6962,46.9047],[29.5587,46.9457],[29.6021,47.061],[29.5702,47.0914],[29.5201,47.0599],[29.4779,47.1115],[29.5448,47.1356],[29.544,47.2342],[29.5802,47.2604],[29.5566,47.324],[29.4809,47.3383],[29.4592,47.2935],[29.4096,47.2798],[29.3676,47.3082],[29.3458,47.3658],[29.3008,47.3782],[29.2326,47.4463],[29.1821,47.4299],[29.1556,47.45],[29.1174,47.5333],[29.1821,47.6132],[29.197,47.7175],[29.2386,47.756],[29.1778,47.7897],[29.236,47.8707],[29.1726,47.891],[29.124,47.976],[29.061,47.9698],[29.0172,47.9311],[28.9504,47.9348],[28.8325,48.0248],[28.7993,48.1118],[28.5736,48.155],[28.5193,48.1491],[28.4796,48.0649],[28.419,48.1222],[28.4369,48.1499],[28.4116,48.1707],[28.3496,48.1297],[28.3174,48.1354],[28.3222,48.1632],[28.3634,48.191],[28.3577,48.2386],[28.217,48.2081],[28.1894,48.2231],[28.1785,48.2589],[28.0933,48.2374],[28.0787,48.2449],[28.0983,48.2841],[28.0764,48.3149],[27.9264,48.3394],[27.8648,48.3989],[27.7853,48.4416],[27.627,48.4513],[27.6069,48.4578],[27.6048,48.4841],[27.583,48.486],[27.5038,48.4724],[27.4035,48.4115],[27.3422,48.4361],[27.2086,48.3606],[27.0374,48.3997],[27.0331,48.3602],[26.9432,48.3513],[26.8319,48.3914],[26.7775,48.3662],[26.7901,48.3071],[26.7744,48.2872],[26.6798,48.3302],[26.6179,48.259],[26.5874,48.2494],[26.3035,48.212],[26.2707,48.0936],[26.1731,47.9931],[25.7525,47.9346],[25.2617,47.8986],[25.219,47.8785],[25.0799,47.7429],[24.8966,47.7101],[24.8082,47.7957],[24.6791,47.8401],[24.6337,47.9083],[24.5421,47.9438],[24.4092,47.9521],[24.231,47.897],[24.0088,47.9612],[23.8552,47.9342],[23.7801,47.9875],[23.5632,48.0058],[23.4608,47.9713],[23.3601,47.9931],[23.2314,48.0797],[23.1391,48.0981],[23.099,48.0712],[23.0631,48.0075],[23.0044,47.9831],[22.9241,48.0048],[22.9158,47.9592],[22.8776,47.9467],[22.8324,47.9789],[22.8616,48.0284],[22.8548,48.0473],[22.8014,48.091],[22.7457,48.1163],[22.6055,48.097],[22.5558,48.1772],[22.4814,48.2426],[22.3571,48.2431],[22.3081,48.2937],[22.2987,48.3491],[22.2568,48.3573],[22.2718,48.4035],[22.202,48.4182],[22.1328,48.4048],[22.1387,48.5696],[22.3103,48.6817],[22.3308,48.7564],[22.3657,48.7944],[22.3689,48.8565],[22.4118,48.8878],[22.449,48.9714],[22.5205,48.9929],[22.5396,49.0722],[22.5607,49.0855],[22.6429,49.0432],[22.7553,49.0447],[22.8553,48.994],[22.867,49.01],[22.8432,49.0431],[22.8413,49.0949],[22.7057,49.1688],[22.6817,49.1612],[22.7378,49.2754],[22.7198,49.383],[22.6796,49.4189],[22.6409,49.5288],[22.6658,49.5674],[22.7662,49.6742],[22.8266,49.6974],[23.1015,49.9571],[23.4364,50.1935],[23.6442,50.3127],[23.6822,50.3682],[23.7475,50.3894],[23.9813,50.4048],[24.0107,50.4928],[24.1077,50.5408],[24.0853,50.6044],[24.1084,50.6299],[24.0749,50.6902],[24.081,50.713],[24.0269,50.728],[24.0128,50.7433],[24.0259,50.767],[23.9743,50.7762],[23.9576,50.808],[23.9929,50.8362],[24.1309,50.8391],[24.1432,50.8564],[23.9793,50.9375],[23.9551,50.9836],[23.9117,51.0068],[23.9042,51.0627],[23.8545,51.1215],[23.8747,51.1361],[23.8636,51.1483],[23.7427,51.2163],[23.6873,51.2924],[23.6352,51.3047],[23.634,51.3393],[23.6839,51.3703],[23.6789,51.3941],[23.6976,51.4044],[23.6487,51.454],[23.6628,51.4802],[23.6081,51.5112],[23.6287,51.5312],[23.5933,51.597],[23.6167,51.6248],[23.7497,51.6445],[23.8849,51.6199],[23.9413,51.5819],[23.9813,51.586],[24.2441,51.7182],[24.3115,51.8276],[24.3908,51.88],[24.7218,51.8823],[25.0027,51.9105],[25.138,51.9489],[25.352,51.9215],[25.7679,51.9285],[26.0808,51.9007],[26.1753,51.8567],[26.4078,51.8506],[26.4456,51.8056],[26.6657,51.8014],[26.8548,51.7493],[27.1511,51.7568],[27.1779,51.7471],[27.189,51.6638],[27.2775,51.6511],[27.254,51.5954],[27.2675,51.5875],[27.409,51.5917],[27.4773,51.6237],[27.6927,51.5892],[27.7052,51.5684],[27.6641,51.4929],[27.7143,51.4637],[27.7925,51.5173],[27.7995,51.5852],[27.8313,51.6129],[27.8756,51.608],[27.9548,51.5608],[28.0708,51.5576],[28.21,51.652],[28.2451,51.6406],[28.2578,51.6018],[28.3109,51.5744],[28.3339,51.5284],[28.4612,51.5717],[28.6039,51.5535],[28.6373,51.4496],[28.6636,51.434],[28.704,51.4426],[28.7288,51.4013],[28.7516,51.4287],[28.7522,51.4837],[28.7999,51.5326],[28.8636,51.5589],[28.9808,51.5695],[29.0632,51.6306],[29.1604,51.6033],[29.2265,51.5191],[29.2278,51.4556],[29.3199,51.3656],[29.4027,51.3961],[29.4663,51.3851],[29.5055,51.4375],[29.5682,51.4496],[29.6378,51.4909],[29.7,51.4837],[29.7379,51.4395],[29.8286,51.43],[29.8863,51.4648],[30.1486,51.4844],[30.3202,51.4021],[30.3171,51.3406],[30.3551,51.3053],[30.4281,51.2918],[30.5396,51.2352],[30.5799,51.3037],[30.6383,51.3359],[30.6324,51.3641],[30.6456,51.3675],[30.6182,51.4187],[30.5879,51.4274],[30.586,51.4518],[30.6182,51.4671],[30.5629,51.5218],[30.584,51.5423],[30.5226,51.5627],[30.5431,51.5826],[30.5151,51.6037],[30.5566,51.6236],[30.5703,51.6999],[30.625,51.7061],[30.6462,51.7545],[30.6182,51.7613],[30.6706,51.7905],[30.662,51.8194],[30.7345,51.8737],[30.7417,51.8979],[30.7882,51.9006],[30.8106,51.9184],[30.8031,51.9391],[30.858,51.9576],[30.8969,51.9983],[30.9412,51.9938],[30.9405,52.0201],[30.9113,52.0226],[30.9344,52.0697],[31.1348,52.0767],[31.229,52.0382],[31.3044,52.0975],[31.3831,52.1175],[31.8587,52.0999]]]]}},{"type":"Feature","properties":{"id":"EU-VA","zh":"梵蒂岡","en":"Vatican City","labelLng":12.4538,"labelLat":41.9033},"geometry":{"type":"Polygon","coordinates":[[[12.454,41.9028],[12.453,41.9039],[12.454,41.9039],[12.454,41.9028]]]}}]}