{"type":"FeatureCollection","name":"P124_TW_COUNTIES_SIMPLIFIED","features":[{"type":"Feature","properties":{"id":"TW-CHA","zh":"彰化縣","en":"Changhua County","labelLng":120.476,"labelLat":23.99687},"geometry":{"type":"Polygon","coordinates":[[[120.45655,24.20719],[120.50438,24.19115],[120.5081,24.18717],[120.52547,24.1499],[120.52355,24.13968],[120.53268,24.12643],[120.54092,24.12366],[120.54538,24.11647],[120.57261,24.10832],[120.58352,24.10955],[120.58836,24.10623],[120.61249,24.10257],[120.617,24.07942],[120.61966,24.07305],[120.62538,24.06874],[120.62569,24.05703],[120.62342,24.05212],[120.62811,24.03835],[120.62446,24.03099],[120.63614,24.03105],[120.64464,24.02588],[120.64625,24.0269],[120.64461,24.03344],[120.6464,24.03403],[120.65175,24.02854],[120.65578,24.03067],[120.67864,24.01403],[120.67599,24.01071],[120.67008,24.00996],[120.67369,24.00809],[120.67258,24.00585],[120.64619,24.00915],[120.64247,24.00896],[120.64034,24.00573],[120.63809,24.00741],[120.63682,23.99451],[120.64532,23.98962],[120.65017,23.9837],[120.64631,23.97324],[120.64686,23.96342],[120.64265,23.95827],[120.6354,23.95225],[120.63112,23.9563],[120.62698,23.95644],[120.63384,23.95337],[120.62759,23.95177],[120.63465,23.94371],[120.63082,23.9448],[120.63016,23.94296],[120.63764,23.93559],[120.63548,23.93745],[120.62782,23.93108],[120.6374,23.92409],[120.63532,23.92166],[120.63645,23.91937],[120.63353,23.91958],[120.63471,23.91312],[120.63305,23.9142],[120.63259,23.91088],[120.6294,23.91082],[120.63422,23.90767],[120.63136,23.90343],[120.63492,23.90146],[120.63506,23.8986],[120.6328,23.89645],[120.6344,23.89355],[120.63265,23.88969],[120.6273,23.88951],[120.62942,23.8891],[120.62958,23.88463],[120.62482,23.87711],[120.62395,23.86893],[120.6199,23.86837],[120.6206,23.86372],[120.62354,23.86197],[120.62223,23.86012],[120.62781,23.8574],[120.62344,23.8489],[120.61943,23.84962],[120.62359,23.84707],[120.61549,23.84048],[120.61717,23.83763],[120.62084,23.84166],[120.62224,23.83866],[120.62612,23.84192],[120.62905,23.83868],[120.62492,23.8366],[120.62997,23.83735],[120.62827,23.83582],[120.63105,23.83565],[120.6291,23.8344],[120.63364,23.83409],[120.62424,23.83175],[120.62359,23.82949],[120.63705,23.83279],[120.63844,23.83141],[120.63435,23.83112],[120.63719,23.83056],[120.63818,23.82892],[120.63604,23.82792],[120.63945,23.82742],[120.63772,23.82638],[120.64,23.82511],[120.63702,23.82586],[120.63675,23.82576],[120.63496,23.8259],[120.63386,23.82584],[120.63919,23.82457],[120.63776,23.82178],[120.64797,23.81664],[120.65091,23.81251],[120.67635,23.81929],[120.67881,23.8163],[120.67898,23.80595],[120.68341,23.80542],[120.68389,23.80135],[120.67837,23.80113],[120.66416,23.79229],[120.64154,23.78562],[120.62832,23.79001],[120.58696,23.79191],[120.55122,23.80113],[120.53546,23.8013],[120.52781,23.79906],[120.50873,23.80045],[120.45208,23.81722],[120.4331,23.83015],[120.41033,23.82638],[120.37032,23.82856],[120.35813,23.82282],[120.30812,23.8203],[120.25501,23.83425],[120.23784,23.84636],[120.22036,23.86622],[120.22549,23.87251],[120.22614,23.87688],[120.23532,23.88526],[120.24714,23.88845],[120.25522,23.89419],[120.25774,23.89933],[120.25623,23.9079],[120.26088,23.91504],[120.26105,23.91973],[120.26914,23.93059],[120.2788,23.9336],[120.28283,23.95451],[120.30691,23.97223],[120.30874,23.98711],[120.31645,23.99923],[120.33529,24.01575],[120.34141,24.03962],[120.34241,24.05472],[120.33973,24.05973],[120.34208,24.06013],[120.34777,24.06962],[120.35919,24.07428],[120.36336,24.08085],[120.37545,24.08302],[120.38416,24.08767],[120.38634,24.09705],[120.38181,24.09686],[120.38031,24.09274],[120.37954,24.09429],[120.39683,24.1175],[120.40114,24.12897],[120.40083,24.13692],[120.40901,24.14266],[120.41279,24.15224],[120.40805,24.15495],[120.41499,24.15756],[120.41639,24.17048],[120.42575,24.17866],[120.42471,24.1833],[120.4327,24.18665],[120.43916,24.18573],[120.44395,24.18894],[120.45655,24.20719]]]}},{"type":"Feature","properties":{"id":"TW-CYI","zh":"嘉義市","en":"Chiayi City","labelLng":120.45109,"labelLat":23.47968},"geometry":{"type":"Polygon","coordinates":[[[120.44062,23.5183],[120.45711,23.51568],[120.4563,23.51177],[120.46412,23.49923],[120.46972,23.49977],[120.4735,23.50685],[120.48315,23.50536],[120.48376,23.49609],[120.48739,23.49215],[120.50125,23.48991],[120.50373,23.485],[120.50182,23.48093],[120.50407,23.48098],[120.50934,23.47267],[120.49971,23.46539],[120.50066,23.46097],[120.49523,23.4529],[120.48961,23.45225],[120.4768,23.46199],[120.46873,23.46162],[120.46455,23.4583],[120.46452,23.45561],[120.45471,23.45032],[120.45246,23.4445],[120.43957,23.43956],[120.43586,23.44359],[120.43803,23.44653],[120.4302,23.45218],[120.42929,23.46104],[120.41516,23.46028],[120.41127,23.46479],[120.39417,23.46252],[120.39427,23.46647],[120.39927,23.47107],[120.39906,23.47842],[120.39343,23.48238],[120.39472,23.49075],[120.38978,23.49135],[120.39002,23.49936],[120.39447,23.50081],[120.4002,23.49876],[120.401,23.50187],[120.4088,23.50657],[120.40831,23.49871],[120.41161,23.49889],[120.41675,23.50536],[120.43335,23.50903],[120.43361,23.51717],[120.44061,23.51194],[120.44214,23.51332],[120.44062,23.5183]]]}},{"type":"Feature","properties":{"id":"TW-CYQ","zh":"嘉義縣","en":"Chiayi County","labelLng":120.50961,"labelLat":23.42533},"geometry":{"type":"MultiPolygon","coordinates":[[[[120.15192,23.39274],[120.15019,23.38918],[120.14117,23.41251],[120.14474,23.40378],[120.15192,23.39274]]],[[[120.13689,23.42136],[120.13529,23.42274],[120.1351,23.42433],[120.13562,23.42548],[120.13689,23.42136]]],[[[120.13714,23.4355],[120.13612,23.43585],[120.13525,23.43691],[120.13714,23.4355]]],[[[120.14284,23.47539],[120.14274,23.47519],[120.14261,23.47543],[120.14284,23.47539]]],[[[120.14194,23.47615],[120.14143,23.47615],[120.14123,23.4765],[120.14194,23.47615]]],[[[120.14046,23.47722],[120.13986,23.47708],[120.13983,23.47718],[120.14046,23.47722]]],[[[120.14828,23.47815],[120.14787,23.47795],[120.14834,23.47838],[120.14828,23.47815]]],[[[120.149,23.47889],[120.14834,23.47881],[120.14842,23.47908],[120.149,23.47889]]],[[[120.49297,23.63317],[120.49949,23.63507],[120.50587,23.63391],[120.50764,23.63024],[120.50645,23.62586],[120.51024,23.61935],[120.53731,23.59458],[120.55633,23.59292],[120.55814,23.58906],[120.57071,23.58804],[120.5814,23.58213],[120.58974,23.58572],[120.61019,23.58262],[120.61546,23.58532],[120.619,23.58417],[120.62474,23.59054],[120.64745,23.59322],[120.64912,23.59247],[120.64708,23.58748],[120.64917,23.58331],[120.64346,23.57572],[120.64734,23.57665],[120.65082,23.57243],[120.6567,23.57241],[120.66068,23.5763],[120.66996,23.57879],[120.67624,23.57071],[120.69369,23.57651],[120.7089,23.57571],[120.71005,23.57119],[120.71794,23.56904],[120.7245,23.5719],[120.73616,23.57046],[120.73517,23.57503],[120.73216,23.57713],[120.73399,23.58421],[120.7299,23.59364],[120.73271,23.59717],[120.72455,23.60377],[120.73,23.61059],[120.73772,23.60968],[120.74439,23.61267],[120.74748,23.61117],[120.75199,23.61473],[120.76428,23.61224],[120.77022,23.60596],[120.78313,23.60074],[120.79087,23.60095],[120.79492,23.59725],[120.80333,23.59665],[120.81371,23.60095],[120.81724,23.59978],[120.81988,23.59044],[120.82553,23.58637],[120.81991,23.57768],[120.8219,23.57091],[120.82063,23.5624],[120.81415,23.55624],[120.81586,23.55311],[120.81149,23.55106],[120.80883,23.54586],[120.80864,23.53597],[120.82035,23.52148],[120.81956,23.51558],[120.82304,23.51136],[120.82407,23.50528],[120.82285,23.49867],[120.82707,23.48338],[120.83264,23.47473],[120.83897,23.47122],[120.84209,23.47326],[120.8632,23.47355],[120.88003,23.46762],[120.88671,23.47556],[120.91021,23.47623],[120.92092,23.47493],[120.93096,23.47066],[120.93757,23.47305],[120.94752,23.46712],[120.95739,23.46896],[120.94844,23.46417],[120.93664,23.46378],[120.93475,23.45844],[120.92848,23.45549],[120.92144,23.4591],[120.91616,23.45889],[120.9094,23.45754],[120.90567,23.45318],[120.90052,23.45409],[120.89624,23.45042],[120.89515,23.44592],[120.89177,23.44661],[120.88676,23.43486],[120.88382,23.43626],[120.88162,23.43301],[120.87536,23.43277],[120.86452,23.42394],[120.8591,23.42512],[120.85708,23.42197],[120.85397,23.42319],[120.84978,23.42036],[120.84931,23.41201],[120.83841,23.39825],[120.84101,23.39492],[120.83687,23.39339],[120.83463,23.38668],[120.83097,23.3866],[120.82911,23.3758],[120.82542,23.37171],[120.81628,23.37148],[120.80852,23.36839],[120.80429,23.37066],[120.80469,23.36721],[120.80064,23.36065],[120.7979,23.36032],[120.79624,23.35686],[120.79198,23.35725],[120.79181,23.35347],[120.78845,23.35282],[120.78758,23.34614],[120.78321,23.34221],[120.76846,23.34388],[120.76443,23.34167],[120.75807,23.34427],[120.75708,23.33856],[120.75883,23.33645],[120.75238,23.33103],[120.75287,23.32704],[120.74786,23.32191],[120.74105,23.32108],[120.73943,23.31684],[120.73231,23.31386],[120.73063,23.30561],[120.71217,23.3087],[120.70677,23.30473],[120.70283,23.29757],[120.70342,23.28909],[120.69954,23.28443],[120.67735,23.28785],[120.66731,23.29403],[120.65843,23.29597],[120.652,23.29117],[120.64702,23.29744],[120.64374,23.2961],[120.64186,23.28748],[120.64405,23.28223],[120.64191,23.27854],[120.64315,23.27598],[120.63828,23.26918],[120.64069,23.26652],[120.64208,23.25681],[120.64923,23.24691],[120.64789,23.24463],[120.65131,23.23582],[120.64948,23.22864],[120.65344,23.22454],[120.65188,23.22404],[120.64691,23.22713],[120.64417,23.22532],[120.62838,23.22945],[120.61676,23.22355],[120.60982,23.22264],[120.59724,23.22904],[120.59579,23.23673],[120.59249,23.23986],[120.58661,23.22417],[120.57968,23.21899],[120.57826,23.21478],[120.56529,23.22098],[120.56137,23.21742],[120.55498,23.21747],[120.54151,23.22783],[120.53196,23.22967],[120.52968,23.23255],[120.52574,23.23153],[120.51904,23.23926],[120.52791,23.24536],[120.53229,23.25505],[120.52609,23.26649],[120.52042,23.27178],[120.52232,23.27429],[120.52186,23.28809],[120.52628,23.29534],[120.52255,23.31176],[120.53085,23.31711],[120.53195,23.32115],[120.53999,23.32787],[120.53372,23.33647],[120.52693,23.33939],[120.52474,23.3382],[120.51558,23.34374],[120.50786,23.343],[120.50509,23.34482],[120.50472,23.35468],[120.50809,23.35276],[120.51246,23.3563],[120.51053,23.36436],[120.50483,23.3689],[120.49947,23.36804],[120.48872,23.37307],[120.48393,23.36957],[120.4844,23.37948],[120.49681,23.38425],[120.49903,23.3874],[120.49494,23.39436],[120.49032,23.39563],[120.48916,23.39245],[120.48554,23.39306],[120.47941,23.38759],[120.47538,23.391],[120.4734,23.39807],[120.43999,23.41373],[120.43224,23.41082],[120.43031,23.40649],[120.42195,23.40705],[120.42006,23.40347],[120.4163,23.41042],[120.41049,23.41017],[120.4081,23.41343],[120.40417,23.41005],[120.38424,23.40409],[120.34901,23.40122],[120.3431,23.39829],[120.33386,23.3861],[120.32349,23.38362],[120.31477,23.38846],[120.311,23.38557],[120.31094,23.37544],[120.29273,23.37532],[120.28589,23.36722],[120.28367,23.36],[120.2862,23.35028],[120.27773,23.34772],[120.27331,23.35273],[120.26603,23.35258],[120.2607,23.34447],[120.26749,23.34476],[120.26704,23.34063],[120.25639,23.33107],[120.24586,23.32685],[120.23759,23.32665],[120.22263,23.29832],[120.21238,23.2917],[120.20427,23.2919],[120.1884,23.30124],[120.18578,23.29661],[120.18904,23.29022],[120.17867,23.29173],[120.16833,23.30701],[120.14966,23.31325],[120.14708,23.32107],[120.11806,23.34017],[120.13089,23.37045],[120.13165,23.38478],[120.14807,23.38553],[120.15205,23.3886],[120.15591,23.38471],[120.15645,23.37978],[120.15797,23.37981],[120.15818,23.38479],[120.154,23.38812],[120.15778,23.38579],[120.15926,23.38769],[120.15568,23.39008],[120.15497,23.38919],[120.15364,23.38896],[120.1555,23.39094],[120.16072,23.38879],[120.1637,23.39304],[120.16167,23.39466],[120.15997,23.40613],[120.15414,23.40427],[120.15383,23.39916],[120.15163,23.39853],[120.1494,23.40615],[120.1482,23.41486],[120.15126,23.41829],[120.14953,23.42303],[120.15599,23.4273],[120.15361,23.4284],[120.149,23.42553],[120.15046,23.42772],[120.1455,23.4286],[120.14689,23.43837],[120.1556,23.44827],[120.15096,23.44898],[120.15224,23.45485],[120.13868,23.44894],[120.13876,23.45267],[120.13539,23.45113],[120.13818,23.44904],[120.13539,23.44771],[120.13325,23.45159],[120.13904,23.45805],[120.14481,23.45983],[120.14694,23.46518],[120.14556,23.46424],[120.14431,23.46805],[120.14486,23.47341],[120.14901,23.47476],[120.14904,23.47814],[120.15578,23.48407],[120.15522,23.49108],[120.16966,23.49051],[120.16968,23.49219],[120.15785,23.49504],[120.13356,23.48816],[120.12466,23.48873],[120.11934,23.49625],[120.11894,23.51566],[120.12152,23.5195],[120.14245,23.51744],[120.14638,23.52076],[120.15813,23.51593],[120.16658,23.51723],[120.18097,23.50985],[120.19853,23.51304],[120.22304,23.50432],[120.23707,23.50695],[120.24707,23.51527],[120.24191,23.53949],[120.24335,23.54361],[120.25609,23.54609],[120.26344,23.53353],[120.26842,23.53028],[120.27191,23.53075],[120.27635,23.54347],[120.29076,23.55054],[120.29036,23.56257],[120.29535,23.56459],[120.30654,23.56287],[120.31054,23.56445],[120.30647,23.57207],[120.30743,23.57466],[120.31961,23.57238],[120.327,23.57417],[120.33311,23.5792],[120.33443,23.59268],[120.34331,23.59192],[120.35905,23.59505],[120.3657,23.60248],[120.3665,23.60781],[120.3799,23.60997],[120.38337,23.61291],[120.38605,23.6207],[120.40264,23.62694],[120.40146,23.6329],[120.40591,23.63362],[120.40662,23.62519],[120.41579,23.62138],[120.4207,23.62517],[120.42202,23.61927],[120.42537,23.61801],[120.43034,23.61847],[120.43362,23.62287],[120.43703,23.62191],[120.43529,23.62552],[120.44112,23.62598],[120.4445,23.63054],[120.45303,23.63069],[120.45104,23.62713],[120.45427,23.62631],[120.46613,23.63027],[120.47702,23.62954],[120.47925,23.63295],[120.48786,23.63071],[120.48872,23.6359],[120.49297,23.63317]],[[120.45711,23.51568],[120.44062,23.5183],[120.44214,23.51332],[120.44061,23.51194],[120.43361,23.51717],[120.43335,23.50903],[120.41675,23.50536],[120.41198,23.49902],[120.40838,23.49853],[120.4088,23.50657],[120.401,23.50187],[120.4002,23.49876],[120.39447,23.50081],[120.38934,23.49865],[120.38978,23.49135],[120.39472,23.49075],[120.39343,23.48238],[120.39906,23.47842],[120.39927,23.47107],[120.39427,23.46647],[120.39417,23.46252],[120.41127,23.46479],[120.41516,23.46028],[120.42929,23.46104],[120.4302,23.45218],[120.43803,23.44653],[120.43586,23.44359],[120.43957,23.43956],[120.45246,23.4445],[120.45471,23.45032],[120.46452,23.45561],[120.46455,23.4583],[120.46873,23.46162],[120.4768,23.46199],[120.48961,23.45225],[120.49523,23.4529],[120.50066,23.46097],[120.49971,23.46539],[120.50934,23.47267],[120.50407,23.48098],[120.50182,23.48093],[120.50373,23.485],[120.50125,23.48991],[120.48739,23.49215],[120.48376,23.49609],[120.48315,23.50536],[120.4735,23.50685],[120.46972,23.49977],[120.46412,23.49923],[120.4563,23.51177],[120.45711,23.51568]]]]}},{"type":"Feature","properties":{"id":"TW-HSQ","zh":"新竹縣","en":"Hsinchu County","labelLng":121.1484,"labelLat":24.68864},"geometry":{"type":"Polygon","coordinates":[[[121.03813,24.94638],[121.04054,24.94327],[121.04628,24.94355],[121.05009,24.93871],[121.05833,24.93684],[121.05756,24.93045],[121.06095,24.92356],[121.05829,24.90522],[121.06909,24.90278],[121.0711,24.89948],[121.08344,24.89885],[121.09127,24.89336],[121.10907,24.89774],[121.11102,24.89122],[121.10777,24.88607],[121.11633,24.88168],[121.12814,24.88095],[121.13558,24.87799],[121.13909,24.88244],[121.14465,24.88021],[121.15566,24.88071],[121.16138,24.85947],[121.1565,24.85591],[121.15705,24.85244],[121.15003,24.84429],[121.15441,24.84406],[121.1601,24.83737],[121.17618,24.83213],[121.17366,24.82771],[121.1859,24.82382],[121.19877,24.81496],[121.20079,24.81782],[121.20331,24.81732],[121.20586,24.81265],[121.2029,24.81031],[121.20466,24.80725],[121.20804,24.80716],[121.21489,24.81197],[121.21958,24.81179],[121.2216,24.79938],[121.23824,24.80466],[121.24343,24.80869],[121.24743,24.80349],[121.24772,24.79672],[121.26031,24.79322],[121.26117,24.78996],[121.25848,24.78587],[121.26,24.78196],[121.27059,24.77835],[121.27129,24.77482],[121.27716,24.77101],[121.28555,24.77008],[121.29245,24.76773],[121.29418,24.76387],[121.30154,24.76301],[121.30771,24.75498],[121.29822,24.73224],[121.30539,24.726],[121.30761,24.71991],[121.29983,24.69496],[121.3039,24.69292],[121.31718,24.69814],[121.32416,24.69497],[121.33857,24.67996],[121.3392,24.66656],[121.34366,24.6694],[121.34547,24.66644],[121.35351,24.6678],[121.35239,24.64354],[121.35592,24.64105],[121.35781,24.63371],[121.36641,24.63179],[121.36305,24.62067],[121.35881,24.61718],[121.36417,24.60677],[121.36332,24.60313],[121.37182,24.59701],[121.37278,24.59375],[121.3872,24.58656],[121.40304,24.59171],[121.41021,24.57939],[121.41225,24.57323],[121.40358,24.56871],[121.40125,24.56201],[121.39467,24.55558],[121.39876,24.5482],[121.39674,24.53982],[121.40141,24.52886],[121.39771,24.52481],[121.39061,24.52303],[121.38853,24.5178],[121.38511,24.51682],[121.38356,24.51022],[121.37335,24.5099],[121.37125,24.49836],[121.36384,24.49496],[121.35774,24.48661],[121.34283,24.48226],[121.34007,24.47485],[121.33563,24.47204],[121.33599,24.46737],[121.33087,24.46521],[121.32433,24.45762],[121.31746,24.44121],[121.3057,24.43265],[121.27152,24.42975],[121.2699,24.42738],[121.26003,24.42916],[121.25893,24.44072],[121.26165,24.44422],[121.26061,24.45141],[121.26263,24.45525],[121.25803,24.45746],[121.25796,24.46335],[121.24931,24.46587],[121.24442,24.46994],[121.24329,24.47729],[121.23471,24.48366],[121.23443,24.48802],[121.22992,24.48891],[121.22878,24.49241],[121.21867,24.49826],[121.22364,24.50631],[121.21747,24.50965],[121.21581,24.51552],[121.20973,24.51153],[121.20052,24.51146],[121.19542,24.50708],[121.18671,24.50536],[121.17941,24.50798],[121.16913,24.50259],[121.15502,24.5068],[121.15058,24.50609],[121.14502,24.51192],[121.13699,24.50665],[121.12965,24.5067],[121.12332,24.51023],[121.11696,24.50839],[121.10893,24.50097],[121.09807,24.49642],[121.08555,24.50131],[121.07188,24.49838],[121.07211,24.50337],[121.0681,24.507],[121.06692,24.52255],[121.0783,24.5289],[121.08054,24.54096],[121.07346,24.54942],[121.0582,24.55791],[121.05842,24.56064],[121.06273,24.55746],[121.07059,24.56336],[121.07525,24.58067],[121.0795,24.5881],[121.08303,24.58976],[121.08127,24.60057],[121.07543,24.60424],[121.07514,24.61199],[121.06808,24.61487],[121.06233,24.62183],[121.05153,24.61516],[121.04338,24.62715],[121.0259,24.63591],[121.02543,24.64121],[121.01438,24.64085],[121.0082,24.64432],[121.01027,24.65621],[120.99723,24.65462],[120.99508,24.6593],[120.99063,24.66039],[120.99064,24.66479],[120.98677,24.66377],[120.98175,24.67178],[120.97699,24.67368],[120.97556,24.68457],[120.97269,24.68586],[120.9644,24.68362],[120.96674,24.68611],[120.96637,24.69117],[120.97399,24.69694],[120.97218,24.70336],[120.97665,24.70626],[120.97503,24.71101],[120.97164,24.71246],[120.96612,24.70964],[120.96337,24.71148],[120.9534,24.70404],[120.94979,24.7112],[120.94221,24.70731],[120.93542,24.71252],[120.93862,24.71661],[120.938,24.72942],[120.94181,24.72856],[120.93985,24.73275],[120.94397,24.74405],[120.95398,24.74341],[120.95761,24.74535],[120.95747,24.74964],[120.9674,24.75647],[120.96983,24.76516],[120.97941,24.76329],[120.98196,24.76743],[120.98837,24.76807],[120.98583,24.77691],[120.99028,24.77689],[120.99315,24.7806],[121.0097,24.77379],[121.01824,24.76395],[121.02058,24.75661],[121.02777,24.75806],[121.03344,24.76343],[121.02989,24.76647],[121.03037,24.77204],[121.02815,24.77317],[121.02969,24.77701],[121.02495,24.77999],[121.02752,24.78271],[121.02305,24.7851],[121.02458,24.78907],[121.02061,24.7941],[121.02314,24.79605],[121.0206,24.79881],[121.02574,24.79908],[121.00827,24.81622],[121.00038,24.82206],[120.9879,24.82542],[120.98308,24.83093],[120.97464,24.82996],[120.95528,24.83436],[120.94481,24.84107],[120.94044,24.84996],[120.92522,24.85481],[120.92781,24.85954],[120.93351,24.86166],[120.94259,24.87153],[120.96903,24.92737],[120.98107,24.93935],[120.98738,24.93905],[120.9924,24.93503],[120.99419,24.93914],[121.00292,24.94002],[121.00706,24.94622],[121.01936,24.94042],[121.02579,24.94048],[121.02884,24.94515],[121.03813,24.94638]]]}},{"type":"Feature","properties":{"id":"TW-HSZ","zh":"新竹市","en":"Hsinchu City","labelLng":120.95912,"labelLat":24.78391},"geometry":{"type":"Polygon","coordinates":[[[120.92532,24.85478],[120.94044,24.84996],[120.94481,24.84107],[120.95528,24.83436],[120.97464,24.82996],[120.98308,24.83093],[120.9879,24.82542],[121.00038,24.82206],[121.00827,24.81622],[121.02574,24.79908],[121.0206,24.79881],[121.02314,24.79605],[121.02061,24.7941],[121.02458,24.78907],[121.02305,24.7851],[121.02752,24.78271],[121.02495,24.77999],[121.02969,24.77701],[121.02815,24.77317],[121.03037,24.77204],[121.02989,24.76647],[121.03354,24.76389],[121.02777,24.75806],[121.02058,24.75661],[121.01824,24.76395],[121.0097,24.77379],[120.99315,24.7806],[120.99028,24.77689],[120.98583,24.77691],[120.98837,24.76807],[120.98196,24.76743],[120.97941,24.76329],[120.96983,24.76516],[120.9674,24.75647],[120.95747,24.74964],[120.95761,24.74535],[120.95398,24.74341],[120.94397,24.74405],[120.93985,24.73275],[120.94181,24.72856],[120.938,24.72942],[120.93862,24.71661],[120.93542,24.7126],[120.93023,24.71664],[120.92364,24.71455],[120.91366,24.71734],[120.91627,24.72153],[120.9078,24.74107],[120.89743,24.73347],[120.89103,24.73178],[120.88356,24.73453],[120.88103,24.73329],[120.87453,24.73832],[120.89777,24.76468],[120.89675,24.76807],[120.89514,24.76558],[120.89274,24.76932],[120.89136,24.77478],[120.8932,24.78078],[120.89226,24.79302],[120.90178,24.82206],[120.91575,24.84113],[120.91675,24.84875],[120.91296,24.85408],[120.92532,24.85478]]]}},{"type":"Feature","properties":{"id":"TW-HUA","zh":"花蓮縣","en":"Hualien County","labelLng":121.39646,"labelLat":23.73724},"geometry":{"type":"Polygon","coordinates":[[[121.63127,24.37049],[121.63061,24.36642],[121.63499,24.36634],[121.63502,24.36372],[121.64875,24.34951],[121.65071,24.35093],[121.64784,24.35773],[121.65067,24.35986],[121.65351,24.35219],[121.65664,24.35326],[121.66,24.35116],[121.66312,24.35289],[121.6691,24.3431],[121.67397,24.3434],[121.67483,24.33778],[121.68557,24.34074],[121.68846,24.33362],[121.69497,24.33486],[121.71353,24.32689],[121.74473,24.32286],[121.75939,24.31411],[121.77084,24.31315],[121.77406,24.31528],[121.773,24.30877],[121.76953,24.3027],[121.75057,24.28442],[121.74306,24.25964],[121.72829,24.24571],[121.71558,24.24168],[121.70613,24.22561],[121.67394,24.20756],[121.66331,24.19414],[121.65847,24.17188],[121.66421,24.15544],[121.66375,24.13452],[121.65373,24.12],[121.63172,24.106],[121.61912,24.08959],[121.61566,24.07026],[121.61919,24.05223],[121.62988,24.03113],[121.64366,24.01939],[121.64791,24.00894],[121.62828,23.96947],[121.62219,23.97787],[121.61584,23.9732],[121.60782,23.9599],[121.60691,23.95277],[121.60981,23.94809],[121.61187,23.93333],[121.60602,23.91591],[121.60497,23.89366],[121.59824,23.85702],[121.5834,23.81983],[121.57653,23.8109],[121.57285,23.80042],[121.57081,23.78238],[121.57245,23.75661],[121.5602,23.72953],[121.55224,23.72274],[121.54989,23.71655],[121.54986,23.70295],[121.55336,23.69834],[121.54588,23.67503],[121.54536,23.66457],[121.541,23.66052],[121.5434,23.65333],[121.53659,23.64719],[121.53123,23.62647],[121.53007,23.59716],[121.52629,23.57638],[121.51134,23.55148],[121.50697,23.53465],[121.50803,23.5315],[121.50537,23.5294],[121.50347,23.52018],[121.50772,23.49123],[121.51245,23.49179],[121.51395,23.48715],[121.49983,23.45615],[121.4961,23.43482],[121.4905,23.43525],[121.48247,23.43016],[121.47331,23.44062],[121.46344,23.43886],[121.46159,23.44153],[121.4471,23.44379],[121.44064,23.43367],[121.4334,23.43286],[121.42022,23.42058],[121.41249,23.40235],[121.39992,23.3856],[121.40437,23.36735],[121.42288,23.35999],[121.42253,23.35569],[121.41668,23.34931],[121.40971,23.34589],[121.40208,23.33389],[121.39994,23.32318],[121.39025,23.32062],[121.38785,23.31063],[121.37786,23.30093],[121.37628,23.29565],[121.37792,23.26961],[121.37234,23.26782],[121.37056,23.26221],[121.3594,23.25268],[121.3609,23.24435],[121.3526,23.2313],[121.35716,23.22371],[121.34646,23.21709],[121.34692,23.20927],[121.33493,23.17793],[121.32974,23.18036],[121.3233,23.17873],[121.32186,23.16939],[121.31852,23.16807],[121.31741,23.16457],[121.32203,23.15534],[121.3272,23.15219],[121.32037,23.13792],[121.32197,23.11716],[121.31581,23.10974],[121.30523,23.11128],[121.29142,23.10936],[121.27255,23.09779],[121.27074,23.10118],[121.26432,23.10392],[121.26727,23.11409],[121.25957,23.12101],[121.2576,23.12611],[121.24921,23.13152],[121.24521,23.1284],[121.23846,23.12873],[121.23093,23.13925],[121.21195,23.14423],[121.21064,23.14806],[121.21249,23.15493],[121.19917,23.17509],[121.19825,23.18844],[121.1895,23.20372],[121.17563,23.21019],[121.16091,23.20596],[121.1547,23.19915],[121.14735,23.19901],[121.13936,23.20191],[121.1294,23.2233],[121.1234,23.22508],[121.10609,23.22395],[121.09311,23.23373],[121.0784,23.23341],[121.07845,23.23758],[121.07102,23.24685],[121.06923,23.25517],[121.06586,23.25755],[121.06242,23.26584],[121.06072,23.27303],[121.06207,23.27941],[121.05631,23.2903],[121.04307,23.29631],[121.0389,23.30065],[121.02832,23.29712],[121.03207,23.30379],[121.04628,23.30868],[121.04878,23.32531],[121.027,23.33762],[121.02005,23.35038],[121.01519,23.34634],[121.0104,23.34581],[121.00757,23.35203],[121.00248,23.35525],[120.9871,23.35873],[120.98778,23.37006],[120.99987,23.38221],[121.00772,23.38467],[121.00113,23.39175],[121.00321,23.39479],[121.01464,23.39658],[121.01924,23.40152],[121.02175,23.39997],[121.02835,23.40376],[121.02708,23.41278],[121.02491,23.4146],[121.02774,23.41625],[121.02934,23.42263],[121.02253,23.4249],[121.02094,23.42951],[121.01416,23.43093],[121.01293,23.43324],[121.02203,23.439],[121.02652,23.43915],[121.03365,23.44551],[121.04646,23.45087],[121.05182,23.4508],[121.05453,23.45738],[121.05835,23.46027],[121.05893,23.46194],[121.05131,23.46431],[121.04965,23.46783],[121.0389,23.47408],[121.05361,23.48783],[121.0541,23.4956],[121.06217,23.49954],[121.06614,23.50631],[121.06846,23.51845],[121.08811,23.51405],[121.09185,23.51452],[121.09736,23.52165],[121.10367,23.51893],[121.1177,23.52164],[121.13526,23.51496],[121.1444,23.5256],[121.1511,23.52705],[121.14688,23.53411],[121.15106,23.54517],[121.14612,23.55437],[121.15188,23.56047],[121.15714,23.55956],[121.16034,23.56783],[121.16035,23.56976],[121.15215,23.57316],[121.15339,23.58678],[121.16675,23.58714],[121.17804,23.58264],[121.17973,23.59003],[121.18941,23.59481],[121.19417,23.6006],[121.20013,23.5964],[121.20658,23.59587],[121.21341,23.60037],[121.21732,23.6147],[121.2238,23.62358],[121.22412,23.63885],[121.23584,23.66252],[121.23596,23.67077],[121.2324,23.67704],[121.23943,23.68697],[121.24121,23.69846],[121.23935,23.69978],[121.24121,23.70873],[121.23779,23.72007],[121.23946,23.72415],[121.23577,23.72464],[121.23311,23.73013],[121.22964,23.73019],[121.22881,23.74428],[121.23332,23.7482],[121.23252,23.7506],[121.2214,23.75275],[121.21864,23.75638],[121.20648,23.76264],[121.20867,23.76584],[121.20465,23.7724],[121.22629,23.78367],[121.2304,23.78797],[121.22662,23.79244],[121.22605,23.80228],[121.22754,23.80854],[121.23446,23.812],[121.23477,23.81794],[121.23913,23.82186],[121.23668,23.82521],[121.23942,23.84042],[121.24892,23.85213],[121.25318,23.86808],[121.25815,23.87251],[121.26525,23.8729],[121.26293,23.8795],[121.26845,23.88375],[121.26551,23.89124],[121.26653,23.89841],[121.26244,23.89908],[121.26106,23.9026],[121.26627,23.90726],[121.27445,23.90732],[121.27608,23.90986],[121.27651,23.92316],[121.27206,23.93834],[121.27433,23.94564],[121.27175,23.9485],[121.2747,23.95144],[121.27795,23.96558],[121.27357,23.97525],[121.26423,23.97598],[121.26004,23.99208],[121.27005,24.00671],[121.27661,24.02461],[121.28566,24.03953],[121.28321,24.05427],[121.29554,24.06378],[121.29989,24.06217],[121.30819,24.07331],[121.32313,24.08494],[121.31895,24.09501],[121.32565,24.10246],[121.32849,24.11441],[121.31566,24.11649],[121.29586,24.13244],[121.28137,24.13587],[121.28468,24.15229],[121.28103,24.15449],[121.28033,24.15786],[121.28839,24.15809],[121.2862,24.17736],[121.30708,24.18033],[121.31578,24.18517],[121.32561,24.19613],[121.34943,24.19978],[121.34937,24.21044],[121.34301,24.22355],[121.35233,24.23463],[121.35252,24.24376],[121.36066,24.24394],[121.36702,24.25217],[121.38505,24.25499],[121.38565,24.26416],[121.38054,24.27976],[121.39083,24.28974],[121.39658,24.28874],[121.40345,24.29688],[121.4051,24.30825],[121.42201,24.30754],[121.42849,24.31736],[121.4346,24.32178],[121.43247,24.32987],[121.4343,24.33827],[121.43777,24.34222],[121.43562,24.34758],[121.44157,24.35859],[121.44726,24.35955],[121.44976,24.36349],[121.45201,24.36468],[121.46539,24.35531],[121.47887,24.35188],[121.49811,24.33924],[121.50438,24.34294],[121.51356,24.34082],[121.52215,24.34302],[121.53326,24.33706],[121.54053,24.33591],[121.54498,24.33777],[121.55607,24.33116],[121.55948,24.32316],[121.56637,24.31919],[121.57585,24.31967],[121.58948,24.31381],[121.59718,24.3163],[121.60574,24.30943],[121.60522,24.31729],[121.60109,24.32058],[121.59574,24.33163],[121.59922,24.33353],[121.60446,24.32901],[121.60791,24.33542],[121.61753,24.33365],[121.61865,24.33575],[121.61613,24.33814],[121.61921,24.34549],[121.62278,24.33948],[121.62747,24.34112],[121.62668,24.33563],[121.62863,24.3337],[121.6328,24.33475],[121.63136,24.34399],[121.63529,24.34482],[121.63551,24.34762],[121.62684,24.34953],[121.62676,24.35433],[121.62119,24.35812],[121.62356,24.36234],[121.62037,24.36321],[121.62187,24.36676],[121.63127,24.37049]]]}},{"type":"Feature","properties":{"id":"TW-ILA","zh":"宜蘭縣","en":"Yilan County","labelLng":121.64667,"labelLat":24.64705},"geometry":{"type":"MultiPolygon","coordinates":[[[[121.95718,24.85026],[121.96494,24.84049],[121.96293,24.83593],[121.94801,24.83534],[121.941,24.83781],[121.93425,24.84557],[121.93518,24.84716],[121.94333,24.84461],[121.94947,24.85177],[121.95718,24.85026]]],[[[121.96059,24.98822],[121.96599,24.98303],[121.9583,24.98263],[121.94427,24.97683],[121.94182,24.97339],[121.93622,24.97386],[121.92558,24.96856],[121.92019,24.9552],[121.90535,24.9466],[121.90466,24.93982],[121.89528,24.94073],[121.8891,24.93695],[121.88503,24.91793],[121.87178,24.90365],[121.86737,24.90299],[121.86047,24.89446],[121.85135,24.89012],[121.82713,24.84236],[121.81901,24.79749],[121.81841,24.76492],[121.82587,24.73301],[121.83277,24.7199],[121.8395,24.71586],[121.83636,24.70467],[121.84056,24.65988],[121.85124,24.62991],[121.85875,24.6167],[121.86612,24.60993],[121.88513,24.60372],[121.88365,24.60139],[121.88603,24.59982],[121.87345,24.59662],[121.87923,24.59104],[121.87224,24.58406],[121.87978,24.57967],[121.87569,24.57901],[121.87552,24.57717],[121.87207,24.57819],[121.86948,24.5745],[121.8712,24.55238],[121.8741,24.5455],[121.87256,24.5311],[121.86856,24.52766],[121.84253,24.52081],[121.83877,24.51162],[121.8397,24.49864],[121.85072,24.49535],[121.85092,24.48458],[121.86021,24.48365],[121.86212,24.4804],[121.85968,24.47856],[121.85544,24.48059],[121.84857,24.47901],[121.84122,24.47559],[121.83265,24.46743],[121.82119,24.46236],[121.81993,24.45949],[121.8218,24.45565],[121.81654,24.44675],[121.80185,24.43434],[121.79114,24.40824],[121.78702,24.3725],[121.77163,24.33757],[121.77395,24.31961],[121.77272,24.31364],[121.75939,24.31411],[121.74473,24.32286],[121.71353,24.32689],[121.69571,24.33471],[121.68846,24.33362],[121.68557,24.34074],[121.67483,24.33778],[121.67397,24.3434],[121.6691,24.3431],[121.66312,24.35289],[121.66,24.35116],[121.65664,24.35326],[121.65351,24.35219],[121.65067,24.35986],[121.64784,24.35773],[121.65071,24.35093],[121.64875,24.34951],[121.63502,24.36372],[121.63499,24.36634],[121.63061,24.36642],[121.63094,24.37055],[121.62187,24.36676],[121.62037,24.36321],[121.62356,24.36234],[121.62119,24.35812],[121.62676,24.35433],[121.62684,24.34953],[121.63551,24.34762],[121.63529,24.34482],[121.63136,24.34399],[121.6328,24.33475],[121.62863,24.3337],[121.62668,24.33563],[121.62747,24.34112],[121.62278,24.33948],[121.61921,24.34549],[121.61613,24.33814],[121.61865,24.33575],[121.61753,24.33365],[121.60791,24.33542],[121.60446,24.32901],[121.59922,24.33353],[121.59574,24.33163],[121.60109,24.32058],[121.60522,24.31729],[121.60574,24.30943],[121.59718,24.3163],[121.58948,24.31381],[121.57585,24.31967],[121.56637,24.31919],[121.55948,24.32316],[121.55607,24.33116],[121.54498,24.33777],[121.54053,24.33591],[121.53326,24.33706],[121.52215,24.34302],[121.51356,24.34082],[121.5073,24.34326],[121.49939,24.33937],[121.4954,24.34029],[121.48536,24.34846],[121.46539,24.35531],[121.45201,24.36468],[121.44797,24.37483],[121.44255,24.37313],[121.43778,24.38288],[121.42936,24.38306],[121.4079,24.37755],[121.40088,24.37968],[121.38996,24.37515],[121.38762,24.36969],[121.38076,24.36691],[121.37373,24.36805],[121.36943,24.37226],[121.3671,24.37893],[121.3698,24.38259],[121.36488,24.38908],[121.35469,24.39327],[121.34296,24.39284],[121.33913,24.3896],[121.33233,24.39794],[121.32759,24.39846],[121.32499,24.40691],[121.32743,24.41302],[121.32825,24.43345],[121.32167,24.44037],[121.31766,24.44149],[121.32379,24.45672],[121.33087,24.46521],[121.33599,24.46737],[121.33563,24.47204],[121.34007,24.47485],[121.34283,24.48226],[121.35774,24.48661],[121.36384,24.49496],[121.37125,24.49836],[121.37335,24.5099],[121.38356,24.51022],[121.38511,24.51682],[121.38853,24.5178],[121.39061,24.52303],[121.39771,24.52481],[121.40149,24.52899],[121.39674,24.53982],[121.39876,24.5482],[121.39475,24.55591],[121.40125,24.56201],[121.40358,24.56871],[121.41232,24.5735],[121.40308,24.59187],[121.41277,24.60365],[121.41828,24.60104],[121.42768,24.60585],[121.43565,24.62133],[121.43608,24.6274],[121.44054,24.6351],[121.44501,24.6373],[121.44507,24.64318],[121.45133,24.65092],[121.44761,24.65617],[121.44924,24.66165],[121.45382,24.66432],[121.45949,24.67316],[121.4692,24.67183],[121.48734,24.67521],[121.49347,24.67338],[121.51173,24.68436],[121.52379,24.6833],[121.52787,24.68897],[121.53686,24.6885],[121.53786,24.69985],[121.5434,24.70574],[121.55061,24.70574],[121.55637,24.71122],[121.56777,24.71157],[121.57037,24.71397],[121.57481,24.71011],[121.57805,24.72217],[121.58737,24.72019],[121.59792,24.7288],[121.59376,24.72954],[121.5953,24.73963],[121.59166,24.74492],[121.59612,24.7483],[121.59032,24.75125],[121.58897,24.75515],[121.59758,24.77217],[121.59197,24.78766],[121.60564,24.78913],[121.60963,24.79377],[121.62095,24.79251],[121.62546,24.79506],[121.62582,24.80878],[121.63879,24.81073],[121.64503,24.80929],[121.64737,24.81395],[121.66068,24.81083],[121.66904,24.81801],[121.67427,24.81413],[121.68123,24.81762],[121.6883,24.81613],[121.69011,24.8215],[121.68764,24.82491],[121.69616,24.8299],[121.6964,24.83462],[121.70186,24.8344],[121.70891,24.84055],[121.71426,24.84179],[121.73041,24.85525],[121.74577,24.85286],[121.76098,24.8567],[121.76156,24.86016],[121.76437,24.85989],[121.76848,24.86579],[121.77542,24.86509],[121.77732,24.87077],[121.7852,24.87419],[121.78223,24.87919],[121.78168,24.88947],[121.79293,24.89616],[121.79191,24.89981],[121.80462,24.90119],[121.81047,24.90363],[121.81163,24.90652],[121.81837,24.90271],[121.83181,24.90491],[121.8537,24.92522],[121.84673,24.93772],[121.84243,24.93936],[121.83904,24.94464],[121.8414,24.95427],[121.84685,24.96027],[121.85256,24.95961],[121.8609,24.96366],[121.87154,24.96072],[121.88252,24.96417],[121.88856,24.96318],[121.8972,24.96707],[121.90282,24.97438],[121.91032,24.97478],[121.91481,24.97933],[121.93349,24.9809],[121.94463,24.98818],[121.94789,24.98667],[121.96059,24.98822]]],[[[123.55595,25.72115],[123.55575,25.72112],[123.55582,25.72135],[123.55595,25.72115]]],[[[123.55671,25.72147],[123.55636,25.72116],[123.55652,25.72157],[123.55671,25.72147]]],[[[123.55672,25.72183],[123.55653,25.72171],[123.55663,25.72188],[123.55672,25.72183]]],[[[123.55644,25.72224],[123.55633,25.72198],[123.55632,25.72221],[123.55644,25.72224]]],[[[123.55643,25.72242],[123.5563,25.72234],[123.55629,25.72244],[123.55643,25.72242]]],[[[123.54336,25.72256],[123.54333,25.72252],[123.54333,25.72255],[123.54336,25.72256]]],[[[123.54333,25.72269],[123.54335,25.72263],[123.5433,25.72265],[123.54333,25.72269]]],[[[123.54299,25.72289],[123.54291,25.72277],[123.54289,25.72281],[123.54299,25.72289]]],[[[123.54309,25.72289],[123.54335,25.72303],[123.54338,25.72276],[123.54309,25.72289]]],[[[123.54472,25.72313],[123.54467,25.72316],[123.54474,25.72314],[123.54472,25.72313]]],[[[123.54478,25.72408],[123.54468,25.72407],[123.54479,25.72411],[123.54478,25.72408]]],[[[123.54408,25.72431],[123.54459,25.7243],[123.54417,25.72384],[123.54408,25.72431]]],[[[123.54456,25.72446],[123.54445,25.72434],[123.54448,25.72445],[123.54456,25.72446]]],[[[123.55019,25.72581],[123.5544,25.72387],[123.55566,25.72087],[123.54496,25.72236],[123.54531,25.7246],[123.55019,25.72581]]],[[[123.54522,25.72787],[123.54492,25.72786],[123.54526,25.728],[123.54522,25.72787]]],[[[123.54501,25.72939],[123.54484,25.72929],[123.54497,25.72944],[123.54501,25.72939]]],[[[123.54134,25.73439],[123.54365,25.72952],[123.54562,25.72873],[123.54241,25.72526],[123.53761,25.73181],[123.54134,25.73439]]],[[[123.50615,25.73581],[123.50639,25.73561],[123.50652,25.73537],[123.50609,25.73561],[123.50615,25.73581]]],[[[123.50719,25.73596],[123.50713,25.73581],[123.5071,25.73595],[123.50719,25.73596]]],[[[123.47163,25.73832],[123.47161,25.73826],[123.47159,25.73831],[123.47163,25.73832]]],[[[123.45811,25.73896],[123.45804,25.73889],[123.45809,25.73897],[123.45811,25.73896]]],[[[123.47489,25.73945],[123.47485,25.73939],[123.47484,25.73945],[123.47489,25.73945]]],[[[123.45796,25.7395],[123.45788,25.73942],[123.45787,25.73946],[123.45796,25.7395]]],[[[123.47574,25.74004],[123.47572,25.73999],[123.47569,25.74002],[123.47574,25.74004]]],[[[123.47553,25.74006],[123.47542,25.74007],[123.47549,25.74013],[123.47553,25.74006]]],[[[123.47622,25.7402],[123.47629,25.74012],[123.47619,25.74014],[123.47622,25.7402]]],[[[123.47631,25.7403],[123.47631,25.7402],[123.47627,25.74029],[123.47631,25.7403]]],[[[123.47652,25.74031],[123.47637,25.74035],[123.47651,25.74035],[123.47652,25.74031]]],[[[123.48277,25.74038],[123.48272,25.74032],[123.48268,25.74038],[123.48277,25.74038]]],[[[123.49048,25.74045],[123.4908,25.74046],[123.49057,25.74024],[123.49048,25.74045]]],[[[123.48119,25.74055],[123.48117,25.74049],[123.48114,25.74055],[123.48119,25.74055]]],[[[123.49098,25.74067],[123.49085,25.74059],[123.49095,25.74072],[123.49098,25.74067]]],[[[123.49051,25.74072],[123.49026,25.74069],[123.49047,25.74087],[123.49051,25.74072]]],[[[123.49091,25.74088],[123.49079,25.74063],[123.49046,25.74054],[123.49063,25.74086],[123.49082,25.7408],[123.49091,25.74088]]],[[[123.49081,25.74089],[123.49077,25.74085],[123.49077,25.74089],[123.49081,25.74089]]],[[[123.49292,25.74183],[123.4929,25.74179],[123.49289,25.74182],[123.49292,25.74183]]],[[[123.46644,25.74909],[123.46637,25.74903],[123.46639,25.7491],[123.46644,25.74909]]],[[[123.48447,25.74985],[123.48441,25.74979],[123.48442,25.74985],[123.48447,25.74985]]],[[[123.48755,25.75006],[123.48768,25.74999],[123.4879,25.75001],[123.4877,25.74989],[123.48755,25.75006]]],[[[123.48756,25.75022],[123.48746,25.75021],[123.48747,25.75024],[123.48756,25.75022]]],[[[123.47982,25.75085],[123.47974,25.75082],[123.47975,25.75088],[123.47982,25.75085]]],[[[123.47669,25.75182],[123.48061,25.7501],[123.48736,25.74949],[123.49392,25.74224],[123.48862,25.74019],[123.47721,25.74127],[123.46445,25.73491],[123.4594,25.73565],[123.45778,25.74032],[123.4603,25.74472],[123.47669,25.75182]]],[[[123.56611,25.75564],[123.56696,25.75502],[123.56606,25.75524],[123.56611,25.75564]]],[[[123.54079,25.77939],[123.54177,25.77903],[123.54061,25.77925],[123.54079,25.77939]]],[[[123.53903,25.77941],[123.53897,25.77947],[123.53903,25.77945],[123.53903,25.77941]]],[[[123.5396,25.77922],[123.54052,25.77942],[123.54046,25.77887],[123.5396,25.77922]]],[[[123.54309,25.78],[123.54293,25.77986],[123.54291,25.77991],[123.54309,25.78]]],[[[123.54338,25.78151],[123.54473,25.78091],[123.54338,25.78009],[123.54338,25.78151]]],[[[123.68328,25.91916],[123.6832,25.91914],[123.68326,25.91918],[123.68328,25.91916]]],[[[123.68256,25.91921],[123.68246,25.91911],[123.68246,25.9192],[123.68256,25.91921]]],[[[123.68605,25.91965],[123.686,25.91967],[123.68604,25.91968],[123.68605,25.91965]]],[[[123.68618,25.91976],[123.6861,25.91971],[123.68606,25.91977],[123.68618,25.91976]]],[[[123.67906,25.91997],[123.67913,25.91994],[123.67904,25.91997],[123.67906,25.91997]]],[[[123.68761,25.91998],[123.68757,25.9199],[123.68752,25.91998],[123.68761,25.91998]]],[[[123.67861,25.92035],[123.67873,25.92024],[123.67858,25.92033],[123.67861,25.92035]]],[[[123.67844,25.92049],[123.67832,25.9205],[123.67842,25.92054],[123.67844,25.92049]]],[[[123.68787,25.92078],[123.68782,25.92084],[123.6879,25.9208],[123.68787,25.92078]]],[[[124.55592,25.92144],[124.55588,25.9214],[124.55585,25.92147],[124.55592,25.92144]]],[[[124.55614,25.92162],[124.55605,25.92156],[124.55601,25.92157],[124.55614,25.92162]]],[[[124.55603,25.92163],[124.55596,25.92167],[124.55604,25.92167],[124.55603,25.92163]]],[[[123.6883,25.92172],[123.68821,25.92176],[123.68825,25.92182],[123.6883,25.92172]]],[[[124.55645,25.92183],[124.55622,25.92157],[124.55613,25.92172],[124.55645,25.92183]]],[[[123.68928,25.92187],[123.68903,25.92185],[123.68905,25.92191],[123.68928,25.92187]]],[[[124.55675,25.92211],[124.55666,25.9221],[124.55674,25.92215],[124.55675,25.92211]]],[[[123.67735,25.92224],[123.67729,25.92224],[123.67734,25.92231],[123.67735,25.92224]]],[[[124.55648,25.92234],[124.55633,25.92189],[124.55597,25.92202],[124.55648,25.92234]]],[[[124.55675,25.92233],[124.55671,25.92232],[124.55671,25.92235],[124.55675,25.92233]]],[[[123.67676,25.92258],[123.67673,25.92261],[123.67677,25.92261],[123.67676,25.92258]]],[[[123.67681,25.9227],[123.67676,25.92268],[123.6768,25.92273],[123.67681,25.9227]]],[[[123.67645,25.92282],[123.67639,25.92285],[123.67646,25.92286],[123.67645,25.92282]]],[[[123.67648,25.92293],[123.67639,25.92289],[123.6764,25.92292],[123.67648,25.92293]]],[[[123.67607,25.92307],[123.67591,25.92312],[123.67608,25.9231],[123.67607,25.92307]]],[[[124.55768,25.9231],[124.56115,25.9223],[124.55656,25.92154],[124.55768,25.9231]]],[[[124.55935,25.92354],[124.55972,25.92333],[124.55927,25.92345],[124.55935,25.92354]]],[[[124.55906,25.92383],[124.55951,25.9237],[124.55874,25.9236],[124.55906,25.92383]]],[[[124.56017,25.92414],[124.56001,25.92385],[124.55949,25.92397],[124.56017,25.92414]]],[[[123.68761,25.9242],[123.68757,25.92412],[123.68755,25.92415],[123.68761,25.9242]]],[[[123.67635,25.92421],[123.67618,25.92435],[123.67643,25.92424],[123.67635,25.92421]]],[[[124.55911,25.92435],[124.55907,25.92406],[124.55905,25.92406],[124.55911,25.92435]]],[[[123.67617,25.92447],[123.67609,25.92444],[123.67608,25.92448],[123.67617,25.92447]]],[[[123.6873,25.92484],[123.68726,25.92484],[123.68727,25.92486],[123.6873,25.92484]]],[[[123.68741,25.92486],[123.68738,25.92485],[123.6874,25.92487],[123.68741,25.92486]]],[[[123.68729,25.92495],[123.68721,25.92493],[123.68725,25.92499],[123.68729,25.92495]]],[[[123.68791,25.92506],[123.6881,25.92491],[123.68779,25.92497],[123.68791,25.92506]]],[[[123.68814,25.92519],[123.68804,25.92518],[123.68809,25.92524],[123.68814,25.92519]]],[[[123.68648,25.92539],[123.68653,25.9254],[123.68652,25.92537],[123.68648,25.92539]]],[[[123.67703,25.92559],[123.67689,25.92561],[123.67705,25.92563],[123.67703,25.92559]]],[[[123.68601,25.9263],[123.68597,25.92625],[123.68595,25.92626],[123.68601,25.9263]]],[[[123.67799,25.92711],[123.67792,25.92708],[123.67793,25.92715],[123.67799,25.92711]]],[[[123.67874,25.92734],[123.6787,25.92734],[123.67871,25.92737],[123.67874,25.92734]]],[[[123.68498,25.92734],[123.68491,25.92738],[123.68498,25.92739],[123.68498,25.92734]]],[[[123.68531,25.92745],[123.68528,25.92739],[123.68525,25.92741],[123.68531,25.92745]]],[[[123.67879,25.92751],[123.67873,25.9275],[123.67877,25.92752],[123.67879,25.92751]]],[[[123.67963,25.92805],[123.67956,25.92803],[123.67957,25.92807],[123.67963,25.92805]]],[[[123.67892,25.928],[123.67913,25.92793],[123.67913,25.92781],[123.67892,25.928]]],[[[123.6838,25.92857],[123.68378,25.92848],[123.68375,25.92851],[123.6838,25.92857]]],[[[123.68076,25.92851],[123.6807,25.92848],[123.68068,25.92856],[123.68076,25.92851]]],[[[123.68132,25.92877],[123.68132,25.92871],[123.68131,25.92877],[123.68132,25.92877]]],[[[123.6811,25.9284],[123.68783,25.92333],[123.6887,25.92355],[123.68601,25.91971],[123.68004,25.91958],[123.67844,25.92054],[123.67759,25.92224],[123.67637,25.92318],[123.67608,25.92313],[123.67671,25.92505],[123.6795,25.92766],[123.67977,25.9282],[123.67976,25.92861],[123.6811,25.9284]]],[[[123.68274,25.9291],[123.68269,25.92913],[123.68275,25.92913],[123.68274,25.9291]]]]}},{"type":"Feature","properties":{"id":"TW-KEE","zh":"基隆市","en":"Keelung City","labelLng":121.70782,"labelLat":25.11547},"geometry":{"type":"MultiPolygon","coordinates":[[[[121.71015,25.17604],[121.7086,25.16517],[121.71697,25.16732],[121.72467,25.16578],[121.73393,25.16146],[121.73416,25.15818],[121.73851,25.16101],[121.74351,25.15648],[121.74849,25.15625],[121.75497,25.16244],[121.75616,25.15952],[121.76213,25.16031],[121.76338,25.16409],[121.77064,25.16015],[121.78035,25.15879],[121.77681,25.15891],[121.77269,25.15559],[121.77454,25.15627],[121.77769,25.15147],[121.78197,25.15274],[121.79319,25.14688],[121.80815,25.14774],[121.80243,25.14064],[121.8043,25.13789],[121.80252,25.13433],[121.80544,25.13038],[121.80317,25.12222],[121.79453,25.12622],[121.7942,25.12335],[121.79887,25.11924],[121.79776,25.11432],[121.79035,25.1122],[121.78592,25.11819],[121.78337,25.11662],[121.77352,25.12028],[121.7669,25.11253],[121.75002,25.10973],[121.75273,25.10685],[121.75605,25.10841],[121.75679,25.10182],[121.75988,25.10062],[121.75835,25.09413],[121.76124,25.07887],[121.76941,25.07791],[121.77569,25.07],[121.77172,25.06321],[121.76734,25.06183],[121.76402,25.05744],[121.75687,25.05934],[121.7459,25.053],[121.73749,25.05477],[121.7321,25.05271],[121.71236,25.06804],[121.69951,25.06739],[121.68841,25.07174],[121.67909,25.07878],[121.6812,25.08802],[121.67402,25.08292],[121.65071,25.09845],[121.64892,25.10186],[121.65222,25.10474],[121.64623,25.11363],[121.64624,25.12106],[121.64317,25.12768],[121.63313,25.13099],[121.62792,25.13586],[121.62679,25.13974],[121.62918,25.14172],[121.63981,25.14585],[121.64961,25.14489],[121.65827,25.15223],[121.67758,25.15573],[121.69129,25.16633],[121.69894,25.16722],[121.70224,25.17352],[121.71015,25.17604]]],[[[121.78809,25.19568],[121.78891,25.19207],[121.78161,25.19003],[121.78455,25.19494],[121.78809,25.19568]]],[[[121.94595,25.42383],[121.94709,25.42414],[121.94633,25.42358],[121.94595,25.42383]]],[[[122.109,25.48407],[122.10845,25.48401],[122.1084,25.4841],[122.109,25.48407]]],[[[122.10696,25.48736],[122.1078,25.48388],[122.10517,25.48202],[122.10326,25.48601],[122.10696,25.48736]]],[[[122.10715,25.4877],[122.10686,25.48787],[122.10717,25.48786],[122.10715,25.4877]]],[[[122.07365,25.63249],[122.08395,25.63319],[122.08505,25.63035],[122.07921,25.62298],[122.07202,25.62854],[122.07365,25.63249]]]]}},{"type":"Feature","properties":{"id":"TW-KHH","zh":"高雄市","en":"Kaohsiung City","labelLng":120.63187,"labelLat":22.96598},"geometry":{"type":"MultiPolygon","coordinates":[[[[114.36168,10.3728],[114.36176,10.3728],[114.36178,10.37278],[114.36168,10.3728]]],[[[114.36167,10.37284],[114.36163,10.37281],[114.36164,10.37285],[114.36167,10.37284]]],[[[114.36162,10.37291],[114.36157,10.37289],[114.36158,10.37293],[114.36162,10.37291]]],[[[114.36164,10.37311],[114.36183,10.37307],[114.36152,10.37297],[114.36164,10.37311]]],[[[114.36195,10.37326],[114.36185,10.37313],[114.3618,10.37316],[114.36195,10.37326]]],[[[114.36981,10.37994],[114.37141,10.3786],[114.36995,10.37721],[114.36251,10.37308],[114.3618,10.37483],[114.35996,10.37223],[114.36157,10.37135],[114.35968,10.37213],[114.36003,10.37629],[114.36981,10.37994]]],[[[116.71876,20.70179],[116.71873,20.70175],[116.71874,20.70179],[116.71876,20.70179]]],[[[116.71871,20.70186],[116.71902,20.70183],[116.71907,20.7017],[116.71871,20.70186]]],[[[116.71849,20.70196],[116.71847,20.70182],[116.71845,20.70197],[116.71849,20.70196]]],[[[116.71802,20.70214],[116.71821,20.70197],[116.71787,20.70206],[116.71802,20.70214]]],[[[116.71847,20.70222],[116.71846,20.70214],[116.7184,20.7022],[116.71847,20.70222]]],[[[116.71825,20.70228],[116.71889,20.70235],[116.71902,20.70209],[116.71825,20.70228]]],[[[116.70844,20.70325],[116.7089,20.70294],[116.70854,20.70288],[116.70844,20.70325]]],[[[116.70724,20.70459],[116.7077,20.70326],[116.70691,20.70472],[116.70724,20.70459]]],[[[116.7103,20.70489],[116.71026,20.70478],[116.71022,20.70481],[116.7103,20.70489]]],[[[116.71662,20.70967],[116.73188,20.70328],[116.73486,20.69748],[116.72771,20.6974],[116.71032,20.70385],[116.71292,20.70519],[116.7143,20.70276],[116.723,20.69976],[116.72385,20.70159],[116.72108,20.70204],[116.72673,20.70333],[116.71533,20.70745],[116.71082,20.70656],[116.71662,20.70967]]],[[[120.96847,23.47123],[120.99969,23.46217],[121.00846,23.46209],[121.01585,23.45161],[121.01047,23.44607],[121.01058,23.44124],[121.01527,23.43541],[121.01295,23.43295],[121.02094,23.42951],[121.02253,23.4249],[121.02949,23.42218],[121.02774,23.41625],[121.02491,23.4146],[121.02708,23.41278],[121.02835,23.40376],[121.02175,23.39997],[121.01924,23.40152],[121.01464,23.39658],[121.00321,23.39479],[121.00113,23.39175],[121.00772,23.38467],[121.00009,23.38237],[120.99155,23.37174],[120.98796,23.37057],[120.9871,23.35873],[121.00248,23.35525],[121.00757,23.35203],[121.0104,23.34581],[121.01519,23.34634],[121.02005,23.35038],[121.027,23.33762],[121.04878,23.32531],[121.04804,23.31378],[121.04601,23.30838],[121.0319,23.30367],[121.03004,23.29854],[121.02384,23.29373],[121.01039,23.2927],[120.99064,23.28413],[120.98659,23.28032],[120.97174,23.28171],[120.96336,23.2721],[120.95968,23.27084],[120.95738,23.26416],[120.94669,23.25312],[120.94125,23.25195],[120.9379,23.24495],[120.93061,23.24246],[120.92653,23.24456],[120.91572,23.23787],[120.91157,23.22786],[120.91163,23.20955],[120.90673,23.20565],[120.90575,23.19955],[120.9123,23.1874],[120.91076,23.18169],[120.89872,23.17667],[120.89586,23.17143],[120.89501,23.16072],[120.87641,23.15134],[120.88576,23.14429],[120.88806,23.12244],[120.88497,23.11935],[120.8894,23.11044],[120.88563,23.08911],[120.86922,23.05969],[120.8745,23.05095],[120.87975,23.04778],[120.88138,23.04268],[120.87996,23.03552],[120.86162,23.03077],[120.86066,23.00805],[120.85824,23.00506],[120.85107,23.00513],[120.85207,22.99991],[120.8491,22.99486],[120.84193,22.99093],[120.84118,22.984],[120.83246,22.98039],[120.82906,22.97439],[120.83015,22.96999],[120.8208,22.96197],[120.82476,22.95246],[120.82178,22.94512],[120.82182,22.93526],[120.83144,22.91986],[120.83329,22.91227],[120.82996,22.90953],[120.82867,22.90397],[120.83354,22.89981],[120.84053,22.88195],[120.85209,22.8781],[120.85973,22.87837],[120.86487,22.87255],[120.8642,22.86667],[120.85915,22.86345],[120.86957,22.85776],[120.86661,22.85382],[120.86835,22.85075],[120.86457,22.84308],[120.85943,22.84924],[120.85993,22.85146],[120.85319,22.85762],[120.84718,22.85197],[120.84298,22.85421],[120.8375,22.86407],[120.82498,22.86646],[120.80108,22.85103],[120.79335,22.85203],[120.7927,22.84112],[120.78584,22.8399],[120.77871,22.8352],[120.76416,22.84899],[120.76216,22.85681],[120.75504,22.86468],[120.74926,22.86568],[120.74242,22.87374],[120.73178,22.87589],[120.72502,22.88083],[120.70454,22.88067],[120.69054,22.86487],[120.67897,22.86287],[120.67673,22.85726],[120.67212,22.85635],[120.66049,22.86],[120.65806,22.87971],[120.65533,22.88162],[120.64862,22.87705],[120.64503,22.88518],[120.62118,22.87569],[120.61509,22.87675],[120.60542,22.87297],[120.55326,22.82841],[120.53644,22.82927],[120.53101,22.83083],[120.53058,22.83299],[120.51539,22.83152],[120.50999,22.82851],[120.50507,22.83152],[120.4977,22.83172],[120.49274,22.83729],[120.49081,22.83527],[120.48422,22.83555],[120.47624,22.83819],[120.46876,22.83068],[120.46404,22.80029],[120.45599,22.78018],[120.45372,22.76086],[120.45575,22.7185],[120.45062,22.69622],[120.44753,22.68831],[120.43966,22.67854],[120.43606,22.66134],[120.43369,22.6176],[120.43755,22.60728],[120.44547,22.59959],[120.44707,22.58697],[120.44206,22.56024],[120.43658,22.54756],[120.43088,22.54401],[120.42286,22.51846],[120.42573,22.49818],[120.42444,22.46872],[120.40186,22.47389],[120.35873,22.50068],[120.35097,22.50954],[120.33375,22.52141],[120.337,22.52485],[120.33336,22.52879],[120.32533,22.52349],[120.32537,22.52946],[120.33144,22.53286],[120.32958,22.53377],[120.32525,22.53009],[120.32425,22.52277],[120.31245,22.51487],[120.28865,22.54385],[120.28625,22.5438],[120.28914,22.54464],[120.29341,22.53843],[120.29697,22.54095],[120.30375,22.5327],[120.30761,22.53544],[120.31681,22.52424],[120.32184,22.5278],[120.3075,22.54526],[120.30171,22.54494],[120.29854,22.54751],[120.30342,22.55434],[120.30284,22.55778],[120.26679,22.6],[120.26304,22.6014],[120.26581,22.61054],[120.26319,22.61036],[120.26227,22.61399],[120.25614,22.61771],[120.2567,22.62092],[120.2633,22.62402],[120.26341,22.6266],[120.25614,22.63626],[120.24987,22.65147],[120.25296,22.66505],[120.26446,22.67522],[120.26283,22.68904],[120.25805,22.68933],[120.25805,22.69556],[120.26215,22.69751],[120.26161,22.7014],[120.25579,22.71419],[120.25649,22.71839],[120.25303,22.72391],[120.24985,22.72421],[120.25034,22.72788],[120.24365,22.74315],[120.23461,22.75987],[120.23124,22.76073],[120.23236,22.76607],[120.21538,22.80417],[120.21233,22.80761],[120.19791,22.80525],[120.19332,22.80744],[120.19015,22.81359],[120.19028,22.81539],[120.20598,22.82016],[120.2073,22.82261],[120.19839,22.84445],[120.18981,22.84175],[120.19808,22.84461],[120.19292,22.84837],[120.19534,22.85017],[120.19295,22.85629],[120.19111,22.85538],[120.19278,22.85714],[120.1892,22.85839],[120.19332,22.85936],[120.1897,22.86069],[120.19278,22.86522],[120.17475,22.91171],[120.19205,22.9212],[120.21811,22.90963],[120.22972,22.91687],[120.23291,22.90555],[120.24286,22.90352],[120.25416,22.89427],[120.25869,22.89518],[120.25683,22.89954],[120.25877,22.90187],[120.27299,22.89542],[120.2795,22.8963],[120.27799,22.90441],[120.28456,22.90473],[120.31416,22.89978],[120.31969,22.89495],[120.32488,22.90046],[120.33227,22.88933],[120.34909,22.89058],[120.35198,22.88751],[120.35517,22.89043],[120.35329,22.89238],[120.3569,22.89293],[120.36108,22.89781],[120.36161,22.90051],[120.35947,22.90142],[120.36599,22.90224],[120.36629,22.90507],[120.36815,22.90391],[120.37249,22.90664],[120.37116,22.91228],[120.37651,22.91435],[120.37729,22.91798],[120.38166,22.92117],[120.3868,22.91826],[120.39217,22.9223],[120.39863,22.92243],[120.40111,22.91852],[120.40545,22.91805],[120.40868,22.91234],[120.41617,22.9161],[120.42591,22.93905],[120.42852,22.94062],[120.44265,22.97733],[120.44469,22.97954],[120.45296,22.97771],[120.45472,22.99063],[120.46111,22.99077],[120.4591,22.99574],[120.46148,22.99812],[120.4605,23.00359],[120.47989,23.00271],[120.48408,23.01707],[120.50372,23.02865],[120.53008,23.05582],[120.5545,23.06883],[120.5745,23.09089],[120.57413,23.09486],[120.58808,23.1141],[120.58845,23.12336],[120.60111,23.14417],[120.61185,23.1517],[120.61111,23.1559],[120.61654,23.1631],[120.62124,23.16296],[120.63066,23.17007],[120.6292,23.17425],[120.63606,23.17501],[120.6373,23.1804],[120.6411,23.18296],[120.63695,23.19133],[120.64345,23.20354],[120.64836,23.20858],[120.65146,23.20851],[120.65627,23.2179],[120.6553,23.22328],[120.64952,23.22846],[120.65131,23.23582],[120.64789,23.24463],[120.64845,23.24925],[120.64208,23.25681],[120.64069,23.26652],[120.63828,23.26918],[120.64315,23.27598],[120.64191,23.27854],[120.64405,23.28223],[120.64186,23.28748],[120.64374,23.2961],[120.64702,23.29744],[120.652,23.29117],[120.65843,23.29597],[120.66731,23.29403],[120.67735,23.28785],[120.69954,23.28443],[120.70342,23.28909],[120.70283,23.29757],[120.70677,23.30473],[120.71217,23.3087],[120.73063,23.30561],[120.73231,23.31386],[120.73943,23.31684],[120.74105,23.32108],[120.74786,23.32191],[120.75287,23.32704],[120.75238,23.33103],[120.75883,23.33645],[120.75708,23.33856],[120.75807,23.34427],[120.76443,23.34167],[120.76846,23.34388],[120.78321,23.34221],[120.78758,23.34614],[120.78845,23.35282],[120.79181,23.35347],[120.79198,23.35725],[120.79624,23.35686],[120.7979,23.36032],[120.80064,23.36065],[120.80469,23.36721],[120.80429,23.37066],[120.80852,23.36839],[120.81628,23.37148],[120.82542,23.37171],[120.82911,23.3758],[120.83097,23.3866],[120.83463,23.38668],[120.83687,23.39339],[120.84101,23.39492],[120.83841,23.39825],[120.84931,23.41201],[120.84978,23.42036],[120.85397,23.42319],[120.85708,23.42197],[120.8591,23.42512],[120.86452,23.42394],[120.87536,23.43277],[120.88162,23.43301],[120.88382,23.43626],[120.88676,23.43486],[120.89177,23.44661],[120.89515,23.44592],[120.89624,23.45042],[120.90052,23.45409],[120.90567,23.45318],[120.9094,23.45754],[120.91616,23.45889],[120.92144,23.4591],[120.92848,23.45549],[120.93475,23.45844],[120.93664,23.46378],[120.94844,23.46417],[120.95751,23.4695],[120.96847,23.47123]]]]}},{"type":"Feature","properties":{"id":"TW-KIN","zh":"金門縣","en":"Kinmen County","labelLng":118.38189,"labelLat":24.45918},"geometry":{"type":"MultiPolygon","coordinates":[[[[118.23243,24.16077],[118.23506,24.16258],[118.23455,24.16026],[118.23243,24.16077]]],[[[118.13892,24.37471],[118.13818,24.375],[118.13879,24.37499],[118.13892,24.37471]]],[[[118.14155,24.3778],[118.14268,24.37823],[118.1426,24.37763],[118.14155,24.3778]]],[[[118.14367,24.3785],[118.14572,24.37772],[118.14479,24.37741],[118.14516,24.37652],[118.14513,24.37589],[118.1447,24.37548],[118.14367,24.3785]]],[[[118.16326,24.38132],[118.15684,24.3772],[118.15136,24.38233],[118.15433,24.38374],[118.16326,24.38132]]],[[[118.33895,24.38992],[118.33974,24.38997],[118.33895,24.38931],[118.33895,24.38992]]],[[[118.15921,24.39324],[118.16421,24.39525],[118.16521,24.39011],[118.17098,24.38962],[118.17279,24.38633],[118.16898,24.38421],[118.16182,24.38733],[118.15921,24.39324]]],[[[118.19368,24.39814],[118.19483,24.39539],[118.19148,24.397],[118.19368,24.39814]]],[[[118.22904,24.40289],[118.23046,24.40463],[118.23159,24.40308],[118.22904,24.40289]]],[[[118.43825,24.40721],[118.43801,24.4071],[118.43796,24.40727],[118.43825,24.40721]]],[[[118.43843,24.4077],[118.43827,24.40739],[118.43812,24.40786],[118.43843,24.4077]]],[[[118.43897,24.40827],[118.43929,24.4081],[118.43905,24.40808],[118.43897,24.40827]]],[[[118.43866,24.4086],[118.43888,24.40829],[118.43851,24.40845],[118.43866,24.4086]]],[[[118.4389,24.40874],[118.43883,24.40866],[118.43879,24.4087],[118.4389,24.40874]]],[[[118.43797,24.40882],[118.43792,24.40864],[118.4378,24.40879],[118.43797,24.40882]]],[[[118.34635,24.40873],[118.34538,24.40838],[118.34565,24.40896],[118.34635,24.40873]]],[[[118.43756,24.4091],[118.4375,24.40884],[118.43741,24.40895],[118.43756,24.4091]]],[[[118.34666,24.40898],[118.34632,24.40903],[118.34659,24.40913],[118.34666,24.40898]]],[[[118.43922,24.40971],[118.43901,24.40956],[118.43902,24.40971],[118.43922,24.40971]]],[[[118.44,24.40982],[118.43978,24.40911],[118.43928,24.40958],[118.44,24.40982]]],[[[118.44011,24.41067],[118.44013,24.41045],[118.43997,24.41061],[118.44011,24.41067]]],[[[118.44719,24.4124],[118.4469,24.41226],[118.44699,24.41249],[118.44719,24.4124]]],[[[118.44688,24.41295],[118.44704,24.41316],[118.44717,24.41303],[118.44688,24.41295]]],[[[118.44806,24.41365],[118.4477,24.4135],[118.44766,24.41367],[118.44806,24.41365]]],[[[118.45616,24.41281],[118.4588,24.4141],[118.45923,24.41269],[118.45616,24.41281]]],[[[118.45846,24.41595],[118.4574,24.41571],[118.45842,24.41625],[118.45846,24.41595]]],[[[118.46061,24.4167],[118.45888,24.41561],[118.45936,24.41693],[118.46061,24.4167]]],[[[118.50374,24.42825],[118.50565,24.42667],[118.50387,24.42629],[118.50374,24.42825]]],[[[118.19939,24.43676],[118.19791,24.43714],[118.19964,24.43725],[118.19939,24.43676]]],[[[118.21266,24.45207],[118.21162,24.45137],[118.21084,24.45159],[118.21266,24.45207]]],[[[118.20985,24.4544],[118.21049,24.4531],[118.20894,24.45277],[118.20985,24.4544]]],[[[118.22762,24.45582],[118.22603,24.45565],[118.2259,24.45576],[118.22762,24.45582]]],[[[118.24885,24.45636],[118.25805,24.45404],[118.26916,24.44599],[118.26818,24.4397],[118.26983,24.43825],[118.26637,24.43467],[118.26631,24.42813],[118.26307,24.42253],[118.25464,24.42489],[118.24991,24.42159],[118.25004,24.41826],[118.24534,24.41364],[118.24148,24.41126],[118.24054,24.41465],[118.23317,24.41332],[118.22596,24.40505],[118.22208,24.40879],[118.21351,24.40977],[118.21156,24.41248],[118.21637,24.41307],[118.21456,24.41484],[118.21736,24.42077],[118.2168,24.42807],[118.22384,24.43662],[118.2273,24.44787],[118.23336,24.45368],[118.24885,24.45636]]],[[[118.2322,24.45778],[118.23191,24.45763],[118.23183,24.45771],[118.2322,24.45778]]],[[[118.27768,24.45381],[118.27635,24.45228],[118.26882,24.45249],[118.27205,24.45804],[118.27768,24.45381]]],[[[118.2424,24.4602],[118.24202,24.46032],[118.24241,24.46028],[118.2424,24.4602]]],[[[118.39705,24.52204],[118.39718,24.52192],[118.39696,24.52189],[118.39705,24.52204]]],[[[118.39661,24.52339],[118.39693,24.52234],[118.39619,24.52292],[118.39661,24.52339]]],[[[118.39699,24.52449],[118.39627,24.52461],[118.39679,24.52492],[118.39699,24.52449]]],[[[118.43658,24.52407],[118.43907,24.52345],[118.43471,24.52234],[118.43658,24.52407]]],[[[118.4073,24.53423],[118.41445,24.52831],[118.41918,24.53044],[118.43358,24.52501],[118.43153,24.52195],[118.43565,24.51448],[118.45011,24.511],[118.45073,24.50102],[118.45495,24.49756],[118.45862,24.48701],[118.46194,24.48426],[118.46893,24.48368],[118.46899,24.48045],[118.46343,24.47659],[118.46402,24.4677],[118.47034,24.45522],[118.47816,24.45026],[118.47419,24.44957],[118.47061,24.43975],[118.46618,24.44199],[118.46103,24.43815],[118.46049,24.43628],[118.46345,24.43586],[118.4665,24.43091],[118.46053,24.42368],[118.45732,24.42602],[118.45495,24.41627],[118.44836,24.4155],[118.44587,24.41386],[118.44679,24.4124],[118.43753,24.41015],[118.43494,24.40769],[118.42619,24.40678],[118.42624,24.40933],[118.42751,24.40836],[118.4323,24.40979],[118.42908,24.41037],[118.4302,24.41224],[118.42559,24.41096],[118.43082,24.41267],[118.43301,24.41648],[118.42746,24.42389],[118.41263,24.42853],[118.40921,24.42757],[118.41097,24.43142],[118.40901,24.42869],[118.40821,24.43218],[118.4026,24.43498],[118.38546,24.43507],[118.37032,24.43096],[118.35035,24.42055],[118.3387,24.40453],[118.33423,24.39109],[118.32211,24.38556],[118.31513,24.39004],[118.30922,24.39023],[118.30485,24.39581],[118.29593,24.39571],[118.2956,24.39916],[118.29063,24.40199],[118.29083,24.40415],[118.278,24.41289],[118.28096,24.41703],[118.29091,24.41885],[118.30295,24.43849],[118.30218,24.4462],[118.29555,24.456],[118.29534,24.46236],[118.28621,24.47483],[118.29273,24.48992],[118.30282,24.49473],[118.31286,24.49553],[118.32038,24.49149],[118.33628,24.47603],[118.35043,24.47166],[118.36312,24.47168],[118.37905,24.48504],[118.38072,24.49125],[118.3857,24.49359],[118.38404,24.5081],[118.39203,24.51161],[118.40076,24.52223],[118.39964,24.52545],[118.39652,24.52574],[118.3977,24.52811],[118.4056,24.52747],[118.4073,24.53423]]],[[[119.47271,24.98723],[119.47888,24.98588],[119.4762,24.97938],[119.47277,24.9776],[119.46598,24.97995],[119.46781,24.98439],[119.47271,24.98723]]],[[[119.45833,24.98947],[119.45687,24.98525],[119.44767,24.9875],[119.44344,24.99872],[119.45579,24.99496],[119.45833,24.98947]]]]}},{"type":"Feature","properties":{"id":"TW-LIE","zh":"連江縣","en":"Lienchiang County","labelLng":120.49595,"labelLat":26.36979},"geometry":{"type":"MultiPolygon","coordinates":[[[[119.96446,25.94575],[119.96427,25.94549],[119.96414,25.94552],[119.96446,25.94575]]],[[[119.96442,25.94694],[119.96463,25.94675],[119.96421,25.94682],[119.96442,25.94694]]],[[[119.96204,25.94547],[119.96384,25.94504],[119.9647,25.94425],[119.96415,25.94265],[119.96141,25.94101],[119.96204,25.94547]]],[[[119.98487,25.96437],[119.98476,25.96434],[119.98484,25.96443],[119.98487,25.96437]]],[[[119.98565,25.96465],[119.98537,25.96484],[119.98587,25.96476],[119.98565,25.96465]]],[[[119.98897,25.97083],[119.99008,25.97003],[119.98801,25.96996],[119.98897,25.97083]]],[[[119.98484,25.97059],[119.98797,25.97037],[119.98735,25.96886],[119.98859,25.96813],[119.98367,25.96421],[119.98493,25.96251],[119.97856,25.95966],[119.97895,25.9562],[119.97393,25.95333],[119.97147,25.95663],[119.96494,25.94921],[119.96045,25.95018],[119.96559,25.95627],[119.96219,25.95811],[119.96954,25.96046],[119.97151,25.96706],[119.97832,25.96851],[119.98183,25.96647],[119.98484,25.97059]]],[[[119.97621,25.97235],[119.97627,25.97239],[119.97628,25.97238],[119.97621,25.97235]]],[[[119.96472,25.97246],[119.9642,25.97243],[119.96476,25.97259],[119.96472,25.97246]]],[[[119.97658,25.97304],[119.97662,25.97302],[119.97656,25.973],[119.97658,25.97304]]],[[[119.9742,25.9731],[119.97413,25.97316],[119.97424,25.97312],[119.9742,25.9731]]],[[[119.97743,25.97402],[119.97735,25.97404],[119.97743,25.97409],[119.97743,25.97402]]],[[[119.97754,25.97417],[119.97756,25.97421],[119.97756,25.97419],[119.97754,25.97417]]],[[[119.96747,25.97442],[119.9673,25.97418],[119.96728,25.9742],[119.96747,25.97442]]],[[[119.96524,25.9744],[119.96485,25.97438],[119.96487,25.97452],[119.96524,25.9744]]],[[[119.96522,25.9747],[119.96542,25.97456],[119.9653,25.97438],[119.96522,25.9747]]],[[[119.96626,25.97495],[119.96617,25.97488],[119.96617,25.97493],[119.96626,25.97495]]],[[[119.96642,25.97502],[119.96637,25.97489],[119.96631,25.97493],[119.96642,25.97502]]],[[[119.96667,25.97468],[119.9672,25.97169],[119.96438,25.97115],[119.9653,25.97287],[119.96494,25.97413],[119.96667,25.97468]]],[[[119.97647,25.97525],[119.97642,25.97521],[119.97642,25.97524],[119.97647,25.97525]]],[[[119.96641,25.97526],[119.96632,25.97524],[119.96642,25.9753],[119.96641,25.97526]]],[[[119.97652,25.97531],[119.97663,25.97529],[119.97658,25.97519],[119.97652,25.97531]]],[[[119.96625,25.97518],[119.96593,25.97511],[119.96597,25.97531],[119.96625,25.97518]]],[[[119.975,25.97538],[119.97497,25.9753],[119.97495,25.97536],[119.975,25.97538]]],[[[119.96646,25.97534],[119.9664,25.97536],[119.9665,25.9754],[119.96646,25.97534]]],[[[119.9659,25.97531],[119.96577,25.97528],[119.96578,25.97541],[119.9659,25.97531]]],[[[119.97681,25.97545],[119.97695,25.97523],[119.97671,25.97526],[119.97681,25.97545]]],[[[119.96698,25.97537],[119.96657,25.97517],[119.96691,25.97545],[119.96698,25.97537]]],[[[119.97511,25.97558],[119.97502,25.97548],[119.97499,25.97559],[119.97511,25.97558]]],[[[119.92021,25.97516],[119.91939,25.97516],[119.92029,25.97568],[119.92021,25.97516]]],[[[119.96589,25.9757],[119.96581,25.9756],[119.96583,25.97571],[119.96589,25.9757]]],[[[119.97519,25.97577],[119.97528,25.97564],[119.97515,25.97563],[119.97519,25.97577]]],[[[119.96593,25.97564],[119.96664,25.97565],[119.96629,25.97525],[119.96593,25.97564]]],[[[119.97444,25.9748],[119.97728,25.9741],[119.97398,25.97026],[119.97444,25.9748]]],[[[119.97581,25.97607],[119.97599,25.97591],[119.97575,25.97597],[119.97581,25.97607]]],[[[119.96592,25.97601],[119.96609,25.97624],[119.96614,25.97611],[119.96592,25.97601]]],[[[119.9756,25.97659],[119.9757,25.97653],[119.97562,25.97653],[119.9756,25.97659]]],[[[119.97596,25.97611],[119.97657,25.97663],[119.97676,25.97645],[119.97596,25.97611]]],[[[119.92215,25.97675],[119.92171,25.97632],[119.92178,25.97706],[119.92215,25.97675]]],[[[119.94712,25.97715],[119.94687,25.97688],[119.94683,25.97717],[119.94712,25.97715]]],[[[119.92199,25.97738],[119.9217,25.97728],[119.92174,25.97747],[119.92199,25.97738]]],[[[119.94705,25.97735],[119.94692,25.97747],[119.94708,25.97746],[119.94705,25.97735]]],[[[119.94718,25.97769],[119.94706,25.97761],[119.94705,25.97774],[119.94718,25.97769]]],[[[119.92226,25.97834],[119.92197,25.97794],[119.92185,25.97809],[119.92226,25.97834]]],[[[119.992,25.9807],[119.99174,25.98075],[119.99204,25.98075],[119.992,25.9807]]],[[[119.94833,25.98126],[119.94824,25.98131],[119.94848,25.98139],[119.94833,25.98126]]],[[[119.94819,25.98139],[119.94812,25.98142],[119.9482,25.98146],[119.94819,25.98139]]],[[[119.99246,25.98149],[119.99195,25.98136],[119.99192,25.98139],[119.99246,25.98149]]],[[[119.94821,25.98165],[119.94817,25.98164],[119.94816,25.98165],[119.94821,25.98165]]],[[[119.99252,25.98196],[119.99238,25.98179],[119.99233,25.98187],[119.99252,25.98196]]],[[[119.94619,25.98207],[119.94604,25.98195],[119.946,25.98201],[119.94619,25.98207]]],[[[119.94077,25.98221],[119.9406,25.98227],[119.94081,25.98235],[119.94077,25.98221]]],[[[119.94493,25.98236],[119.94481,25.98232],[119.94484,25.98238],[119.94493,25.98236]]],[[[119.94632,25.98235],[119.94621,25.98238],[119.94633,25.98243],[119.94632,25.98235]]],[[[119.94677,25.98246],[119.94632,25.98205],[119.94628,25.98205],[119.94677,25.98246]]],[[[119.9334,25.97997],[119.948,25.98172],[119.94771,25.97817],[119.94641,25.97806],[119.94193,25.97293],[119.93848,25.97339],[119.93831,25.97068],[119.93393,25.96748],[119.93155,25.96747],[119.9333,25.97],[119.92882,25.97097],[119.924,25.97924],[119.9269,25.98165],[119.9334,25.97997]]],[[[119.94467,25.98269],[119.94484,25.98247],[119.94479,25.98245],[119.94467,25.98269]]],[[[119.99309,25.98275],[119.99198,25.9824],[119.99285,25.98288],[119.99309,25.98275]]],[[[119.9438,25.98276],[119.94355,25.98278],[119.94356,25.9829],[119.9438,25.98276]]],[[[119.94482,25.98312],[119.94455,25.98291],[119.94444,25.98306],[119.94482,25.98312]]],[[[119.95795,26.08113],[119.95772,26.08099],[119.95776,26.08114],[119.95795,26.08113]]],[[[119.96439,26.08565],[119.96425,26.0857],[119.96441,26.08574],[119.96439,26.08565]]],[[[119.96351,26.08535],[119.96414,26.08576],[119.96414,26.08549],[119.96351,26.08535]]],[[[119.96135,26.08613],[119.96134,26.08609],[119.96133,26.08613],[119.96135,26.08613]]],[[[119.9618,26.08618],[119.96193,26.08614],[119.96181,26.08611],[119.9618,26.08618]]],[[[119.96137,26.08602],[119.96274,26.08517],[119.96154,26.085],[119.96137,26.08602]]],[[[119.96173,26.08631],[119.9617,26.08628],[119.9617,26.08632],[119.96173,26.08631]]],[[[119.96298,26.08634],[119.96294,26.08629],[119.96291,26.08631],[119.96298,26.08634]]],[[[119.96225,26.08635],[119.96211,26.08622],[119.96202,26.08628],[119.96225,26.08635]]],[[[119.96171,26.08665],[119.96162,26.0866],[119.96163,26.08664],[119.96171,26.08665]]],[[[119.96143,26.08681],[119.96138,26.08675],[119.96138,26.08678],[119.96143,26.08681]]],[[[119.96127,26.087],[119.96136,26.08689],[119.96127,26.08696],[119.96127,26.087]]],[[[119.96128,26.08732],[119.96143,26.08704],[119.96111,26.08719],[119.96128,26.08732]]],[[[119.96194,26.0874],[119.96207,26.08737],[119.96192,26.08737],[119.96194,26.0874]]],[[[119.96135,26.08752],[119.96173,26.08721],[119.96127,26.08741],[119.96135,26.08752]]],[[[119.96534,26.09132],[119.96529,26.09118],[119.96526,26.09126],[119.96534,26.09132]]],[[[119.96551,26.09138],[119.96544,26.09131],[119.96547,26.0914],[119.96551,26.09138]]],[[[119.96516,26.09174],[119.96535,26.09172],[119.96546,26.09169],[119.96516,26.09174]]],[[[119.96524,26.09184],[119.96592,26.09185],[119.96586,26.09167],[119.96524,26.09184]]],[[[119.97385,26.11572],[119.97432,26.11582],[119.97424,26.1154],[119.97385,26.11572]]],[[[119.97266,26.11676],[119.97314,26.1166],[119.97295,26.11631],[119.97266,26.11676]]],[[[119.96437,26.14402],[119.96472,26.14417],[119.96471,26.14405],[119.96437,26.14402]]],[[[119.96533,26.14473],[119.96524,26.14475],[119.96531,26.14481],[119.96533,26.14473]]],[[[119.96455,26.14465],[119.96528,26.1444],[119.9646,26.14426],[119.96455,26.14465]]],[[[119.96502,26.14506],[119.9652,26.14495],[119.96506,26.14491],[119.96502,26.14506]]],[[[119.9559,26.15092],[119.95558,26.15074],[119.95555,26.15077],[119.9559,26.15092]]],[[[120.40289,26.15649],[120.40312,26.15787],[120.40647,26.15547],[120.40289,26.15649]]],[[[119.97115,26.16117],[119.97102,26.16115],[119.9711,26.16123],[119.97115,26.16117]]],[[[119.97095,26.16121],[119.97083,26.16119],[119.9709,26.16128],[119.97095,26.16121]]],[[[119.97119,26.16136],[119.97111,26.16132],[119.97112,26.16138],[119.97119,26.16136]]],[[[119.97045,26.16162],[119.97031,26.16163],[119.97043,26.16169],[119.97045,26.16162]]],[[[119.97073,26.16172],[119.97058,26.16156],[119.97051,26.16161],[119.97073,26.16172]]],[[[119.97034,26.16267],[119.97023,26.16261],[119.97018,26.16267],[119.97034,26.16267]]],[[[119.97328,26.16383],[119.97357,26.16376],[119.97319,26.16371],[119.97328,26.16383]]],[[[119.97281,26.16391],[119.97274,26.1638],[119.97268,26.16389],[119.97281,26.16391]]],[[[119.96365,26.1639],[119.96396,26.16369],[119.96362,26.16385],[119.96365,26.1639]]],[[[119.97326,26.1649],[119.97304,26.16492],[119.97325,26.16501],[119.97326,26.1649]]],[[[119.97376,26.16599],[119.97367,26.16593],[119.97364,26.16598],[119.97376,26.16599]]],[[[119.97138,26.16843],[119.97126,26.16842],[119.97144,26.16865],[119.97138,26.16843]]],[[[119.96788,26.16874],[119.96578,26.1665],[119.96503,26.167],[119.96788,26.16874]]],[[[119.97283,26.16842],[119.97232,26.16583],[119.97391,26.16621],[119.97271,26.16588],[119.97048,26.16175],[119.97072,26.16722],[119.97283,26.16842]]],[[[119.97234,26.16881],[119.97198,26.16878],[119.97234,26.16892],[119.97234,26.16881]]],[[[119.97372,26.16903],[119.97362,26.169],[119.97364,26.16909],[119.97372,26.16903]]],[[[119.92892,26.17192],[119.9293,26.17194],[119.92896,26.17167],[119.92892,26.17192]]],[[[119.91703,26.17518],[119.91995,26.17505],[119.92218,26.17178],[119.92828,26.17199],[119.92392,26.16206],[119.92794,26.16019],[119.93047,26.16207],[119.93114,26.15815],[119.93497,26.15953],[119.93582,26.15423],[119.94186,26.15891],[119.93962,26.16584],[119.9444,26.16497],[119.95115,26.16821],[119.9536,26.16421],[119.95662,26.16796],[119.96519,26.16649],[119.96289,26.16375],[119.96218,26.15842],[119.9553,26.15074],[119.94996,26.15355],[119.94876,26.14856],[119.94199,26.14326],[119.93802,26.14289],[119.93724,26.14579],[119.93443,26.14569],[119.92881,26.14159],[119.9304,26.13979],[119.92442,26.13778],[119.92347,26.142],[119.91683,26.14109],[119.91261,26.14257],[119.91303,26.14526],[119.9089,26.14535],[119.91766,26.1579],[119.9125,26.15959],[119.91758,26.16269],[119.91916,26.1672],[119.91515,26.16944],[119.91703,26.17518]]],[[[119.91828,26.1755],[119.91813,26.17531],[119.91798,26.17556],[119.91828,26.1755]]],[[[119.9805,26.18729],[119.98011,26.18677],[119.98009,26.18734],[119.9805,26.18729]]],[[[119.94912,26.19521],[119.94723,26.195],[119.94905,26.19558],[119.94912,26.19521]]],[[[120.01459,26.2106],[120.0109,26.21043],[120.0147,26.21116],[120.01459,26.2106]]],[[[120.01611,26.21368],[120.01524,26.21334],[120.01605,26.21387],[120.01611,26.21368]]],[[[120.01573,26.21395],[120.0155,26.21412],[120.01595,26.21425],[120.01573,26.21395]]],[[[120.01207,26.21258],[120.01355,26.21413],[120.01499,26.21325],[120.01207,26.21258]]],[[[120.01577,26.21435],[120.0156,26.21445],[120.01583,26.21443],[120.01577,26.21435]]],[[[120.01199,26.21569],[120.01186,26.2157],[120.01195,26.2158],[120.01199,26.21569]]],[[[120.04855,26.22603],[120.04804,26.22597],[120.04852,26.22631],[120.04855,26.22603]]],[[[119.98332,26.22665],[119.98259,26.22657],[119.98317,26.22695],[119.98332,26.22665]]],[[[120.0631,26.23372],[120.06226,26.23363],[120.063,26.23405],[120.0631,26.23372]]],[[[120.06233,26.23807],[120.06131,26.23664],[120.06068,26.23691],[120.06078,26.23781],[120.06233,26.23807]]],[[[119.99641,26.23809],[120.00005,26.23799],[120.0019,26.23361],[120.00637,26.23406],[120.00647,26.22786],[120.00364,26.22365],[120.01049,26.22846],[120.01538,26.22779],[120.01448,26.22349],[120.0098,26.21967],[120.01267,26.21785],[120.01158,26.2173],[120.01163,26.21438],[120.00963,26.21476],[120.007,26.22227],[120.00334,26.22293],[120.00022,26.21872],[120.00064,26.22196],[119.99834,26.22263],[119.9969,26.21815],[119.99306,26.21863],[119.99022,26.21444],[119.98706,26.21868],[119.97584,26.2152],[119.97254,26.21187],[119.97137,26.19938],[119.97357,26.1976],[119.97288,26.19482],[119.97599,26.19325],[119.97353,26.19231],[119.97127,26.19524],[119.96646,26.19402],[119.9656,26.20489],[119.97106,26.21243],[119.96743,26.22125],[119.97155,26.22092],[119.97873,26.22601],[119.98325,26.22498],[119.99641,26.23809]]],[[[120.01541,26.23939],[120.01615,26.23781],[120.01421,26.23862],[120.01541,26.23939]]],[[[120.01276,26.24053],[120.0141,26.23899],[120.01131,26.23563],[120.01087,26.23812],[120.01276,26.24053]]],[[[120.20204,26.24913],[120.20233,26.24906],[120.20217,26.24887],[120.20204,26.24913]]],[[[120.00087,26.24849],[120.00648,26.25075],[120.00328,26.24521],[119.99583,26.24205],[119.99843,26.24972],[120.00087,26.24849]]],[[[120.00719,26.25147],[120.00656,26.25113],[120.00675,26.25165],[120.00719,26.25147]]],[[[120.20235,26.25172],[120.20256,26.25173],[120.20254,26.25165],[120.20235,26.25172]]],[[[120.00704,26.25174],[120.00695,26.25169],[120.00711,26.25187],[120.00704,26.25174]]],[[[120.0073,26.25192],[120.00719,26.2519],[120.0073,26.25194],[120.0073,26.25192]]],[[[120.00989,26.25515],[120.01108,26.25396],[120.01504,26.25411],[120.00751,26.25194],[120.00989,26.25515]]],[[[120.00967,26.25577],[120.00946,26.25561],[120.0095,26.25578],[120.00967,26.25577]]],[[[119.99293,26.25606],[119.99245,26.25613],[119.99285,26.25628],[119.99293,26.25606]]],[[[119.99333,26.25637],[119.99304,26.25622],[119.99329,26.25648],[119.99333,26.25637]]],[[[119.99345,26.2568],[119.99323,26.25683],[119.99345,26.2569],[119.99345,26.2568]]],[[[119.99324,26.25694],[119.99303,26.25698],[119.99323,26.25704],[119.99324,26.25694]]],[[[119.99331,26.2574],[119.99272,26.25735],[119.99319,26.25753],[119.99331,26.2574]]],[[[119.99227,26.25867],[119.99245,26.2577],[119.99132,26.25835],[119.99227,26.25867]]],[[[119.97676,26.27342],[119.97576,26.27211],[119.97559,26.27225],[119.97676,26.27342]]],[[[119.99201,26.27953],[119.99181,26.27931],[119.99169,26.27947],[119.99201,26.27953]]],[[[119.9993,26.28063],[119.99872,26.28116],[119.99957,26.28131],[119.9993,26.28063]]],[[[119.99847,26.28161],[119.99783,26.28171],[119.99891,26.28183],[119.99847,26.28161]]],[[[119.99939,26.28252],[119.99801,26.28251],[119.99963,26.28301],[119.99939,26.28252]]],[[[119.99228,26.28306],[119.99148,26.28312],[119.99206,26.28339],[119.99228,26.28306]]],[[[119.99114,26.28295],[119.98989,26.28211],[119.99091,26.28349],[119.99114,26.28295]]],[[[119.98961,26.28187],[119.98879,26.27816],[119.99144,26.27871],[119.98927,26.27694],[119.9923,26.27569],[119.98865,26.27294],[119.99035,26.2697],[119.98791,26.26715],[119.98123,26.26655],[119.97839,26.27206],[119.98405,26.27483],[119.98158,26.27832],[119.98319,26.28047],[119.98677,26.28009],[119.98682,26.28301],[119.98961,26.28187]]],[[[119.98685,26.28371],[119.98652,26.28376],[119.98662,26.28387],[119.98685,26.28371]]],[[[119.99068,26.28426],[119.98987,26.28403],[119.99031,26.28448],[119.99068,26.28426]]],[[[119.98668,26.28474],[119.98633,26.28502],[119.98696,26.28517],[119.98668,26.28474]]],[[[120.00828,26.29846],[120.0085,26.29802],[120.008,26.2979],[120.00828,26.29846]]],[[[120.21369,26.3352],[120.2133,26.33495],[120.21319,26.33513],[120.21369,26.3352]]],[[[120.21637,26.33465],[120.21589,26.33494],[120.21608,26.33525],[120.21637,26.33465]]],[[[120.21468,26.33509],[120.21423,26.3355],[120.21461,26.33551],[120.21468,26.33509]]],[[[120.21711,26.33611],[120.21677,26.33572],[120.2166,26.33605],[120.21711,26.33611]]],[[[120.22419,26.33934],[120.22388,26.33935],[120.22397,26.3395],[120.22419,26.33934]]],[[[120.2276,26.34351],[120.2271,26.34337],[120.22716,26.34377],[120.2276,26.34351]]],[[[120.22779,26.34415],[120.22712,26.34386],[120.22731,26.34449],[120.22779,26.34415]]],[[[120.2289,26.34737],[120.22744,26.34483],[120.22311,26.33853],[120.21806,26.33571],[120.22033,26.34183],[120.2289,26.34737]]],[[[120.48368,26.35424],[120.48181,26.35283],[120.48383,26.35493],[120.48368,26.35424]]],[[[120.48554,26.35599],[120.48581,26.35497],[120.48521,26.35541],[120.48554,26.35599]]],[[[120.48638,26.3559],[120.48595,26.35588],[120.48584,26.35629],[120.48638,26.3559]]],[[[120.49432,26.35693],[120.49373,26.3568],[120.49429,26.35714],[120.49432,26.35693]]],[[[120.49499,26.35833],[120.49485,26.35825],[120.49481,26.35841],[120.49499,26.35833]]],[[[120.49542,26.35919],[120.49516,26.35915],[120.49527,26.35945],[120.49542,26.35919]]],[[[120.51149,26.36494],[120.5112,26.3646],[120.51114,26.36474],[120.51149,26.36494]]],[[[120.50066,26.37621],[120.50045,26.37614],[120.50063,26.37641],[120.50066,26.37621]]],[[[120.5011,26.37759],[120.50091,26.37752],[120.50091,26.37766],[120.5011,26.37759]]],[[[120.50101,26.37799],[120.5006,26.37809],[120.50092,26.37819],[120.50101,26.37799]]],[[[120.48418,26.3788],[120.48336,26.3786],[120.4842,26.37896],[120.48418,26.3788]]],[[[120.48311,26.37908],[120.48299,26.37905],[120.48303,26.37911],[120.48311,26.37908]]],[[[120.48332,26.37929],[120.48321,26.37925],[120.48325,26.37932],[120.48332,26.37929]]],[[[120.48421,26.37941],[120.48359,26.37935],[120.48419,26.37975],[120.48421,26.37941]]],[[[120.48084,26.38159],[120.48074,26.38152],[120.48076,26.3816],[120.48084,26.38159]]],[[[120.48143,26.3817],[120.4813,26.3817],[120.48141,26.38177],[120.48143,26.3817]]],[[[120.48066,26.382],[120.48053,26.38196],[120.48066,26.38207],[120.48066,26.382]]],[[[120.48049,26.38208],[120.48039,26.38204],[120.48042,26.38211],[120.48049,26.38208]]],[[[120.48164,26.38223],[120.48136,26.3822],[120.48162,26.38233],[120.48164,26.38223]]],[[[120.48055,26.38227],[120.48042,26.38224],[120.48048,26.38235],[120.48055,26.38227]]],[[[120.08261,26.38256],[120.08297,26.38222],[120.08262,26.3823],[120.08261,26.38256]]],[[[120.08187,26.38269],[120.08247,26.3822],[120.082,26.38212],[120.08187,26.38269]]],[[[120.47442,26.38362],[120.47429,26.38358],[120.47436,26.38369],[120.47442,26.38362]]],[[[120.48072,26.38377],[120.48049,26.38375],[120.48068,26.38385],[120.48072,26.38377]]],[[[120.47417,26.38375],[120.47377,26.38357],[120.474,26.38394],[120.47417,26.38375]]],[[[120.47959,26.383],[120.48345,26.37719],[120.48151,26.37123],[120.49199,26.37065],[120.4942,26.37779],[120.49969,26.37844],[120.49866,26.37265],[120.50355,26.3708],[120.50663,26.37296],[120.5113,26.36522],[120.50646,26.36705],[120.50419,26.36557],[120.50133,26.36869],[120.50055,26.36444],[120.49615,26.36116],[120.49348,26.35689],[120.49298,26.35932],[120.48856,26.35736],[120.48615,26.35979],[120.48422,26.3558],[120.48156,26.35843],[120.48379,26.36325],[120.48205,26.36499],[120.4854,26.36547],[120.48535,26.36893],[120.48102,26.37079],[120.47771,26.36756],[120.47692,26.37909],[120.46934,26.37123],[120.46925,26.37712],[120.47468,26.37965],[120.47404,26.38338],[120.47959,26.383]]],[[[120.08409,26.38497],[120.08529,26.38409],[120.0829,26.38433],[120.08409,26.38497]]],[[[120.08603,26.38525],[120.08593,26.38519],[120.08592,26.38528],[120.08603,26.38525]]]]}},{"type":"Feature","properties":{"id":"TW-MIA","zh":"苗栗縣","en":"Miaoli County","labelLng":120.8728,"labelLat":24.51499},"geometry":{"type":"Polygon","coordinates":[[[121.0082,24.64432],[121.01438,24.64085],[121.02543,24.64121],[121.0259,24.63591],[121.04338,24.62715],[121.05156,24.61515],[121.06256,24.62175],[121.06808,24.61487],[121.07492,24.6123],[121.07558,24.60384],[121.08127,24.60057],[121.0831,24.58999],[121.0795,24.5881],[121.07525,24.58067],[121.07059,24.56336],[121.06273,24.55746],[121.05842,24.56064],[121.05862,24.5574],[121.07346,24.54942],[121.08054,24.54096],[121.0783,24.5289],[121.06692,24.52255],[121.0681,24.507],[121.07211,24.50337],[121.07188,24.49838],[121.08555,24.50131],[121.09807,24.49642],[121.10893,24.50097],[121.11696,24.50839],[121.12332,24.51023],[121.12965,24.5067],[121.13699,24.50665],[121.14502,24.51192],[121.15058,24.50609],[121.15502,24.5068],[121.16913,24.50259],[121.17791,24.50765],[121.18318,24.50793],[121.18671,24.50536],[121.19568,24.50717],[121.20318,24.51251],[121.20955,24.51149],[121.21523,24.51545],[121.21736,24.51436],[121.21747,24.50965],[121.22364,24.50631],[121.21867,24.49826],[121.22878,24.49241],[121.22992,24.48891],[121.23443,24.48802],[121.23471,24.48366],[121.24329,24.47729],[121.24442,24.46994],[121.24931,24.46587],[121.25796,24.46335],[121.25803,24.45746],[121.26263,24.45525],[121.25817,24.42585],[121.24999,24.42491],[121.24389,24.42008],[121.24198,24.41409],[121.24356,24.40572],[121.23466,24.39734],[121.23205,24.38401],[121.21587,24.37945],[121.21124,24.38839],[121.21029,24.39612],[121.20719,24.39791],[121.19718,24.39659],[121.19671,24.39152],[121.19023,24.38162],[121.18329,24.38101],[121.17342,24.37334],[121.17417,24.36892],[121.16836,24.36091],[121.1484,24.35788],[121.14095,24.35964],[121.13122,24.34936],[121.12843,24.34217],[121.12412,24.34055],[121.12157,24.33068],[121.11487,24.32864],[121.10847,24.33095],[121.09192,24.31863],[121.08644,24.31768],[121.08147,24.32414],[121.07307,24.32282],[121.07385,24.31919],[121.07021,24.31576],[121.05552,24.31059],[121.05224,24.29933],[121.04914,24.296],[121.03413,24.29782],[121.02936,24.30471],[121.01801,24.3113],[121.01449,24.32011],[121.00415,24.3323],[120.99177,24.32962],[120.98558,24.33166],[120.98198,24.3359],[120.96648,24.33346],[120.96016,24.33506],[120.95678,24.3393],[120.94245,24.33914],[120.93564,24.34292],[120.9166,24.33513],[120.92249,24.30395],[120.9119,24.29407],[120.90298,24.29218],[120.87611,24.29501],[120.85651,24.289],[120.83814,24.28928],[120.82531,24.29678],[120.81757,24.30742],[120.80653,24.31568],[120.78382,24.31835],[120.763,24.32602],[120.7304,24.35181],[120.70729,24.35787],[120.70742,24.36173],[120.69276,24.36714],[120.68994,24.37434],[120.67727,24.38416],[120.67864,24.38707],[120.6701,24.39196],[120.66424,24.40172],[120.64596,24.4123],[120.63966,24.42777],[120.63209,24.43242],[120.62859,24.43804],[120.62185,24.44029],[120.63776,24.45419],[120.63961,24.46001],[120.65265,24.47074],[120.66182,24.48378],[120.66539,24.48361],[120.66843,24.49982],[120.67763,24.51453],[120.68467,24.52139],[120.69336,24.54887],[120.70118,24.56154],[120.70976,24.59102],[120.71581,24.60097],[120.73116,24.61187],[120.73819,24.62086],[120.74583,24.62174],[120.75237,24.62741],[120.75637,24.63255],[120.75769,24.64152],[120.76085,24.64312],[120.76358,24.64907],[120.76777,24.65045],[120.76851,24.65469],[120.77871,24.66257],[120.79159,24.66782],[120.82409,24.67338],[120.85616,24.70251],[120.86133,24.72165],[120.87453,24.73832],[120.88103,24.73329],[120.88356,24.73453],[120.89103,24.73178],[120.89743,24.73347],[120.9078,24.74107],[120.91627,24.72153],[120.91366,24.71734],[120.92364,24.71455],[120.9303,24.71662],[120.94206,24.70733],[120.94979,24.7112],[120.95302,24.70409],[120.95934,24.70666],[120.96337,24.71148],[120.96621,24.70965],[120.97387,24.71182],[120.97668,24.70647],[120.97221,24.70358],[120.97399,24.69694],[120.96637,24.69117],[120.96674,24.68611],[120.9644,24.68362],[120.97269,24.68586],[120.97556,24.68457],[120.97701,24.67365],[120.98175,24.67178],[120.98677,24.66377],[120.99064,24.66479],[120.99063,24.66039],[120.99508,24.6593],[120.99711,24.65467],[121.01027,24.65621],[121.0082,24.64432]]]}},{"type":"Feature","properties":{"id":"TW-NAN","zh":"南投縣","en":"Nantou County","labelLng":120.93342,"labelLat":23.84107},"geometry":{"type":"Polygon","coordinates":[[[121.27086,24.23661],[121.27685,24.23547],[121.27999,24.22978],[121.28296,24.23103],[121.28588,24.22909],[121.294,24.22959],[121.30117,24.23669],[121.30389,24.23368],[121.31409,24.235],[121.31965,24.23187],[121.32444,24.23301],[121.33316,24.22983],[121.34301,24.22355],[121.34937,24.21044],[121.34967,24.20024],[121.32561,24.19613],[121.31578,24.18517],[121.30708,24.18033],[121.28661,24.17763],[121.28835,24.15774],[121.28033,24.15786],[121.28103,24.15449],[121.28468,24.15229],[121.28137,24.13587],[121.29586,24.13244],[121.31566,24.11649],[121.3284,24.11463],[121.32565,24.10246],[121.31895,24.09501],[121.32323,24.08518],[121.30819,24.07331],[121.29989,24.06217],[121.29554,24.06378],[121.28321,24.05427],[121.28566,24.03953],[121.25994,23.99062],[121.26442,23.9757],[121.27357,23.97525],[121.27791,23.96583],[121.2747,23.95144],[121.27175,23.9485],[121.27433,23.94564],[121.27206,23.93834],[121.27651,23.92316],[121.27608,23.90986],[121.27445,23.90732],[121.26627,23.90726],[121.26106,23.9026],[121.26244,23.89908],[121.26653,23.89841],[121.26551,23.89124],[121.26845,23.88375],[121.26318,23.88077],[121.26519,23.87283],[121.25815,23.87251],[121.25303,23.86789],[121.24892,23.85213],[121.23942,23.84042],[121.23668,23.82521],[121.23913,23.82186],[121.23477,23.81794],[121.23446,23.812],[121.22754,23.80854],[121.22605,23.80228],[121.22662,23.79244],[121.2304,23.78797],[121.22629,23.78367],[121.20465,23.7724],[121.20867,23.76584],[121.20648,23.76264],[121.21864,23.75638],[121.2214,23.75275],[121.22931,23.75227],[121.2333,23.74895],[121.22885,23.74451],[121.22858,23.73508],[121.22967,23.73008],[121.23311,23.73013],[121.23577,23.72464],[121.23941,23.72435],[121.23779,23.72007],[121.24123,23.70794],[121.23943,23.68697],[121.23245,23.67746],[121.23596,23.67077],[121.23575,23.6622],[121.22412,23.63885],[121.22473,23.62682],[121.21732,23.6147],[121.21312,23.60008],[121.20623,23.59579],[121.20013,23.5964],[121.19396,23.6005],[121.18941,23.59481],[121.17973,23.59003],[121.17804,23.58264],[121.16675,23.58714],[121.15339,23.58678],[121.15215,23.57316],[121.16035,23.56976],[121.16034,23.56783],[121.15714,23.55956],[121.15188,23.56047],[121.14612,23.55437],[121.15106,23.54517],[121.14688,23.53411],[121.15092,23.52663],[121.1444,23.5256],[121.13514,23.51493],[121.1177,23.52164],[121.10367,23.51893],[121.09736,23.52165],[121.09185,23.51452],[121.08811,23.51405],[121.06846,23.51845],[121.06614,23.50631],[121.06217,23.49954],[121.0541,23.4956],[121.05361,23.48783],[121.0389,23.47408],[121.04965,23.46783],[121.05131,23.46431],[121.05893,23.46194],[121.05835,23.46027],[121.05453,23.45738],[121.05182,23.4508],[121.04646,23.45087],[121.03495,23.44606],[121.02652,23.43915],[121.01527,23.43541],[121.01058,23.44124],[121.01042,23.44507],[121.01585,23.45161],[121.00846,23.46209],[120.99879,23.46238],[120.98054,23.46921],[120.97063,23.46904],[120.96671,23.4717],[120.94752,23.46712],[120.93757,23.47305],[120.93096,23.47066],[120.92092,23.47493],[120.91021,23.47623],[120.88671,23.47556],[120.88003,23.46762],[120.8632,23.47355],[120.84209,23.47326],[120.83897,23.47122],[120.83264,23.47473],[120.82707,23.48338],[120.82285,23.49867],[120.82407,23.50528],[120.82304,23.51136],[120.81956,23.51558],[120.82035,23.52148],[120.80861,23.53619],[120.80883,23.54586],[120.81149,23.55106],[120.81586,23.55311],[120.81415,23.55624],[120.82063,23.5624],[120.8219,23.57091],[120.81991,23.57768],[120.82553,23.58637],[120.81988,23.59044],[120.81687,23.5956],[120.81763,23.5996],[120.81371,23.60095],[120.80333,23.59665],[120.79492,23.59725],[120.79087,23.60095],[120.77831,23.60203],[120.77005,23.60606],[120.76428,23.61224],[120.75356,23.61482],[120.74748,23.61117],[120.74439,23.61267],[120.7374,23.60963],[120.73086,23.61081],[120.73067,23.61828],[120.72309,23.62253],[120.71837,23.62996],[120.7131,23.62791],[120.71407,23.62102],[120.7111,23.61951],[120.70503,23.61727],[120.69132,23.62036],[120.68606,23.61821],[120.68373,23.61094],[120.66913,23.60934],[120.6612,23.61047],[120.65145,23.61611],[120.653,23.62951],[120.64513,23.63099],[120.63536,23.61985],[120.63106,23.62169],[120.62907,23.63517],[120.6352,23.64286],[120.63497,23.65157],[120.64693,23.67271],[120.64827,23.68279],[120.6434,23.6997],[120.64567,23.70321],[120.64137,23.70563],[120.63898,23.71058],[120.64168,23.72228],[120.64021,23.73072],[120.64206,23.73064],[120.64454,23.73664],[120.65584,23.73512],[120.65569,23.75502],[120.64847,23.77328],[120.64037,23.78605],[120.66377,23.79214],[120.67492,23.79973],[120.68395,23.80157],[120.68341,23.80542],[120.67898,23.80595],[120.67881,23.8163],[120.67635,23.81929],[120.65091,23.81251],[120.64797,23.81664],[120.63776,23.82178],[120.63919,23.82457],[120.63386,23.82584],[120.64,23.82511],[120.63772,23.82638],[120.63945,23.82742],[120.63604,23.82792],[120.63818,23.82892],[120.63719,23.83056],[120.63435,23.83112],[120.63844,23.83141],[120.63705,23.83279],[120.62359,23.82949],[120.62424,23.83175],[120.63364,23.83409],[120.6291,23.8344],[120.63105,23.83565],[120.62827,23.83582],[120.62997,23.83735],[120.62492,23.8366],[120.62905,23.83868],[120.62612,23.84192],[120.62224,23.83866],[120.62084,23.84166],[120.61717,23.83763],[120.61549,23.84048],[120.62359,23.84707],[120.61943,23.84962],[120.62344,23.8489],[120.62781,23.8574],[120.62223,23.86012],[120.62354,23.86197],[120.6206,23.86372],[120.6199,23.86837],[120.62395,23.86893],[120.62482,23.87711],[120.62958,23.88463],[120.62942,23.8891],[120.6273,23.88951],[120.63265,23.88969],[120.6344,23.89355],[120.6328,23.89645],[120.63506,23.8986],[120.63492,23.90146],[120.63136,23.90343],[120.63422,23.90767],[120.6294,23.91082],[120.63259,23.91088],[120.63305,23.9142],[120.63471,23.91312],[120.63353,23.91958],[120.63645,23.91937],[120.63532,23.92166],[120.6374,23.92409],[120.62782,23.93108],[120.63548,23.93745],[120.63764,23.93559],[120.63016,23.94296],[120.63082,23.9448],[120.63465,23.94371],[120.62759,23.95177],[120.63384,23.95337],[120.62698,23.95644],[120.63112,23.9563],[120.6354,23.95225],[120.64265,23.95827],[120.64686,23.96342],[120.64631,23.97324],[120.65017,23.9837],[120.64532,23.98962],[120.63682,23.99451],[120.63809,24.00741],[120.64034,24.00573],[120.64247,24.00896],[120.64619,24.00915],[120.67258,24.00585],[120.67369,24.00809],[120.67008,24.00996],[120.67599,24.01071],[120.67876,24.01422],[120.69488,24.00712],[120.70638,24.00519],[120.71924,24.00966],[120.73173,24.00901],[120.74365,24.00217],[120.74603,23.99856],[120.75797,24.0061],[120.77056,24.00907],[120.77125,24.0142],[120.7752,24.01855],[120.78464,24.02408],[120.7862,24.02936],[120.79154,24.03067],[120.79169,24.03526],[120.79736,24.0411],[120.80799,24.06537],[120.81186,24.06607],[120.81445,24.0699],[120.81924,24.06847],[120.8293,24.07151],[120.82837,24.09395],[120.83248,24.09875],[120.83031,24.10259],[120.8345,24.10761],[120.83627,24.11695],[120.84485,24.12453],[120.85387,24.12451],[120.8586,24.11621],[120.87245,24.11684],[120.87914,24.1093],[120.8815,24.10058],[120.87686,24.09119],[120.87801,24.08503],[120.88587,24.09541],[120.89132,24.0978],[120.89109,24.10203],[120.89425,24.10685],[120.89417,24.11074],[120.89024,24.11355],[120.89153,24.11591],[120.90488,24.11449],[120.90956,24.10923],[120.91988,24.10744],[120.93255,24.11258],[120.95011,24.12786],[120.96121,24.12015],[120.97116,24.12024],[120.97569,24.11687],[120.98543,24.12022],[120.98908,24.11877],[120.99202,24.12106],[120.99202,24.12525],[120.99955,24.12776],[121.00817,24.14704],[121.01954,24.15871],[121.02776,24.15956],[121.031,24.14934],[121.03333,24.14858],[121.03804,24.15818],[121.04758,24.16002],[121.05266,24.1548],[121.0594,24.16278],[121.0646,24.16302],[121.08096,24.17542],[121.08488,24.17592],[121.09135,24.18273],[121.09441,24.19015],[121.10169,24.19563],[121.10842,24.19801],[121.13635,24.19634],[121.14136,24.19965],[121.14789,24.21291],[121.16098,24.21518],[121.16764,24.22539],[121.18171,24.21205],[121.19155,24.21659],[121.19634,24.223],[121.20823,24.2217],[121.21942,24.2292],[121.22834,24.22471],[121.23077,24.22605],[121.23041,24.22353],[121.23795,24.21971],[121.24416,24.22249],[121.25195,24.23919],[121.25879,24.24512],[121.26541,24.24567],[121.26591,24.2411],[121.27086,24.23661]]]}},{"type":"Feature","properties":{"id":"TW-NWT","zh":"新北市","en":"New Taipei City","labelLng":121.7715,"labelLat":24.98636},"geometry":{"type":"Polygon","coordinates":[[[121.53752,25.30003],[121.54121,25.29459],[121.55039,25.29163],[121.56566,25.29326],[121.5693,25.29846],[121.57754,25.29895],[121.58868,25.29263],[121.59803,25.29143],[121.60793,25.28146],[121.61785,25.27814],[121.63412,25.26004],[121.63503,25.23814],[121.64342,25.23064],[121.64868,25.23011],[121.64693,25.23303],[121.65215,25.23327],[121.65134,25.23051],[121.65374,25.22916],[121.65001,25.223],[121.65346,25.21628],[121.66083,25.20818],[121.66373,25.20968],[121.66222,25.20774],[121.66429,25.20924],[121.66427,25.20704],[121.6661,25.20798],[121.66504,25.2066],[121.67005,25.20297],[121.67443,25.20236],[121.67408,25.20421],[121.67808,25.20595],[121.67929,25.20282],[121.68599,25.20819],[121.68889,25.20523],[121.68848,25.20832],[121.69266,25.20816],[121.69651,25.21467],[121.70237,25.21714],[121.69276,25.20668],[121.69272,25.20331],[121.696,25.20392],[121.69469,25.20042],[121.68571,25.1901],[121.69266,25.18013],[121.69668,25.18279],[121.70883,25.17544],[121.70224,25.17352],[121.69894,25.16722],[121.69129,25.16633],[121.67758,25.15573],[121.65827,25.15223],[121.64961,25.14489],[121.63981,25.14585],[121.62679,25.13974],[121.63313,25.13099],[121.64317,25.12768],[121.64624,25.12106],[121.64623,25.11363],[121.65222,25.10474],[121.64892,25.10186],[121.65071,25.09845],[121.67402,25.08292],[121.6812,25.08802],[121.67909,25.07878],[121.68841,25.07174],[121.69951,25.06739],[121.71236,25.06804],[121.7321,25.05271],[121.73749,25.05477],[121.7459,25.053],[121.75687,25.05934],[121.76402,25.05744],[121.76734,25.06183],[121.77172,25.06321],[121.77569,25.07],[121.76941,25.07791],[121.76124,25.07887],[121.75835,25.09413],[121.75988,25.10062],[121.75679,25.10182],[121.75605,25.10841],[121.75273,25.10685],[121.75002,25.10973],[121.7669,25.11253],[121.77352,25.12028],[121.78337,25.11662],[121.78592,25.11819],[121.79015,25.11227],[121.79477,25.11262],[121.79776,25.11432],[121.79887,25.11909],[121.7942,25.12335],[121.79461,25.1264],[121.80236,25.12177],[121.80501,25.12534],[121.8035,25.13621],[121.81042,25.1331],[121.8266,25.13599],[121.81941,25.12864],[121.82253,25.12144],[121.82797,25.1222],[121.82638,25.12417],[121.82772,25.12522],[121.828,25.12274],[121.82956,25.12438],[121.82881,25.12765],[121.84185,25.12886],[121.85608,25.12481],[121.86248,25.12633],[121.86503,25.12315],[121.87598,25.12556],[121.87932,25.12308],[121.88802,25.12325],[121.88981,25.11987],[121.89707,25.1197],[121.90452,25.12432],[121.91475,25.12424],[121.91647,25.12727],[121.92401,25.13012],[121.92678,25.12885],[121.92081,25.11746],[121.91603,25.11386],[121.92319,25.11329],[121.92654,25.10815],[121.92322,25.10532],[121.92415,25.10368],[121.91944,25.10225],[121.91959,25.09485],[121.91443,25.08975],[121.91441,25.08548],[121.91687,25.0814],[121.91554,25.07664],[121.92845,25.07087],[121.93171,25.06312],[121.92887,25.04303],[121.93205,25.03586],[121.9471,25.02107],[121.97788,25.02662],[121.99016,25.02106],[121.99228,25.01647],[121.99117,25.01296],[121.99776,25.02076],[122.00181,25.01481],[122.00633,25.01539],[122.00508,25.01338],[122.00749,25.01174],[122.00515,25.00155],[121.99667,25.00076],[121.98929,24.99375],[121.97754,24.99007],[121.97474,24.9853],[121.96771,24.98482],[121.96679,24.98246],[121.96107,24.9883],[121.94789,24.98667],[121.94463,24.98818],[121.93349,24.9809],[121.91486,24.97935],[121.91032,24.97478],[121.90282,24.97438],[121.8972,24.96707],[121.88856,24.96318],[121.88252,24.96417],[121.87154,24.96072],[121.8609,24.96366],[121.85256,24.95961],[121.84685,24.96027],[121.8414,24.95427],[121.83904,24.94464],[121.84243,24.93936],[121.84673,24.93772],[121.84914,24.93033],[121.85386,24.92788],[121.85393,24.92564],[121.83595,24.90796],[121.83181,24.90491],[121.81837,24.90271],[121.81163,24.90652],[121.81047,24.90363],[121.80462,24.90119],[121.79199,24.89987],[121.79293,24.89616],[121.78168,24.88947],[121.78223,24.87919],[121.7852,24.87419],[121.77732,24.87077],[121.77548,24.86513],[121.76848,24.86579],[121.76437,24.85989],[121.76156,24.86016],[121.76098,24.8567],[121.74577,24.85286],[121.73041,24.85525],[121.71426,24.84179],[121.70891,24.84055],[121.70186,24.8344],[121.6964,24.83462],[121.69616,24.8299],[121.68764,24.82491],[121.69011,24.8215],[121.6883,24.81613],[121.68123,24.81762],[121.67427,24.81413],[121.66904,24.81801],[121.66068,24.81083],[121.64737,24.81395],[121.64503,24.80929],[121.63879,24.81073],[121.62582,24.80878],[121.62546,24.79506],[121.62095,24.79251],[121.60963,24.79377],[121.60564,24.78913],[121.59208,24.78774],[121.59758,24.77217],[121.58897,24.75515],[121.59032,24.75125],[121.59612,24.7483],[121.59166,24.74492],[121.5953,24.73963],[121.59376,24.72954],[121.59783,24.72928],[121.59754,24.72768],[121.58737,24.72019],[121.5783,24.72236],[121.57481,24.71011],[121.57037,24.71397],[121.56777,24.71157],[121.55637,24.71122],[121.55061,24.70574],[121.5432,24.70565],[121.53786,24.69985],[121.53888,24.69478],[121.53655,24.68833],[121.52787,24.68897],[121.52379,24.6833],[121.51173,24.68436],[121.493,24.67325],[121.48791,24.67519],[121.47999,24.67385],[121.47394,24.68533],[121.47423,24.6961],[121.46949,24.69615],[121.46254,24.70164],[121.45022,24.70568],[121.44095,24.72608],[121.4342,24.73013],[121.43534,24.73331],[121.42868,24.74807],[121.42848,24.75346],[121.4233,24.76202],[121.42622,24.76783],[121.43691,24.77372],[121.4496,24.78619],[121.45038,24.79092],[121.4457,24.79013],[121.43759,24.79638],[121.43656,24.81206],[121.42956,24.81528],[121.42364,24.82543],[121.41691,24.82557],[121.41384,24.83196],[121.4156,24.8356],[121.40284,24.84355],[121.39989,24.84156],[121.39703,24.8438],[121.38807,24.84241],[121.38334,24.83699],[121.37361,24.83328],[121.37011,24.83623],[121.36005,24.83818],[121.35482,24.84397],[121.34674,24.84589],[121.33613,24.8438],[121.33726,24.84841],[121.34786,24.85095],[121.34871,24.84835],[121.35273,24.84912],[121.35479,24.85335],[121.35807,24.85329],[121.34835,24.86073],[121.34504,24.86694],[121.35444,24.87347],[121.35346,24.87652],[121.34566,24.87999],[121.34472,24.88577],[121.34113,24.888],[121.34212,24.89259],[121.33365,24.89154],[121.33324,24.89944],[121.32716,24.8959],[121.32031,24.9002],[121.3262,24.90918],[121.31758,24.91636],[121.32475,24.92344],[121.33517,24.92492],[121.3398,24.9285],[121.32205,24.92804],[121.32321,24.93128],[121.31577,24.93848],[121.33162,24.94564],[121.32799,24.94919],[121.32853,24.97194],[121.32403,24.97111],[121.32367,24.97282],[121.3286,24.97627],[121.32749,24.97849],[121.34102,24.98024],[121.34267,24.98232],[121.34714,24.97885],[121.35234,24.98085],[121.35409,24.9778],[121.3639,24.97959],[121.36935,24.9769],[121.38545,24.98605],[121.3834,24.98861],[121.38418,24.99572],[121.38803,24.9964],[121.39049,24.99332],[121.39402,24.99343],[121.39683,24.9973],[121.40303,24.99905],[121.39951,25.00697],[121.39115,25.0121],[121.39265,25.01558],[121.41212,25.01885],[121.39826,25.0301],[121.40107,25.03773],[121.39067,25.04186],[121.40068,25.04324],[121.39825,25.04401],[121.40306,25.04566],[121.39993,25.04492],[121.39769,25.04629],[121.39942,25.04782],[121.39441,25.0475],[121.39392,25.0492],[121.39852,25.04847],[121.39758,25.05053],[121.39975,25.04937],[121.4007,25.05139],[121.39103,25.05358],[121.39261,25.05507],[121.38443,25.05256],[121.38744,25.05498],[121.38559,25.05811],[121.38858,25.05685],[121.38973,25.05906],[121.38768,25.05972],[121.39092,25.06081],[121.3883,25.06307],[121.37667,25.06609],[121.35488,25.06515],[121.35377,25.06859],[121.34644,25.0703],[121.35345,25.07329],[121.34989,25.07354],[121.34991,25.07663],[121.34803,25.07382],[121.34052,25.07408],[121.34045,25.07636],[121.3446,25.07503],[121.34622,25.07564],[121.34421,25.07785],[121.34635,25.07679],[121.34524,25.07855],[121.34797,25.0788],[121.34246,25.0801],[121.34949,25.08225],[121.33829,25.08374],[121.32501,25.09255],[121.30278,25.09679],[121.2983,25.10449],[121.29161,25.10264],[121.29024,25.10686],[121.28274,25.10964],[121.28338,25.11781],[121.29259,25.1191],[121.29684,25.12265],[121.29671,25.12617],[121.29876,25.1242],[121.30414,25.12416],[121.30494,25.12611],[121.32013,25.12342],[121.34503,25.12843],[121.35993,25.13475],[121.36526,25.14017],[121.36911,25.13959],[121.38976,25.14774],[121.38782,25.15192],[121.39156,25.16798],[121.40257,25.15883],[121.40886,25.1649],[121.40551,25.168],[121.40893,25.16498],[121.41884,25.17741],[121.41636,25.18066],[121.40429,25.1831],[121.40485,25.18984],[121.419,25.19185],[121.41826,25.19742],[121.42466,25.20792],[121.43086,25.21589],[121.43763,25.21802],[121.44581,25.24256],[121.45268,25.25281],[121.4625,25.25205],[121.47157,25.25599],[121.48094,25.27088],[121.50899,25.28293],[121.50831,25.2898],[121.51071,25.292],[121.5169,25.2849],[121.52851,25.28706],[121.5345,25.29111],[121.53376,25.29707],[121.53752,25.30003]],[[121.55215,25.19825],[121.54469,25.19556],[121.54085,25.18723],[121.52547,25.18259],[121.52173,25.17913],[121.52255,25.17468],[121.51994,25.16928],[121.51353,25.171],[121.51042,25.16944],[121.50256,25.17326],[121.49878,25.165],[121.49236,25.16037],[121.48746,25.15144],[121.48286,25.15022],[121.46571,25.13169],[121.46482,25.12426],[121.45879,25.12294],[121.46093,25.1162],[121.45718,25.10763],[121.46609,25.10173],[121.48074,25.10095],[121.48874,25.09714],[121.49976,25.08724],[121.50581,25.07552],[121.50466,25.0498],[121.49678,25.04347],[121.48881,25.04257],[121.48366,25.0363],[121.48879,25.02335],[121.48876,25.01532],[121.49265,25.00953],[121.49972,25.01154],[121.50911,25.02134],[121.51844,25.01999],[121.53214,25.00813],[121.5339,25.00339],[121.53051,24.99801],[121.53169,24.99051],[121.53517,24.99514],[121.5369,24.98865],[121.54417,24.98821],[121.54505,24.98367],[121.54903,24.98376],[121.55236,24.98697],[121.55367,24.97742],[121.56121,24.96471],[121.57253,24.96398],[121.57455,24.96685],[121.57841,24.96661],[121.58567,24.96321],[121.59116,24.96461],[121.59707,24.96051],[121.60123,24.96089],[121.61963,24.96716],[121.62001,24.96945],[121.61429,24.97354],[121.6052,24.97436],[121.5995,24.97815],[121.60196,24.99029],[121.59813,24.9945],[121.60046,25.00108],[121.5959,25.00451],[121.5974,25.01469],[121.60262,25.01508],[121.60412,25.01909],[121.60925,25.02095],[121.62328,25.01727],[121.62893,25.01993],[121.63235,25.02564],[121.63568,25.02321],[121.64297,25.02456],[121.64624,25.02172],[121.65381,25.02442],[121.66283,25.02275],[121.66593,25.02988],[121.64671,25.028],[121.63347,25.03574],[121.62492,25.03773],[121.61905,25.04354],[121.61633,25.05064],[121.62092,25.05351],[121.62052,25.05665],[121.62426,25.05574],[121.61612,25.06392],[121.6215,25.06958],[121.62061,25.07323],[121.62861,25.08647],[121.62553,25.09701],[121.62215,25.09732],[121.6154,25.10387],[121.59838,25.10891],[121.59548,25.1135],[121.60171,25.12603],[121.60443,25.12592],[121.60783,25.13017],[121.60458,25.13086],[121.60568,25.13674],[121.59838,25.14031],[121.59357,25.1503],[121.58938,25.15239],[121.59183,25.15589],[121.58986,25.16372],[121.57706,25.16701],[121.5835,25.17684],[121.58086,25.1818],[121.58399,25.18879],[121.58376,25.1946],[121.57174,25.19539],[121.56483,25.20101],[121.56272,25.20936],[121.55974,25.21018],[121.555,25.20843],[121.55173,25.20355],[121.55215,25.19825]]]}},{"type":"Feature","properties":{"id":"TW-PEN","zh":"澎湖縣","en":"Penghu County","labelLng":119.42965,"labelLat":23.20744},"geometry":{"type":"MultiPolygon","coordinates":[[[[119.44025,23.22137],[119.44798,23.22009],[119.44366,23.21403],[119.4429,23.20042],[119.43616,23.20192],[119.42988,23.19678],[119.43046,23.18659],[119.41792,23.1934],[119.42162,23.19336],[119.42174,23.19607],[119.41573,23.19377],[119.42049,23.19815],[119.42062,23.20332],[119.41139,23.21155],[119.4095,23.21629],[119.41274,23.21418],[119.41473,23.21731],[119.44025,23.22137]]],[[[119.49784,23.2316],[119.49819,23.23273],[119.49893,23.23184],[119.49784,23.2316]]],[[[119.51973,23.23424],[119.52098,23.2345],[119.52065,23.23374],[119.51973,23.23424]]],[[[119.54772,23.23631],[119.54815,23.23504],[119.54626,23.23529],[119.54772,23.23631]]],[[[119.55093,23.24238],[119.55082,23.24188],[119.55063,23.24193],[119.55093,23.24238]]],[[[119.54958,23.24316],[119.55043,23.24237],[119.54923,23.24254],[119.54958,23.24316]]],[[[119.55139,23.24393],[119.55108,23.24387],[119.55121,23.24417],[119.55139,23.24393]]],[[[119.52018,23.25018],[119.51956,23.25014],[119.51995,23.2506],[119.52018,23.25018]]],[[[119.51931,23.25069],[119.51871,23.25062],[119.51904,23.25101],[119.51931,23.25069]]],[[[119.51563,23.25234],[119.51516,23.25119],[119.51414,23.25161],[119.51563,23.25234]]],[[[119.51425,23.25258],[119.51383,23.2527],[119.51418,23.2529],[119.51425,23.25258]]],[[[119.60873,23.25142],[119.62139,23.25294],[119.61963,23.24871],[119.62179,23.24476],[119.6153,23.2441],[119.60868,23.24892],[119.60873,23.25142]]],[[[119.51806,23.25389],[119.51872,23.25232],[119.51781,23.25343],[119.51806,23.25389]]],[[[119.61748,23.25547],[119.61857,23.25505],[119.61735,23.2552],[119.61748,23.25547]]],[[[119.50168,23.25845],[119.503,23.25801],[119.502,23.25781],[119.50168,23.25845]]],[[[119.67736,23.26407],[119.68008,23.26019],[119.67269,23.25128],[119.67424,23.24672],[119.67109,23.24389],[119.66457,23.25054],[119.66784,23.25528],[119.66541,23.25861],[119.66744,23.26193],[119.67736,23.26407]]],[[[119.66093,23.26437],[119.66003,23.25997],[119.65672,23.26098],[119.65747,23.26328],[119.66093,23.26437]]],[[[119.51976,23.26463],[119.52207,23.26208],[119.51645,23.25481],[119.51167,23.25522],[119.51017,23.25572],[119.50919,23.25672],[119.51136,23.25575],[119.51003,23.25716],[119.51281,23.25748],[119.51407,23.26232],[119.51976,23.26463]]],[[[119.51192,23.27251],[119.51109,23.27206],[119.51081,23.27223],[119.51192,23.27251]]],[[[119.508,23.27323],[119.50846,23.27273],[119.50776,23.27284],[119.508,23.27323]]],[[[119.50275,23.27271],[119.50894,23.27261],[119.50986,23.27323],[119.51116,23.26675],[119.50465,23.2685],[119.50275,23.27271]]],[[[119.50176,23.27641],[119.50424,23.27595],[119.5014,23.27554],[119.50176,23.27641]]],[[[119.5012,23.2767],[119.5018,23.27654],[119.50121,23.27638],[119.5012,23.2767]]],[[[119.50034,23.2871],[119.50026,23.28665],[119.50005,23.28699],[119.50034,23.2871]]],[[[119.50092,23.28903],[119.50259,23.29049],[119.50243,23.28906],[119.50092,23.28903]]],[[[119.50042,23.29079],[119.50073,23.29083],[119.50101,23.29058],[119.50042,23.29079]]],[[[119.34258,23.30563],[119.34246,23.30517],[119.34234,23.30582],[119.34258,23.30563]]],[[[119.34242,23.30764],[119.34161,23.30811],[119.34183,23.3087],[119.34242,23.30764]]],[[[119.33667,23.32236],[119.33842,23.31803],[119.33711,23.31712],[119.33495,23.31901],[119.33667,23.32236]]],[[[119.3262,23.3243],[119.32607,23.32421],[119.32615,23.32434],[119.3262,23.3243]]],[[[119.32328,23.32405],[119.32522,23.32442],[119.32556,23.32389],[119.32328,23.32405]]],[[[119.3224,23.3243],[119.32295,23.32459],[119.32313,23.32426],[119.3224,23.3243]]],[[[119.33253,23.3246],[119.33237,23.32448],[119.33244,23.32467],[119.33253,23.3246]]],[[[119.32822,23.32499],[119.32808,23.32497],[119.32817,23.32506],[119.32822,23.32499]]],[[[119.31985,23.32763],[119.32064,23.32625],[119.32193,23.3242],[119.32295,23.32385],[119.31839,23.3246],[119.31985,23.32763]]],[[[119.55542,23.34878],[119.55507,23.34793],[119.55483,23.34831],[119.55542,23.34878]]],[[[119.46588,23.34784],[119.46469,23.34736],[119.46592,23.34892],[119.46588,23.34784]]],[[[119.54353,23.34892],[119.54333,23.34902],[119.54347,23.34906],[119.54353,23.34892]]],[[[119.53795,23.34998],[119.53882,23.34918],[119.53754,23.34942],[119.53795,23.34998]]],[[[119.54158,23.35101],[119.54122,23.35076],[119.54147,23.35127],[119.54158,23.35101]]],[[[119.51996,23.35145],[119.51973,23.35134],[119.51985,23.35155],[119.51996,23.35145]]],[[[119.52001,23.35184],[119.51961,23.35185],[119.51994,23.35199],[119.52001,23.35184]]],[[[119.46712,23.35192],[119.46971,23.35295],[119.46765,23.3508],[119.46712,23.35192]]],[[[119.46703,23.35403],[119.46688,23.3538],[119.46697,23.35405],[119.46703,23.35403]]],[[[119.46825,23.35497],[119.46815,23.35487],[119.46813,23.35497],[119.46825,23.35497]]],[[[119.52762,23.35542],[119.5275,23.35517],[119.52723,23.3555],[119.52762,23.35542]]],[[[119.46358,23.35557],[119.46351,23.35446],[119.46336,23.3552],[119.46358,23.35557]]],[[[119.46842,23.35552],[119.46807,23.35555],[119.46813,23.35577],[119.46842,23.35552]]],[[[119.4602,23.35466],[119.46297,23.35498],[119.46064,23.3539],[119.4602,23.35466]]],[[[119.51807,23.35668],[119.5175,23.35643],[119.51746,23.35657],[119.51807,23.35668]]],[[[119.48033,23.35674],[119.47981,23.35903],[119.4816,23.35618],[119.48033,23.35674]]],[[[119.53645,23.36334],[119.53765,23.35993],[119.53557,23.36128],[119.53645,23.36334]]],[[[119.55261,23.36427],[119.5522,23.36382],[119.55237,23.36525],[119.55261,23.36427]]],[[[119.55257,23.36674],[119.55339,23.36669],[119.55197,23.36566],[119.55257,23.36674]]],[[[119.53132,23.37439],[119.53145,23.37399],[119.5312,23.37424],[119.53132,23.37439]]],[[[119.52363,23.37486],[119.52566,23.37503],[119.52704,23.37335],[119.52454,23.37336],[119.52363,23.37486]]],[[[119.53711,23.37527],[119.54082,23.37272],[119.54384,23.36498],[119.53247,23.36691],[119.52592,23.36281],[119.52525,23.35727],[119.52388,23.36061],[119.52047,23.35994],[119.51958,23.36683],[119.52528,23.36661],[119.52543,23.36972],[119.52765,23.36871],[119.5268,23.371],[119.52538,23.36998],[119.5271,23.37238],[119.533,23.3724],[119.53711,23.37527]]],[[[119.48741,23.37888],[119.48824,23.37829],[119.48737,23.37811],[119.48741,23.37888]]],[[[119.52637,23.37941],[119.52799,23.37937],[119.52962,23.3765],[119.52637,23.37941]]],[[[119.51286,23.38477],[119.51522,23.38162],[119.51273,23.38102],[119.51286,23.38477]]],[[[119.51233,23.39552],[119.51401,23.3961],[119.51407,23.3959],[119.51233,23.39552]]],[[[119.49372,23.39724],[119.49907,23.38982],[119.50198,23.38937],[119.50478,23.39488],[119.50751,23.39225],[119.50836,23.37679],[119.5134,23.37689],[119.50862,23.37118],[119.51397,23.37104],[119.5146,23.37495],[119.51662,23.3735],[119.51472,23.37058],[119.5163,23.36785],[119.50765,23.36466],[119.50913,23.36328],[119.50951,23.36149],[119.50801,23.36303],[119.50832,23.35848],[119.5131,23.35248],[119.50611,23.35304],[119.50298,23.35573],[119.49072,23.35304],[119.48629,23.356],[119.49464,23.36555],[119.49486,23.3727],[119.49201,23.37541],[119.49383,23.37799],[119.49166,23.37951],[119.49595,23.38746],[119.48942,23.39469],[119.49372,23.39724]]],[[[119.31972,23.41168],[119.33069,23.40486],[119.32722,23.40035],[119.31801,23.39759],[119.31674,23.39901],[119.31637,23.39685],[119.31444,23.40275],[119.31748,23.40457],[119.31972,23.41168]]],[[[119.53759,23.49808],[119.54372,23.49381],[119.52856,23.4866],[119.51172,23.483],[119.50902,23.48506],[119.51037,23.49147],[119.51713,23.48652],[119.51594,23.48827],[119.51813,23.48778],[119.52071,23.49222],[119.5293,23.49584],[119.53759,23.49808]]],[[[119.51968,23.51222],[119.5218,23.51434],[119.52181,23.50969],[119.51446,23.5094],[119.51604,23.51465],[119.51968,23.51222]]],[[[119.72398,23.53491],[119.72619,23.53603],[119.72698,23.53435],[119.72398,23.53491]]],[[[119.6613,23.54039],[119.66102,23.53946],[119.65983,23.54005],[119.6613,23.54039]]],[[[119.6969,23.54064],[119.69948,23.53892],[119.6973,23.53837],[119.6969,23.54064]]],[[[119.53285,23.54196],[119.53263,23.53872],[119.53009,23.54124],[119.53285,23.54196]]],[[[119.66005,23.54181],[119.65901,23.54176],[119.65967,23.54253],[119.66005,23.54181]]],[[[119.66095,23.54471],[119.66008,23.54305],[119.65948,23.54293],[119.65939,23.54434],[119.66095,23.54471]]],[[[119.68991,23.54757],[119.68943,23.54675],[119.68969,23.54753],[119.68991,23.54757]]],[[[119.68556,23.54927],[119.68633,23.54802],[119.68519,23.54727],[119.68556,23.54927]]],[[[119.7068,23.55411],[119.70704,23.55412],[119.70688,23.554],[119.7068,23.55411]]],[[[119.54151,23.55429],[119.54138,23.55411],[119.54124,23.55424],[119.54151,23.55429]]],[[[119.70652,23.55482],[119.70647,23.55457],[119.70628,23.55465],[119.70652,23.55482]]],[[[119.54138,23.55497],[119.5432,23.55341],[119.54137,23.55296],[119.54184,23.55434],[119.54138,23.55497]]],[[[119.69685,23.55561],[119.69689,23.55404],[119.69545,23.55546],[119.69685,23.55561]]],[[[119.66067,23.55542],[119.65979,23.55531],[119.65971,23.55609],[119.66067,23.55542]]],[[[119.70613,23.55669],[119.70676,23.55667],[119.7061,23.55647],[119.70613,23.55669]]],[[[119.66287,23.5573],[119.66248,23.55676],[119.66244,23.55762],[119.66287,23.5573]]],[[[119.69446,23.55783],[119.69604,23.55699],[119.69406,23.55731],[119.69446,23.55783]]],[[[119.72329,23.55868],[119.72504,23.55718],[119.72274,23.55767],[119.72329,23.55868]]],[[[119.6629,23.55957],[119.66425,23.55766],[119.66409,23.55718],[119.6629,23.55957]]],[[[119.6609,23.55878],[119.66222,23.55799],[119.66181,23.55719],[119.6609,23.55878]]],[[[119.66411,23.55967],[119.66541,23.55768],[119.6651,23.5569],[119.66411,23.55967]]],[[[119.6896,23.5631],[119.68916,23.56221],[119.68887,23.56248],[119.6896,23.5631]]],[[[119.69071,23.56333],[119.69243,23.56148],[119.69091,23.56126],[119.69071,23.56333]]],[[[119.69369,23.56391],[119.69381,23.56444],[119.69459,23.56425],[119.69369,23.56391]]],[[[119.54023,23.5805],[119.54023,23.5802],[119.54016,23.58021],[119.54023,23.5805]]],[[[119.59707,23.58701],[119.59709,23.58606],[119.59616,23.58643],[119.59707,23.58701]]],[[[119.48119,23.59448],[119.48106,23.59344],[119.48065,23.59375],[119.48119,23.59448]]],[[[119.55169,23.59452],[119.55141,23.59454],[119.55167,23.59488],[119.55169,23.59452]]],[[[119.58901,23.5964],[119.58826,23.59479],[119.58753,23.59491],[119.58761,23.59554],[119.58901,23.5964]]],[[[119.68943,23.59861],[119.69104,23.59789],[119.69043,23.59652],[119.68943,23.59861]]],[[[119.67842,23.59882],[119.67933,23.59828],[119.67791,23.59828],[119.67842,23.59882]]],[[[119.67486,23.59942],[119.67626,23.59944],[119.6752,23.59838],[119.67486,23.59942]]],[[[119.6739,23.60284],[119.67468,23.6028],[119.67493,23.60245],[119.6739,23.60284]]],[[[119.67195,23.60483],[119.67711,23.60472],[119.67729,23.60406],[119.67644,23.60262],[119.67422,23.6033],[119.6729,23.602],[119.67195,23.60483]]],[[[119.5643,23.60379],[119.56428,23.60636],[119.56517,23.60686],[119.5658,23.60558],[119.5643,23.60379]]],[[[119.61435,23.60772],[119.61402,23.60688],[119.61387,23.60695],[119.61435,23.60772]]],[[[119.59878,23.60818],[119.59866,23.60772],[119.59833,23.60806],[119.59878,23.60818]]],[[[119.58448,23.61147],[119.58365,23.61181],[119.58438,23.61199],[119.58448,23.61147]]],[[[119.57822,23.61163],[119.57698,23.61124],[119.57774,23.61248],[119.57822,23.61163]]],[[[119.7,23.6155],[119.70051,23.61515],[119.69993,23.61505],[119.7,23.6155]]],[[[119.70135,23.61609],[119.70087,23.61623],[119.7014,23.61621],[119.70135,23.61609]]],[[[119.69763,23.61608],[119.69979,23.6159],[119.69975,23.61568],[119.69763,23.61608]]],[[[119.70168,23.61729],[119.70286,23.61665],[119.70166,23.61668],[119.70168,23.61729]]],[[[119.69758,23.61841],[119.69845,23.61828],[119.69821,23.61793],[119.69758,23.61841]]],[[[119.69419,23.61979],[119.69394,23.61975],[119.69418,23.61996],[119.69419,23.61979]]],[[[119.69526,23.61949],[119.69624,23.61926],[119.6953,23.61891],[119.69526,23.61949]]],[[[119.6986,23.61847],[119.70125,23.61965],[119.6998,23.61702],[119.6986,23.61847]]],[[[119.57082,23.61774],[119.56772,23.61656],[119.56518,23.61922],[119.56859,23.62266],[119.57082,23.61774]]],[[[119.69292,23.62295],[119.6928,23.62295],[119.69292,23.62303],[119.69292,23.62295]]],[[[119.52963,23.62298],[119.53039,23.62441],[119.53122,23.6232],[119.52963,23.62298]]],[[[119.70903,23.62686],[119.70985,23.6269],[119.70928,23.62641],[119.70903,23.62686]]],[[[119.68334,23.62693],[119.68708,23.62612],[119.68385,23.62532],[119.68334,23.62693]]],[[[119.55767,23.62853],[119.55733,23.62825],[119.5573,23.62861],[119.55767,23.62853]]],[[[119.55884,23.6296],[119.55917,23.62999],[119.55936,23.62972],[119.55884,23.6296]]],[[[119.61753,23.6303],[119.61732,23.63009],[119.61733,23.63041],[119.61753,23.6303]]],[[[119.55402,23.63141],[119.55429,23.63089],[119.55338,23.63122],[119.55402,23.63141]]],[[[119.6599,23.63165],[119.66216,23.62987],[119.66211,23.62904],[119.65857,23.63023],[119.6599,23.63165]]],[[[119.60842,23.63743],[119.60803,23.63748],[119.60803,23.63772],[119.60842,23.63743]]],[[[119.60501,23.63897],[119.60525,23.63889],[119.6048,23.63886],[119.60501,23.63897]]],[[[119.547,23.64001],[119.54662,23.63897],[119.54669,23.64007],[119.547,23.64001]]],[[[119.58734,23.64078],[119.58795,23.6395],[119.58725,23.63957],[119.58734,23.64078]]],[[[119.53935,23.64063],[119.53883,23.6408],[119.53905,23.64096],[119.53935,23.64063]]],[[[119.63102,23.64101],[119.63167,23.64086],[119.63125,23.6408],[119.63102,23.64101]]],[[[119.62991,23.64066],[119.63067,23.64105],[119.63073,23.64084],[119.62991,23.64066]]],[[[119.69656,23.64125],[119.69579,23.64111],[119.69638,23.64202],[119.69656,23.64125]]],[[[119.5295,23.64192],[119.52907,23.64191],[119.52928,23.64213],[119.5295,23.64192]]],[[[119.63034,23.64238],[119.63043,23.64217],[119.63036,23.64216],[119.63034,23.64238]]],[[[119.53863,23.64243],[119.5392,23.6415],[119.53822,23.64184],[119.53863,23.64243]]],[[[119.53877,23.64398],[119.53871,23.64319],[119.53791,23.64369],[119.53877,23.64398]]],[[[119.53125,23.64494],[119.53193,23.64365],[119.53086,23.64383],[119.53125,23.64494]]],[[[119.54402,23.64629],[119.54326,23.64634],[119.5435,23.64718],[119.54402,23.64629]]],[[[119.52504,23.64728],[119.52398,23.6467],[119.52449,23.64775],[119.52504,23.64728]]],[[[119.5442,23.64802],[119.54363,23.64767],[119.54353,23.64811],[119.5442,23.64802]]],[[[119.58113,23.64894],[119.58186,23.64836],[119.5811,23.64885],[119.58113,23.64894]]],[[[119.54536,23.64894],[119.54502,23.64892],[119.54531,23.64916],[119.54536,23.64894]]],[[[119.52369,23.64894],[119.52291,23.64915],[119.52374,23.64927],[119.52369,23.64894]]],[[[119.54495,23.6494],[119.54382,23.64951],[119.54467,23.65011],[119.54495,23.6494]]],[[[119.52375,23.64959],[119.52464,23.65007],[119.52443,23.64959],[119.52375,23.64959]]],[[[119.5456,23.65043],[119.54496,23.64986],[119.54532,23.6505],[119.5456,23.65043]]],[[[119.52848,23.65134],[119.5283,23.65121],[119.5284,23.65139],[119.52848,23.65134]]],[[[119.63444,23.65148],[119.63686,23.65046],[119.63397,23.64292],[119.6331,23.64652],[119.63065,23.64465],[119.62966,23.6463],[119.63179,23.64766],[119.63009,23.64727],[119.62988,23.64667],[119.62954,23.64678],[119.63444,23.65148]]],[[[119.52707,23.65198],[119.52678,23.652],[119.5268,23.65209],[119.52707,23.65198]]],[[[119.54751,23.65227],[119.54738,23.65216],[119.54739,23.65226],[119.54751,23.65227]]],[[[119.52636,23.65234],[119.52578,23.65239],[119.52635,23.65244],[119.52636,23.65234]]],[[[119.54972,23.65312],[119.5494,23.65312],[119.54938,23.65324],[119.54972,23.65312]]],[[[119.52791,23.65331],[119.52776,23.65325],[119.52775,23.65334],[119.52791,23.65331]]],[[[119.52634,23.65338],[119.52624,23.65326],[119.52628,23.65344],[119.52634,23.65338]]],[[[119.52653,23.65355],[119.52645,23.65353],[119.52649,23.65358],[119.52653,23.65355]]],[[[119.54894,23.6536],[119.54927,23.65335],[119.54882,23.65354],[119.54894,23.6536]]],[[[119.5258,23.65358],[119.52591,23.65332],[119.52574,23.65338],[119.5258,23.65358]]],[[[119.52754,23.65366],[119.52716,23.65355],[119.52753,23.65371],[119.52754,23.65366]]],[[[119.52724,23.6538],[119.52717,23.65375],[119.5272,23.65383],[119.52724,23.6538]]],[[[119.52709,23.6539],[119.52701,23.65384],[119.52704,23.65393],[119.52709,23.6539]]],[[[119.52742,23.65401],[119.52732,23.65396],[119.52734,23.65407],[119.52742,23.65401]]],[[[119.52687,23.65399],[119.52678,23.65402],[119.52687,23.65407],[119.52687,23.65399]]],[[[119.5493,23.6541],[119.54898,23.65386],[119.54896,23.654],[119.5493,23.6541]]],[[[119.54748,23.6539],[119.54886,23.65379],[119.54774,23.65332],[119.54748,23.6539]]],[[[119.52561,23.65424],[119.52521,23.65399],[119.52549,23.65446],[119.52561,23.65424]]],[[[119.52488,23.65608],[119.52726,23.657],[119.52687,23.65483],[119.52488,23.65608]]],[[[119.63824,23.65809],[119.64215,23.66041],[119.64542,23.66],[119.63824,23.65809]]],[[[119.54828,23.66377],[119.54896,23.66362],[119.54913,23.66298],[119.54828,23.66377]]],[[[119.55495,23.66909],[119.55462,23.66888],[119.55465,23.66908],[119.55495,23.66909]]],[[[119.55447,23.66953],[119.55419,23.66928],[119.55439,23.66959],[119.55447,23.66953]]],[[[119.66431,23.66957],[119.66736,23.66863],[119.66528,23.66346],[119.66568,23.66047],[119.66768,23.66051],[119.66418,23.65871],[119.66173,23.65851],[119.65989,23.65875],[119.65745,23.65951],[119.65729,23.65913],[119.65407,23.65681],[119.65713,23.65972],[119.65922,23.65906],[119.65845,23.66094],[119.65474,23.66051],[119.66183,23.66351],[119.66431,23.66957]]],[[[119.61228,23.67106],[119.61222,23.67062],[119.61207,23.67114],[119.61228,23.67106]]],[[[119.64248,23.6738],[119.64333,23.67361],[119.64244,23.67347],[119.64248,23.6738]]],[[[119.64464,23.67575],[119.64386,23.67515],[119.64359,23.67544],[119.64464,23.67575]]],[[[119.61892,23.67537],[119.61948,23.67351],[119.61839,23.673],[119.61679,23.66905],[119.61421,23.66525],[119.61649,23.66865],[119.61847,23.6733],[119.61649,23.67324],[119.6159,23.66854],[119.61623,23.67404],[119.61892,23.67537]]],[[[119.66962,23.67508],[119.67271,23.67446],[119.66858,23.67346],[119.66962,23.67508]]],[[[119.55407,23.67551],[119.55686,23.67543],[119.55633,23.67341],[119.55407,23.67551]]],[[[119.58429,23.67657],[119.59089,23.67177],[119.59987,23.67377],[119.60001,23.67118],[119.60548,23.66826],[119.60358,23.6689],[119.60509,23.6672],[119.60326,23.66769],[119.60291,23.66448],[119.60457,23.66637],[119.60406,23.66404],[119.60983,23.66359],[119.60638,23.65948],[119.60943,23.65466],[119.6136,23.65292],[119.61108,23.6474],[119.60898,23.64937],[119.60964,23.6478],[119.60374,23.64949],[119.60075,23.64806],[119.60243,23.64174],[119.59739,23.63961],[119.60085,23.63518],[119.60302,23.6374],[119.60075,23.6348],[119.60251,23.63365],[119.60686,23.63662],[119.61034,23.63569],[119.60953,23.63265],[119.60417,23.63165],[119.60233,23.62852],[119.60471,23.62512],[119.60602,23.62081],[119.60716,23.62236],[119.61348,23.62007],[119.61373,23.61404],[119.60987,23.61057],[119.6125,23.6068],[119.61321,23.60199],[119.61363,23.60421],[119.61709,23.6037],[119.61682,23.60103],[119.62087,23.60215],[119.6195,23.60688],[119.62528,23.60899],[119.62614,23.60691],[119.63093,23.60741],[119.63208,23.60435],[119.62794,23.60397],[119.62511,23.60043],[119.62788,23.59569],[119.62462,23.59273],[119.62393,23.58709],[119.62734,23.58384],[119.62426,23.58038],[119.62882,23.58027],[119.6318,23.58311],[119.63435,23.59083],[119.63168,23.59394],[119.63737,23.59899],[119.64138,23.59865],[119.63771,23.59156],[119.64135,23.58884],[119.63961,23.5874],[119.64366,23.58769],[119.64278,23.59332],[119.64843,23.59391],[119.64359,23.5951],[119.64687,23.59678],[119.64813,23.60263],[119.64645,23.60265],[119.65008,23.6038],[119.65082,23.60759],[119.64655,23.60677],[119.65107,23.60985],[119.65483,23.60888],[119.65742,23.60386],[119.65441,23.60048],[119.65532,23.59854],[119.65533,23.60005],[119.66237,23.59637],[119.66276,23.59478],[119.66612,23.59548],[119.66243,23.59439],[119.662,23.59576],[119.66013,23.59534],[119.66211,23.5944],[119.65965,23.59376],[119.6602,23.59162],[119.668,23.59123],[119.66915,23.5949],[119.66683,23.59582],[119.66987,23.59658],[119.66773,23.59687],[119.66814,23.60068],[119.67215,23.60107],[119.67206,23.59791],[119.68264,23.58392],[119.68259,23.57641],[119.68171,23.5782],[119.68082,23.57828],[119.68201,23.57659],[119.67998,23.57466],[119.68311,23.56564],[119.68701,23.56204],[119.69434,23.56035],[119.69272,23.55853],[119.69598,23.55383],[119.68828,23.55469],[119.67791,23.55137],[119.67542,23.55237],[119.67441,23.55786],[119.67191,23.55807],[119.67502,23.55809],[119.67586,23.55644],[119.67606,23.55973],[119.67191,23.55941],[119.66924,23.56207],[119.66751,23.56119],[119.66966,23.56079],[119.66811,23.56092],[119.66954,23.55643],[119.66658,23.56139],[119.64403,23.55956],[119.63875,23.55431],[119.64094,23.55172],[119.63467,23.55119],[119.63504,23.54673],[119.62913,23.54763],[119.62489,23.54481],[119.62549,23.54432],[119.62543,23.54277],[119.62479,23.54247],[119.62524,23.5443],[119.62406,23.54464],[119.62491,23.54305],[119.62086,23.54207],[119.62146,23.53808],[119.61428,23.53801],[119.61169,23.53272],[119.60557,23.52863],[119.60706,23.52528],[119.60547,23.52712],[119.60445,23.52514],[119.60642,23.52215],[119.61176,23.52185],[119.61161,23.51884],[119.60555,23.51652],[119.60793,23.51257],[119.60626,23.50782],[119.59872,23.51179],[119.59755,23.51027],[119.59782,23.51421],[119.59705,23.51064],[119.59022,23.51283],[119.58429,23.50921],[119.57284,23.50807],[119.5707,23.51224],[119.57402,23.51753],[119.57216,23.52247],[119.56453,23.52628],[119.55698,23.52347],[119.5534,23.532],[119.54829,23.53405],[119.54946,23.53901],[119.5439,23.5372],[119.54023,23.54149],[119.54233,23.54825],[119.54503,23.54621],[119.54878,23.554],[119.54794,23.55104],[119.55185,23.54842],[119.54977,23.54067],[119.55137,23.54273],[119.55104,23.54065],[119.55694,23.53755],[119.55502,23.52892],[119.56112,23.52677],[119.56085,23.53083],[119.56462,23.52984],[119.56552,23.53471],[119.56777,23.53121],[119.57187,23.53199],[119.57213,23.5275],[119.57446,23.52783],[119.57145,23.52525],[119.57456,23.51965],[119.58033,23.52369],[119.58047,23.53144],[119.58272,23.5327],[119.5864,23.52915],[119.59074,23.53219],[119.59254,23.52791],[119.59589,23.52653],[119.59977,23.53109],[119.59566,23.53253],[119.59723,23.53281],[119.59513,23.53821],[119.60312,23.54035],[119.60011,23.54535],[119.6041,23.54835],[119.59956,23.55028],[119.59439,23.54843],[119.59541,23.55025],[119.59144,23.55129],[119.59281,23.55121],[119.59213,23.55276],[119.59101,23.55249],[119.59149,23.55153],[119.59107,23.54979],[119.59104,23.55227],[119.58849,23.55001],[119.58749,23.55195],[119.58662,23.54966],[119.58133,23.54975],[119.57326,23.54531],[119.57232,23.54913],[119.56864,23.54842],[119.56905,23.5513],[119.56478,23.5478],[119.56225,23.54861],[119.56555,23.55266],[119.56199,23.55252],[119.5629,23.55773],[119.56831,23.5528],[119.57571,23.55487],[119.5721,23.55843],[119.57628,23.55702],[119.57744,23.55866],[119.57235,23.56315],[119.57683,23.56055],[119.5766,23.56375],[119.57954,23.5634],[119.57482,23.5652],[119.57429,23.56797],[119.57187,23.56516],[119.56947,23.56591],[119.57129,23.56509],[119.56823,23.56209],[119.569,23.56466],[119.55817,23.5607],[119.55573,23.56325],[119.55975,23.56415],[119.55993,23.57036],[119.56741,23.57495],[119.56166,23.58506],[119.57468,23.58495],[119.58179,23.59009],[119.58336,23.59425],[119.58333,23.58936],[119.58618,23.58781],[119.5824,23.58302],[119.58327,23.58141],[119.58559,23.5808],[119.58571,23.58024],[119.58273,23.57982],[119.58663,23.57828],[119.58905,23.57985],[119.58555,23.57356],[119.58702,23.57119],[119.59411,23.57482],[119.59392,23.57044],[119.59727,23.56899],[119.59784,23.57488],[119.60212,23.57707],[119.59986,23.5768],[119.59872,23.577],[119.59862,23.57742],[119.59778,23.57741],[119.59748,23.57695],[119.59774,23.57751],[119.59871,23.57753],[119.59938,23.57695],[119.59842,23.58281],[119.60726,23.58598],[119.60612,23.59396],[119.6077,23.59371],[119.60308,23.60097],[119.60579,23.60557],[119.61236,23.60544],[119.60964,23.61037],[119.60435,23.60907],[119.59731,23.6159],[119.60546,23.62008],[119.60452,23.625],[119.6,23.62037],[119.59555,23.62465],[119.5885,23.62267],[119.5907,23.62956],[119.59579,23.63547],[119.59411,23.64119],[119.58789,23.64407],[119.58851,23.64715],[119.58242,23.65264],[119.58323,23.65548],[119.57941,23.65636],[119.5827,23.65804],[119.58098,23.66184],[119.57104,23.66223],[119.5674,23.65988],[119.56326,23.65139],[119.55863,23.65563],[119.55832,23.65523],[119.55704,23.65544],[119.55677,23.65451],[119.55596,23.65434],[119.55629,23.65579],[119.55808,23.65532],[119.55808,23.65572],[119.55447,23.65751],[119.55603,23.65549],[119.55398,23.65698],[119.54074,23.64062],[119.54374,23.6408],[119.53938,23.63265],[119.53741,23.63407],[119.53919,23.63223],[119.53649,23.63366],[119.52296,23.62878],[119.52481,23.63066],[119.52276,23.62908],[119.52167,23.63127],[119.51817,23.62865],[119.52176,23.61483],[119.51981,23.61088],[119.52312,23.60177],[119.51962,23.59453],[119.51488,23.5947],[119.51227,23.59216],[119.51631,23.5854],[119.51613,23.58352],[119.51383,23.57994],[119.51475,23.58244],[119.51202,23.58089],[119.51253,23.57565],[119.5152,23.57459],[119.51313,23.57058],[119.51804,23.56731],[119.51622,23.5648],[119.5113,23.56372],[119.50125,23.56736],[119.50214,23.56683],[119.50194,23.56623],[119.50037,23.56533],[119.49865,23.5661],[119.50113,23.56585],[119.50172,23.56674],[119.49617,23.56814],[119.48972,23.56267],[119.48078,23.56261],[119.48307,23.56435],[119.48064,23.56441],[119.47899,23.56295],[119.48017,23.56294],[119.48087,23.56187],[119.47219,23.55927],[119.46721,23.56129],[119.46953,23.56537],[119.47785,23.56895],[119.48129,23.57543],[119.49184,23.56983],[119.49717,23.57224],[119.49916,23.57614],[119.49889,23.57423],[119.50027,23.57461],[119.49916,23.57705],[119.50337,23.57914],[119.50446,23.58736],[119.50214,23.59045],[119.48951,23.59427],[119.49409,23.59607],[119.49145,23.5986],[119.49379,23.60208],[119.49817,23.60071],[119.49837,23.59568],[119.50442,23.5973],[119.50264,23.60568],[119.50894,23.61266],[119.5057,23.61739],[119.50431,23.61509],[119.49928,23.6201],[119.50409,23.62379],[119.50215,23.63093],[119.50395,23.63559],[119.5075,23.63632],[119.51202,23.64836],[119.51561,23.64984],[119.51966,23.64816],[119.51727,23.65233],[119.51421,23.65203],[119.51426,23.65556],[119.5241,23.65586],[119.5243,23.6513],[119.51952,23.64762],[119.51934,23.64447],[119.52262,23.64233],[119.52573,23.64394],[119.52775,23.6405],[119.53555,23.63867],[119.5403,23.64045],[119.55339,23.65678],[119.55131,23.65804],[119.55399,23.65751],[119.55215,23.65949],[119.55014,23.65761],[119.55206,23.66027],[119.55085,23.66278],[119.55519,23.66856],[119.5686,23.67208],[119.56966,23.67181],[119.56959,23.6709],[119.56974,23.67036],[119.57024,23.67027],[119.57037,23.67232],[119.56823,23.67248],[119.57041,23.67241],[119.57123,23.67156],[119.57871,23.67625],[119.58429,23.67657]]],[[[119.65668,23.67857],[119.65697,23.67845],[119.65813,23.67621],[119.65668,23.67857]]],[[[119.6635,23.682],[119.6647,23.68262],[119.66438,23.68155],[119.6635,23.682]]],[[[119.66684,23.68286],[119.66944,23.67755],[119.66803,23.67604],[119.66472,23.67754],[119.66684,23.68286]]],[[[119.66804,23.68353],[119.66805,23.6828],[119.66766,23.68374],[119.66804,23.68353]]],[[[119.65445,23.68461],[119.65422,23.6845],[119.65443,23.68467],[119.65445,23.68461]]],[[[119.65422,23.68465],[119.65401,23.68454],[119.65421,23.68472],[119.65422,23.68465]]],[[[119.65495,23.68476],[119.6548,23.68481],[119.65495,23.68482],[119.65495,23.68476]]],[[[119.65518,23.68486],[119.65518,23.68467],[119.6551,23.6847],[119.65518,23.68486]]],[[[119.65604,23.68504],[119.65582,23.68493],[119.65601,23.68509],[119.65604,23.68504]]],[[[119.65423,23.68527],[119.65403,23.68507],[119.65422,23.68529],[119.65423,23.68527]]],[[[119.65446,23.68521],[119.65445,23.68489],[119.65433,23.68492],[119.65446,23.68521]]],[[[119.62331,23.68525],[119.62419,23.68494],[119.6227,23.68494],[119.62331,23.68525]]],[[[119.65525,23.68531],[119.65553,23.68517],[119.65486,23.68502],[119.65525,23.68531]]],[[[119.6208,23.68612],[119.6219,23.68601],[119.6214,23.68541],[119.6208,23.68612]]],[[[119.67018,23.68818],[119.66982,23.68824],[119.66996,23.68838],[119.67018,23.68818]]],[[[119.65488,23.68851],[119.65501,23.68885],[119.65509,23.68877],[119.65488,23.68851]]],[[[119.65066,23.68987],[119.65245,23.68901],[119.65164,23.68845],[119.65066,23.68987]]],[[[119.67256,23.68993],[119.67233,23.68976],[119.6724,23.69021],[119.67256,23.68993]]],[[[119.67233,23.69043],[119.67231,23.69039],[119.6723,23.69044],[119.67233,23.69043]]],[[[119.67218,23.69051],[119.67219,23.69044],[119.67212,23.69052],[119.67218,23.69051]]],[[[119.55659,23.68946],[119.55832,23.68829],[119.55812,23.68809],[119.55659,23.68946]]],[[[119.67074,23.69064],[119.6726,23.68887],[119.67106,23.68431],[119.67206,23.68362],[119.67215,23.68253],[119.67157,23.68192],[119.66955,23.68744],[119.67145,23.68854],[119.67074,23.69064]]],[[[119.59483,23.69107],[119.59652,23.69063],[119.59692,23.69033],[119.59538,23.69018],[119.59483,23.69107]]],[[[119.67029,23.69127],[119.67083,23.6916],[119.67081,23.69076],[119.67029,23.69127]]],[[[119.5577,23.69244],[119.55782,23.6909],[119.55663,23.69114],[119.5577,23.69244]]],[[[119.55959,23.69321],[119.55955,23.69305],[119.55943,23.69319],[119.55959,23.69321]]],[[[119.64955,23.69316],[119.65327,23.69216],[119.65263,23.69072],[119.64955,23.69316]]],[[[119.67024,23.69362],[119.67055,23.69291],[119.66961,23.69295],[119.67024,23.69362]]],[[[119.55989,23.69405],[119.55926,23.69398],[119.55945,23.69427],[119.55989,23.69405]]],[[[119.59347,23.69433],[119.59534,23.69359],[119.59493,23.69116],[119.59347,23.69433]]],[[[119.56484,23.69363],[119.56502,23.69527],[119.5656,23.69381],[119.56484,23.69363]]],[[[119.59279,23.69626],[119.59363,23.69599],[119.59357,23.69491],[119.59279,23.69626]]],[[[119.60342,23.70646],[119.60375,23.70621],[119.60329,23.70638],[119.60342,23.70646]]],[[[119.61863,23.7092],[119.61884,23.70827],[119.61794,23.70875],[119.61863,23.7092]]],[[[119.6088,23.71044],[119.60836,23.71018],[119.60816,23.71031],[119.6088,23.71044]]],[[[119.55155,23.71069],[119.55143,23.71029],[119.5513,23.71059],[119.55155,23.71069]]],[[[119.58847,23.71071],[119.58899,23.71004],[119.58807,23.70976],[119.58847,23.71071]]],[[[119.60953,23.70893],[119.61257,23.71125],[119.61269,23.7101],[119.60953,23.70893]]],[[[119.56581,23.71116],[119.5676,23.71243],[119.56683,23.71049],[119.56581,23.71116]]],[[[119.61004,23.71305],[119.6102,23.71254],[119.60982,23.71283],[119.61004,23.71305]]],[[[119.60976,23.71353],[119.60996,23.71306],[119.60959,23.71316],[119.60976,23.71353]]],[[[119.60953,23.71359],[119.60933,23.71345],[119.6093,23.71366],[119.60953,23.71359]]],[[[119.61018,23.71117],[119.60696,23.71142],[119.60877,23.71369],[119.61018,23.71117]]],[[[119.61245,23.71482],[119.61305,23.71436],[119.6125,23.71414],[119.61245,23.71482]]],[[[119.61225,23.71584],[119.61219,23.71512],[119.6117,23.71545],[119.61225,23.71584]]],[[[119.61056,23.71624],[119.6119,23.7159],[119.61145,23.71545],[119.61056,23.71624]]],[[[119.56601,23.71721],[119.56568,23.71699],[119.56567,23.71741],[119.56601,23.71721]]],[[[119.56552,23.71761],[119.56521,23.71768],[119.5652,23.71789],[119.56552,23.71761]]],[[[119.55212,23.72084],[119.55895,23.71995],[119.55673,23.71517],[119.55861,23.71095],[119.55531,23.70864],[119.55319,23.71157],[119.55623,23.71712],[119.55102,23.71901],[119.55212,23.72084]]],[[[119.55131,23.72309],[119.55117,23.72276],[119.55102,23.72297],[119.55131,23.72309]]],[[[119.60933,23.73226],[119.60843,23.73208],[119.60901,23.73275],[119.60933,23.73226]]],[[[119.61006,23.7313],[119.60894,23.73119],[119.60985,23.73136],[119.60951,23.7339],[119.61006,23.7313]]],[[[119.61267,23.73406],[119.61246,23.73255],[119.61243,23.73403],[119.61267,23.73406]]],[[[119.61033,23.73342],[119.61155,23.73336],[119.6107,23.7332],[119.61033,23.73342]]],[[[119.61104,23.73515],[119.61217,23.7361],[119.61148,23.73531],[119.61104,23.73515]]],[[[119.60889,23.73808],[119.61027,23.73796],[119.6107,23.73772],[119.6092,23.7367],[119.60864,23.73754],[119.60889,23.73808]]],[[[119.62474,23.7485],[119.62447,23.7483],[119.62444,23.74841],[119.62474,23.7485]]],[[[119.62485,23.74862],[119.6252,23.74843],[119.62493,23.74833],[119.62485,23.74862]]],[[[119.62495,23.74886],[119.62475,23.74876],[119.62467,23.74898],[119.62495,23.74886]]],[[[119.62484,23.74913],[119.62466,23.74905],[119.62468,23.74928],[119.62484,23.74913]]],[[[119.62463,23.74899],[119.62417,23.74891],[119.62453,23.74929],[119.62463,23.74899]]],[[[119.62513,23.74938],[119.62558,23.74928],[119.62528,23.74905],[119.62513,23.74938]]],[[[119.62472,23.75052],[119.62427,23.74983],[119.62413,23.75014],[119.62472,23.75052]]],[[[119.62481,23.75099],[119.62454,23.75085],[119.62477,23.75108],[119.62481,23.75099]]],[[[119.62431,23.75119],[119.62409,23.751],[119.62404,23.75139],[119.62431,23.75119]]],[[[119.6245,23.75169],[119.62434,23.75126],[119.62414,23.7515],[119.6245,23.75169]]],[[[119.62498,23.7517],[119.62463,23.75167],[119.62499,23.75176],[119.62498,23.7517]]],[[[119.62435,23.75173],[119.62407,23.75179],[119.62446,23.7519],[119.62435,23.75173]]],[[[119.62464,23.75212],[119.62518,23.75199],[119.62485,23.75184],[119.62464,23.75212]]],[[[119.6237,23.75229],[119.62388,23.75214],[119.62367,23.75221],[119.6237,23.75229]]],[[[119.62494,23.75228],[119.62514,23.75217],[119.62499,23.75214],[119.62494,23.75228]]],[[[119.62336,23.75266],[119.62312,23.75241],[119.62334,23.75272],[119.62336,23.75266]]],[[[119.5976,23.75443],[119.59793,23.75517],[119.59901,23.754],[119.5976,23.75443]]],[[[119.62113,23.75522],[119.62069,23.75488],[119.62053,23.75544],[119.62113,23.75522]]],[[[119.62008,23.7561],[119.62002,23.75549],[119.61979,23.75606],[119.62008,23.7561]]],[[[119.60698,23.75664],[119.60795,23.75726],[119.60821,23.7572],[119.60698,23.75664]]],[[[119.60731,23.75849],[119.60826,23.75796],[119.60751,23.75797],[119.60731,23.75849]]],[[[119.61128,23.75878],[119.61249,23.75285],[119.62191,23.74933],[119.6238,23.74369],[119.62016,23.74286],[119.61963,23.74032],[119.61603,23.74171],[119.61575,23.7376],[119.615,23.74066],[119.61136,23.74148],[119.61243,23.73991],[119.61051,23.73956],[119.61497,23.73744],[119.60991,23.73905],[119.60706,23.73755],[119.60316,23.73144],[119.60264,23.72537],[119.60022,23.73476],[119.59596,23.73904],[119.60386,23.74536],[119.60581,23.75201],[119.60776,23.75199],[119.60861,23.75247],[119.60575,23.75334],[119.61128,23.75878]]],[[[119.60654,23.7598],[119.60684,23.75911],[119.60637,23.75918],[119.60654,23.7598]]],[[[119.60667,23.76512],[119.60759,23.76466],[119.60563,23.76532],[119.60667,23.76512]]],[[[119.6053,23.76561],[119.60638,23.76647],[119.60645,23.76628],[119.6053,23.76561]]],[[[119.60409,23.76715],[119.60329,23.76685],[119.60409,23.76726],[119.60409,23.76715]]],[[[119.60313,23.76733],[119.60242,23.76706],[119.60303,23.76747],[119.60313,23.76733]]],[[[119.58449,23.76753],[119.58591,23.767],[119.58477,23.76622],[119.58449,23.76753]]],[[[119.58701,23.76854],[119.5878,23.7682],[119.58738,23.76796],[119.58701,23.76854]]],[[[119.59354,23.77067],[119.59323,23.7705],[119.59316,23.77063],[119.59354,23.77067]]],[[[119.60806,23.77472],[119.6078,23.77459],[119.60789,23.77499],[119.60806,23.77472]]],[[[119.6074,23.77535],[119.6077,23.77474],[119.6072,23.77497],[119.6074,23.77535]]],[[[119.60625,23.77567],[119.60808,23.77326],[119.6074,23.77069],[119.60249,23.76733],[119.59756,23.75783],[119.59649,23.76205],[119.5988,23.76886],[119.60185,23.76903],[119.60625,23.77567]]],[[[119.61179,23.77593],[119.61175,23.77556],[119.61147,23.77561],[119.61179,23.77593]]],[[[119.61162,23.77665],[119.61184,23.77608],[119.61151,23.77612],[119.61162,23.77665]]],[[[119.61107,23.77709],[119.6116,23.77674],[119.6111,23.77669],[119.61107,23.77709]]],[[[119.61032,23.77748],[119.6108,23.77742],[119.61079,23.77707],[119.61032,23.77748]]],[[[119.61249,23.77807],[119.612,23.77754],[119.61236,23.7781],[119.61249,23.77807]]],[[[119.60751,23.77821],[119.60764,23.77855],[119.60784,23.77854],[119.60751,23.77821]]],[[[119.61264,23.77809],[119.61338,23.7771],[119.61243,23.77663],[119.61264,23.77809]]],[[[119.61177,23.77875],[119.61203,23.77785],[119.61127,23.77759],[119.61177,23.77875]]],[[[119.60778,23.77893],[119.60804,23.77857],[119.60752,23.77891],[119.60691,23.77847],[119.60724,23.77901],[119.60778,23.77893]]],[[[119.60787,23.77941],[119.60817,23.77987],[119.60819,23.77939],[119.60787,23.77941]]],[[[119.61051,23.77893],[119.61185,23.7789],[119.61095,23.77776],[119.61051,23.77893]]],[[[119.6102,23.78067],[119.61176,23.78055],[119.60929,23.77892],[119.6102,23.78067]]],[[[119.5755,23.77962],[119.57778,23.77907],[119.57547,23.7786],[119.5755,23.77962]]],[[[119.60725,23.78182],[119.60819,23.7803],[119.60708,23.77933],[119.6066,23.78031],[119.60725,23.78182]]],[[[119.6046,23.78207],[119.60494,23.78168],[119.60406,23.78145],[119.6046,23.78207]]],[[[119.60576,23.78168],[119.60625,23.78151],[119.60671,23.78095],[119.60631,23.78029],[119.60576,23.78168]]],[[[119.60678,23.78223],[119.60705,23.78179],[119.6066,23.78186],[119.60678,23.78223]]],[[[119.6057,23.78262],[119.60559,23.78195],[119.60524,23.78223],[119.6057,23.78262]]],[[[119.60466,23.7827],[119.60429,23.78222],[119.60415,23.78255],[119.60466,23.7827]]],[[[119.60518,23.78336],[119.60553,23.78302],[119.60519,23.78298],[119.60518,23.78336]]],[[[119.60721,23.78367],[119.60827,23.78304],[119.60787,23.78177],[119.60677,23.78299],[119.60611,23.78251],[119.60721,23.78367]]],[[[119.60241,23.78529],[119.60317,23.78516],[119.60227,23.78493],[119.60241,23.78529]]],[[[119.60218,23.7861],[119.60334,23.78628],[119.603,23.78584],[119.60218,23.7861]]],[[[119.60252,23.78672],[119.60305,23.78681],[119.60368,23.78667],[119.60252,23.78672]]],[[[119.59843,23.78544],[119.60179,23.78644],[119.60048,23.78397],[119.59964,23.78356],[119.59843,23.78544]]],[[[119.60097,23.7884],[119.60263,23.78778],[119.60163,23.78702],[119.60097,23.7884]]],[[[119.59878,23.79264],[119.59811,23.79239],[119.59804,23.79292],[119.59878,23.79264]]],[[[119.59818,23.79384],[119.59898,23.793],[119.59712,23.79305],[119.59818,23.79384]]],[[[119.59671,23.79609],[119.59754,23.79605],[119.59767,23.79524],[119.59671,23.79609]]],[[[119.5968,23.79807],[119.60021,23.79605],[119.60063,23.79428],[119.59667,23.79722],[119.59583,23.79576],[119.5968,23.79807]]],[[[119.5965,23.81014],[119.59529,23.80899],[119.59294,23.80944],[119.59365,23.81045],[119.5965,23.81014]]]]}},{"type":"Feature","properties":{"id":"TW-PIF","zh":"屏東縣","en":"Pingtung County","labelLng":120.6536,"labelLat":22.39041},"geometry":{"type":"MultiPolygon","coordinates":[[[[120.82676,21.75668],[120.82608,21.7563],[120.82637,21.75692],[120.82676,21.75668]]],[[[120.82638,21.75707],[120.82608,21.757],[120.82637,21.75722],[120.82638,21.75707]]],[[[120.82651,21.75773],[120.82599,21.75766],[120.82609,21.75781],[120.82651,21.75773]]],[[[120.82648,21.75834],[120.82618,21.75811],[120.82608,21.75819],[120.82648,21.75834]]],[[[120.82687,21.75879],[120.82662,21.75876],[120.82687,21.75892],[120.82687,21.75879]]],[[[120.82658,21.75902],[120.82619,21.75883],[120.8263,21.75907],[120.82658,21.75902]]],[[[120.82672,21.75972],[120.82618,21.75977],[120.82659,21.75995],[120.82672,21.75972]]],[[[120.82633,21.76046],[120.82658,21.76015],[120.8263,21.76023],[120.82633,21.76046]]],[[[120.37965,22.35599],[120.38849,22.35068],[120.38802,22.34274],[120.36313,22.32359],[120.35466,22.32326],[120.35362,22.32942],[120.36324,22.34003],[120.36112,22.34652],[120.36743,22.35212],[120.37965,22.35599]]],[[[120.64911,22.87697],[120.65677,22.88111],[120.66006,22.86066],[120.67212,22.85635],[120.67673,22.85726],[120.67897,22.86287],[120.69054,22.86487],[120.70454,22.88067],[120.72502,22.88083],[120.73178,22.87589],[120.74242,22.87374],[120.74926,22.86568],[120.75504,22.86468],[120.76216,22.85681],[120.76416,22.84899],[120.77871,22.8352],[120.78584,22.8399],[120.7927,22.84112],[120.79335,22.85203],[120.80108,22.85103],[120.81366,22.85747],[120.81517,22.86166],[120.82296,22.86572],[120.83304,22.86627],[120.84028,22.86124],[120.84385,22.85344],[120.84836,22.85195],[120.85319,22.85762],[120.85993,22.85146],[120.85943,22.84924],[120.86462,22.84302],[120.8654,22.83561],[120.86163,22.82666],[120.8649,22.82507],[120.86863,22.81685],[120.87716,22.81307],[120.88114,22.81451],[120.8912,22.81162],[120.9009,22.80428],[120.90345,22.79928],[120.9017,22.78755],[120.90414,22.78358],[120.90382,22.77558],[120.90021,22.76922],[120.89356,22.76678],[120.89197,22.7637],[120.89482,22.76258],[120.89563,22.75616],[120.89503,22.7386],[120.88375,22.71728],[120.86168,22.7167],[120.8584,22.71362],[120.85488,22.71755],[120.84852,22.71695],[120.84249,22.70984],[120.84337,22.70765],[120.84024,22.70667],[120.83724,22.69735],[120.81988,22.6956],[120.81912,22.69103],[120.81145,22.69204],[120.80911,22.68826],[120.79768,22.6891],[120.7868,22.69291],[120.79158,22.67944],[120.78623,22.67204],[120.78622,22.66254],[120.76132,22.63004],[120.76124,22.62621],[120.75488,22.61699],[120.75288,22.61181],[120.75465,22.60079],[120.74581,22.58955],[120.74879,22.5723],[120.74153,22.56867],[120.73905,22.55366],[120.75002,22.53402],[120.75363,22.51104],[120.75848,22.50735],[120.76435,22.49539],[120.76368,22.49092],[120.75856,22.48841],[120.75746,22.48183],[120.75081,22.47916],[120.75457,22.47141],[120.75105,22.45902],[120.75461,22.45725],[120.75818,22.45852],[120.7651,22.45306],[120.77634,22.44996],[120.77514,22.4433],[120.78245,22.4339],[120.78964,22.41765],[120.78036,22.40945],[120.77556,22.40966],[120.7734,22.40694],[120.76531,22.40905],[120.75812,22.4049],[120.75342,22.40506],[120.75761,22.39818],[120.75215,22.39267],[120.75649,22.38838],[120.7505,22.38409],[120.74879,22.37325],[120.74346,22.36726],[120.75268,22.3604],[120.76299,22.35915],[120.76339,22.35279],[120.76727,22.34761],[120.77518,22.34935],[120.78473,22.34578],[120.79248,22.33562],[120.79341,22.32365],[120.79659,22.31717],[120.78714,22.30921],[120.77816,22.3085],[120.77775,22.29797],[120.78156,22.2946],[120.78977,22.29342],[120.79322,22.28579],[120.8057,22.2838],[120.80678,22.27716],[120.79807,22.27638],[120.79629,22.26992],[120.79958,22.2651],[120.79907,22.25716],[120.8154,22.26322],[120.82591,22.25665],[120.83462,22.24537],[120.85884,22.24071],[120.8643,22.23428],[120.8622,22.23068],[120.86668,22.22981],[120.87473,22.23425],[120.88051,22.23464],[120.88419,22.24071],[120.8963,22.24643],[120.89927,22.23404],[120.89417,22.2206],[120.89641,22.20348],[120.8907,22.19533],[120.89423,22.17255],[120.89256,22.15032],[120.89708,22.14343],[120.89579,22.13978],[120.88786,22.1333],[120.88663,22.12805],[120.89247,22.10974],[120.90204,22.1053],[120.89881,22.10099],[120.89915,22.09443],[120.89408,22.08861],[120.89297,22.06798],[120.89393,22.04835],[120.90126,22.03414],[120.88923,22.02576],[120.88708,22.01645],[120.87823,22.01071],[120.87929,22.00573],[120.87579,21.99885],[120.86159,21.99081],[120.84669,21.98715],[120.84432,21.98086],[120.84485,21.97032],[120.84139,21.95738],[120.84276,21.94772],[120.84892,21.93381],[120.86202,21.9189],[120.86202,21.90895],[120.86714,21.90273],[120.86565,21.89874],[120.85861,21.8956],[120.85022,21.89732],[120.84662,21.90291],[120.84564,21.91442],[120.83626,21.91652],[120.83184,21.9248],[120.82223,21.93436],[120.81263,21.93354],[120.80423,21.93962],[120.79916,21.93741],[120.79432,21.94316],[120.78302,21.94354],[120.77761,21.94928],[120.77107,21.95153],[120.76645,21.95868],[120.7551,21.95643],[120.75268,21.95076],[120.74845,21.94947],[120.74848,21.94181],[120.74517,21.94273],[120.74709,21.93182],[120.74405,21.93221],[120.73996,21.92664],[120.73962,21.91943],[120.72681,21.91877],[120.71904,21.92726],[120.71907,21.93314],[120.71058,21.93412],[120.71415,21.97876],[120.70694,21.9875],[120.70469,21.9947],[120.69383,22.00259],[120.68478,22.02562],[120.69385,22.04153],[120.69689,22.04094],[120.69442,22.04827],[120.69758,22.05499],[120.70528,22.05751],[120.70574,22.07074],[120.6993,22.08278],[120.70132,22.08615],[120.71685,22.09325],[120.71587,22.10483],[120.7125,22.10834],[120.70906,22.12276],[120.69803,22.13817],[120.69994,22.14833],[120.6946,22.1574],[120.69547,22.16646],[120.69109,22.1751],[120.68967,22.18659],[120.68402,22.19698],[120.68478,22.21046],[120.67676,22.22274],[120.67277,22.22483],[120.67188,22.23342],[120.66601,22.23933],[120.65792,22.24286],[120.65791,22.2471],[120.65017,22.25238],[120.6521,22.26824],[120.64271,22.29107],[120.64207,22.30305],[120.63051,22.31923],[120.60565,22.34021],[120.59894,22.35575],[120.58558,22.36939],[120.5496,22.39244],[120.51753,22.40899],[120.51755,22.41149],[120.50854,22.41215],[120.45855,22.43936],[120.43851,22.45937],[120.43601,22.45948],[120.43311,22.46837],[120.42444,22.46872],[120.42573,22.49818],[120.42286,22.51846],[120.43088,22.54401],[120.43658,22.54756],[120.44206,22.56024],[120.44707,22.58697],[120.44547,22.59959],[120.43755,22.60728],[120.43369,22.6176],[120.43606,22.66134],[120.43966,22.67854],[120.44883,22.69119],[120.4554,22.71666],[120.45381,22.76958],[120.45744,22.78539],[120.46404,22.80029],[120.46876,22.83068],[120.47624,22.83819],[120.48422,22.83555],[120.49081,22.83527],[120.49274,22.83729],[120.4977,22.83172],[120.50507,22.83152],[120.50999,22.82851],[120.51539,22.83152],[120.53058,22.83299],[120.53101,22.83083],[120.53644,22.82927],[120.55326,22.82841],[120.60583,22.87321],[120.61563,22.87683],[120.62118,22.87569],[120.64503,22.88518],[120.64911,22.87697]]]]}},{"type":"Feature","properties":{"id":"TW-TAO","zh":"桃園市","en":"Taoyuan City","labelLng":121.25651,"labelLat":24.85463},"geometry":{"type":"Polygon","coordinates":[[[121.25977,25.12362],[121.28338,25.11781],[121.28294,25.10937],[121.29024,25.10686],[121.29161,25.10264],[121.29915,25.10403],[121.30278,25.09679],[121.32501,25.09255],[121.33829,25.08374],[121.34937,25.08233],[121.34942,25.08075],[121.34246,25.0801],[121.34797,25.0788],[121.34524,25.07855],[121.34635,25.07679],[121.34421,25.07785],[121.34622,25.07564],[121.3446,25.07503],[121.34045,25.07636],[121.34052,25.07408],[121.34803,25.07382],[121.34991,25.07663],[121.34989,25.07354],[121.35175,25.07446],[121.35345,25.07329],[121.34644,25.0703],[121.35377,25.06859],[121.35488,25.06515],[121.37667,25.06609],[121.39107,25.06152],[121.38768,25.05972],[121.38973,25.05906],[121.38863,25.05688],[121.38559,25.05811],[121.38744,25.05498],[121.38443,25.05256],[121.39261,25.05507],[121.39103,25.05358],[121.4007,25.05139],[121.39975,25.04937],[121.39758,25.05053],[121.39852,25.04847],[121.39392,25.0492],[121.39441,25.0475],[121.39942,25.04782],[121.39769,25.04629],[121.39993,25.04492],[121.40306,25.04566],[121.39825,25.04401],[121.40068,25.04324],[121.39067,25.04186],[121.40107,25.03773],[121.39826,25.0301],[121.41217,25.01934],[121.39248,25.01549],[121.39118,25.01203],[121.39951,25.00697],[121.40323,24.99933],[121.39683,24.9973],[121.39402,24.99343],[121.39049,24.99332],[121.38803,24.9964],[121.38418,24.99572],[121.3834,24.98861],[121.38545,24.98605],[121.36967,24.97704],[121.3639,24.97959],[121.35409,24.9778],[121.35234,24.98085],[121.34722,24.97883],[121.34267,24.98232],[121.34113,24.98027],[121.32729,24.97837],[121.3286,24.97627],[121.32364,24.97199],[121.32853,24.97194],[121.32799,24.94919],[121.3316,24.94554],[121.31577,24.93848],[121.32321,24.93128],[121.32205,24.92804],[121.3398,24.9285],[121.33517,24.92492],[121.32475,24.92344],[121.31758,24.91636],[121.3262,24.90918],[121.32031,24.9002],[121.32716,24.8959],[121.33324,24.89944],[121.33365,24.89154],[121.34212,24.89259],[121.34113,24.888],[121.34472,24.88577],[121.34566,24.87999],[121.35346,24.87652],[121.35444,24.87347],[121.34504,24.86694],[121.34835,24.86073],[121.35807,24.85329],[121.35479,24.85335],[121.35273,24.84912],[121.34871,24.84835],[121.34786,24.85095],[121.33726,24.84841],[121.33599,24.84393],[121.34674,24.84589],[121.35482,24.84397],[121.36005,24.83818],[121.37011,24.83623],[121.37361,24.83328],[121.39353,24.84395],[121.40705,24.84171],[121.4156,24.8356],[121.41384,24.83196],[121.41691,24.82557],[121.42364,24.82543],[121.42956,24.81528],[121.43656,24.81206],[121.43826,24.79534],[121.4457,24.79013],[121.45038,24.79092],[121.4461,24.78186],[121.42622,24.76783],[121.4233,24.76202],[121.42848,24.75346],[121.42868,24.74807],[121.43534,24.73331],[121.4342,24.73013],[121.44095,24.72608],[121.45022,24.70568],[121.46254,24.70164],[121.46949,24.69615],[121.47423,24.6961],[121.47394,24.68533],[121.47999,24.67385],[121.4692,24.67183],[121.45949,24.67316],[121.45382,24.66432],[121.44924,24.66165],[121.44761,24.65617],[121.45133,24.65092],[121.44507,24.64318],[121.44501,24.6373],[121.44054,24.6351],[121.43608,24.6274],[121.43565,24.62133],[121.42758,24.6057],[121.41828,24.60104],[121.41277,24.60365],[121.40304,24.59171],[121.39165,24.58651],[121.3872,24.58656],[121.37278,24.59375],[121.37182,24.59701],[121.36332,24.60313],[121.36417,24.60677],[121.35881,24.61718],[121.36305,24.62067],[121.36641,24.63179],[121.35781,24.63371],[121.35592,24.64105],[121.35239,24.64354],[121.35351,24.6678],[121.34547,24.66644],[121.34366,24.6694],[121.3392,24.66656],[121.33857,24.67996],[121.32416,24.69497],[121.31718,24.69814],[121.3039,24.69292],[121.29948,24.69557],[121.30761,24.71991],[121.30539,24.726],[121.29822,24.73224],[121.30771,24.75498],[121.30154,24.76301],[121.29418,24.76387],[121.29245,24.76773],[121.28555,24.77008],[121.27716,24.77101],[121.27129,24.77482],[121.27059,24.77835],[121.26,24.78196],[121.25848,24.78587],[121.26117,24.78996],[121.26031,24.79322],[121.24772,24.79672],[121.24743,24.80349],[121.24343,24.80869],[121.23824,24.80466],[121.2216,24.79938],[121.21958,24.81179],[121.21489,24.81197],[121.20804,24.80716],[121.20466,24.80725],[121.2029,24.81031],[121.20586,24.81265],[121.20331,24.81732],[121.20079,24.81782],[121.19877,24.81496],[121.1859,24.82382],[121.17366,24.82771],[121.17618,24.83213],[121.1601,24.83737],[121.15441,24.84406],[121.15003,24.84429],[121.15705,24.85244],[121.1565,24.85591],[121.16138,24.85947],[121.15566,24.88071],[121.14465,24.88021],[121.13909,24.88244],[121.13558,24.87799],[121.12814,24.88095],[121.11633,24.88168],[121.10777,24.88607],[121.11102,24.89122],[121.10907,24.89774],[121.09127,24.89336],[121.08344,24.89885],[121.0711,24.89948],[121.06909,24.90278],[121.05829,24.90522],[121.06095,24.92356],[121.05756,24.93045],[121.05833,24.93684],[121.04862,24.93943],[121.04628,24.94355],[121.04054,24.94327],[121.03793,24.94638],[121.02884,24.94515],[121.02579,24.94048],[121.01936,24.94042],[121.00709,24.94622],[121.00292,24.94002],[120.99419,24.93914],[120.99217,24.93501],[120.98738,24.93905],[120.98203,24.93998],[120.98646,24.94828],[120.99842,24.95858],[121.00989,24.97505],[121.01044,24.98729],[121.01224,24.98876],[121.00936,24.99028],[121.01621,24.99536],[121.01926,25.00687],[121.02862,25.02058],[121.05605,25.04617],[121.07209,25.04987],[121.08664,25.05644],[121.09001,25.06299],[121.09394,25.06285],[121.10925,25.07121],[121.16058,25.08565],[121.21284,25.11058],[121.23961,25.11566],[121.23976,25.12318],[121.24373,25.11857],[121.25977,25.12362]]]}},{"type":"Feature","properties":{"id":"TW-TNN","zh":"臺南市","en":"Tainan City","labelLng":120.33167,"labelLat":23.14794},"geometry":{"type":"Polygon","coordinates":[[[120.44025,23.41308],[120.4734,23.39807],[120.47538,23.391],[120.47941,23.38759],[120.48554,23.39306],[120.48916,23.39245],[120.49032,23.39563],[120.49494,23.39436],[120.49903,23.3874],[120.49681,23.38425],[120.4844,23.37948],[120.48393,23.36957],[120.48872,23.37307],[120.49947,23.36804],[120.50483,23.3689],[120.51053,23.36436],[120.51246,23.3563],[120.50809,23.35276],[120.50472,23.35468],[120.50509,23.34482],[120.50786,23.343],[120.51558,23.34374],[120.52474,23.3382],[120.52693,23.33939],[120.53372,23.33647],[120.53999,23.32787],[120.53195,23.32115],[120.53085,23.31711],[120.52255,23.31176],[120.52628,23.29534],[120.52186,23.28809],[120.52232,23.27429],[120.52042,23.27178],[120.52609,23.26649],[120.53229,23.25505],[120.52997,23.24795],[120.51966,23.2379],[120.52629,23.23113],[120.52968,23.23255],[120.53196,23.22967],[120.54151,23.22783],[120.55498,23.21747],[120.56137,23.21742],[120.56529,23.22098],[120.57826,23.21478],[120.57968,23.21899],[120.58661,23.22417],[120.59249,23.23986],[120.59579,23.23673],[120.59724,23.22904],[120.60982,23.22264],[120.61676,23.22355],[120.62838,23.22945],[120.65435,23.22431],[120.65625,23.21764],[120.65146,23.20851],[120.64836,23.20858],[120.64345,23.20354],[120.63656,23.19025],[120.6411,23.18296],[120.6373,23.1804],[120.63606,23.17501],[120.6292,23.17425],[120.63066,23.17007],[120.62124,23.16296],[120.61654,23.1631],[120.61111,23.1559],[120.61185,23.1517],[120.60111,23.14417],[120.58845,23.12336],[120.58808,23.1141],[120.57413,23.09486],[120.5745,23.09089],[120.5545,23.06883],[120.53008,23.05582],[120.50372,23.02865],[120.48408,23.01707],[120.47989,23.00271],[120.4605,23.00359],[120.46148,22.99812],[120.4591,22.99574],[120.46111,22.99077],[120.45472,22.99063],[120.45296,22.97771],[120.44469,22.97954],[120.44265,22.97733],[120.42852,22.94062],[120.42591,22.93905],[120.41596,22.91596],[120.40868,22.91234],[120.40545,22.91805],[120.40111,22.91852],[120.39863,22.92243],[120.39217,22.9223],[120.3868,22.91826],[120.38166,22.92117],[120.37729,22.91798],[120.37651,22.91435],[120.37116,22.91228],[120.37249,22.90664],[120.36815,22.90391],[120.36629,22.90507],[120.36599,22.90224],[120.35947,22.90142],[120.36161,22.90051],[120.36108,22.89781],[120.3569,22.89293],[120.35329,22.89238],[120.35517,22.89043],[120.35198,22.88751],[120.34909,22.89058],[120.33227,22.88933],[120.32488,22.90046],[120.31969,22.89495],[120.31416,22.89978],[120.28456,22.90473],[120.27799,22.90441],[120.2795,22.8963],[120.27299,22.89542],[120.25877,22.90187],[120.25683,22.89954],[120.25869,22.89518],[120.25416,22.89427],[120.24286,22.90352],[120.23291,22.90555],[120.22972,22.91687],[120.21811,22.90963],[120.19205,22.9212],[120.18657,22.91965],[120.17675,22.91234],[120.17475,22.91171],[120.17685,22.91264],[120.17405,22.91442],[120.17299,22.91929],[120.17517,22.93298],[120.172,22.9497],[120.16281,22.96499],[120.15536,22.96474],[120.1595,22.97314],[120.14034,22.99334],[120.14108,22.99598],[120.09413,23.02882],[120.06517,23.04326],[120.05795,23.0431],[120.03897,23.06805],[120.02941,23.06642],[120.02691,23.06793],[120.03789,23.10847],[120.04393,23.1192],[120.05144,23.12559],[120.05421,23.12572],[120.05091,23.12239],[120.05503,23.1257],[120.05284,23.13064],[120.06047,23.16345],[120.08004,23.20902],[120.08186,23.22229],[120.08061,23.23757],[120.08934,23.24964],[120.09217,23.25961],[120.09502,23.28123],[120.09432,23.29501],[120.09631,23.29909],[120.10683,23.30528],[120.1108,23.3104],[120.11361,23.32227],[120.11101,23.33183],[120.11807,23.34016],[120.14708,23.32107],[120.14966,23.31325],[120.16833,23.30701],[120.17591,23.29402],[120.18011,23.2911],[120.18927,23.29048],[120.18578,23.29661],[120.1884,23.30124],[120.20427,23.2919],[120.21238,23.2917],[120.22263,23.29832],[120.23759,23.32665],[120.24586,23.32685],[120.25639,23.33107],[120.26704,23.34063],[120.26749,23.34476],[120.2607,23.34447],[120.26603,23.35258],[120.27331,23.35273],[120.27773,23.34772],[120.2862,23.35028],[120.28367,23.36],[120.28589,23.36722],[120.29273,23.37532],[120.31094,23.37544],[120.311,23.38557],[120.31477,23.38846],[120.31942,23.38735],[120.32179,23.38354],[120.33318,23.38581],[120.34632,23.40038],[120.38424,23.40409],[120.40417,23.41005],[120.4081,23.41343],[120.41049,23.41017],[120.4163,23.41042],[120.42,23.40346],[120.42195,23.40705],[120.43031,23.40649],[120.43224,23.41082],[120.44025,23.41308]]]}},{"type":"Feature","properties":{"id":"TW-TPE","zh":"臺北市","en":"Taipei City","labelLng":121.56424,"labelLat":25.08525},"geometry":{"type":"Polygon","coordinates":[[[121.56483,25.20101],[121.5729,25.19499],[121.58376,25.1946],[121.58399,25.18879],[121.58086,25.1818],[121.5835,25.17684],[121.57706,25.16701],[121.58986,25.16372],[121.59183,25.15589],[121.58938,25.15239],[121.59357,25.1503],[121.59838,25.14031],[121.60568,25.13674],[121.60458,25.13086],[121.60782,25.1302],[121.60443,25.12592],[121.60171,25.12603],[121.59557,25.1141],[121.5965,25.11128],[121.59959,25.10843],[121.61546,25.10384],[121.62621,25.09609],[121.62797,25.08325],[121.62425,25.08035],[121.62493,25.078],[121.62061,25.07323],[121.6215,25.06958],[121.61612,25.06392],[121.62426,25.05574],[121.62052,25.05665],[121.62092,25.05351],[121.61633,25.05064],[121.61905,25.04354],[121.62492,25.03773],[121.63347,25.03574],[121.64671,25.028],[121.66593,25.02988],[121.66283,25.02275],[121.65381,25.02442],[121.64624,25.02172],[121.64297,25.02456],[121.63568,25.02321],[121.63235,25.02564],[121.62893,25.01993],[121.62328,25.01727],[121.60925,25.02095],[121.60412,25.01909],[121.60262,25.01508],[121.5974,25.01469],[121.5959,25.00451],[121.60046,25.00108],[121.59813,24.9945],[121.60196,24.99029],[121.5995,24.97815],[121.6052,24.97436],[121.61429,24.97354],[121.62001,24.96945],[121.61963,24.96716],[121.60123,24.96089],[121.59707,24.96051],[121.59116,24.96461],[121.58567,24.96321],[121.57841,24.96661],[121.57455,24.96685],[121.57253,24.96398],[121.56121,24.96471],[121.55367,24.97742],[121.55236,24.98697],[121.54903,24.98376],[121.54505,24.98367],[121.54417,24.98821],[121.5369,24.98865],[121.53517,24.99514],[121.53169,24.99051],[121.53051,24.99801],[121.5339,25.00339],[121.53214,25.00813],[121.51844,25.01999],[121.50911,25.02134],[121.49972,25.01154],[121.49265,25.00953],[121.48876,25.01532],[121.48879,25.02335],[121.48366,25.0363],[121.48881,25.04257],[121.49678,25.04347],[121.50466,25.0498],[121.50581,25.07552],[121.49976,25.08724],[121.48874,25.09714],[121.48074,25.10095],[121.46609,25.10173],[121.45716,25.10774],[121.46093,25.1162],[121.45879,25.12294],[121.46482,25.12426],[121.46571,25.13169],[121.48286,25.15022],[121.48746,25.15144],[121.49236,25.16037],[121.49878,25.165],[121.50256,25.17326],[121.51042,25.16944],[121.51353,25.171],[121.51994,25.16928],[121.52255,25.17468],[121.52173,25.17913],[121.526,25.18298],[121.54109,25.18738],[121.54337,25.19404],[121.54811,25.198],[121.55185,25.19775],[121.55173,25.20355],[121.55917,25.21014],[121.56267,25.20944],[121.56483,25.20101]]]}},{"type":"Feature","properties":{"id":"TW-TTT","zh":"臺東縣","en":"Taitung County","labelLng":121.02663,"labelLat":22.84061},"geometry":{"type":"MultiPolygon","coordinates":[[[[121.6164,21.94504],[121.60768,21.94295],[121.60354,21.95157],[121.61426,21.95505],[121.6164,21.94504]]],[[[121.57714,22.07873],[121.57669,22.07841],[121.57675,22.07876],[121.57714,22.07873]]],[[[121.58069,22.07901],[121.58035,22.07848],[121.57982,22.0788],[121.58069,22.07901]]],[[[121.57875,22.07987],[121.57845,22.07948],[121.57789,22.08026],[121.57875,22.07987]]],[[[121.50465,22.0848],[121.51252,22.08051],[121.52892,22.07965],[121.53294,22.08175],[121.55206,22.08263],[121.55996,22.08037],[121.56646,22.0843],[121.56963,22.08291],[121.56783,22.07318],[121.57088,22.06473],[121.57609,22.05938],[121.56693,22.05756],[121.56386,22.05405],[121.56407,22.04871],[121.56732,22.03951],[121.59674,22.02512],[121.60271,22.01983],[121.60209,22.01517],[121.59308,22.0018],[121.58747,21.99978],[121.57968,22.00497],[121.57027,22.00217],[121.56939,22.00876],[121.55769,22.02115],[121.54771,22.02595],[121.53809,22.02452],[121.52493,22.03854],[121.52091,22.03871],[121.51718,22.04577],[121.50866,22.04643],[121.51084,22.04956],[121.50683,22.05706],[121.5107,22.06332],[121.51002,22.06766],[121.49935,22.08053],[121.50465,22.0848]]],[[[121.57041,22.08663],[121.56975,22.08628],[121.5702,22.0871],[121.57041,22.08663]]],[[[121.56706,22.08591],[121.56763,22.08784],[121.56855,22.08753],[121.56842,22.08723],[121.56706,22.08591]]],[[[121.49155,22.67746],[121.49347,22.67509],[121.50707,22.67863],[121.51,22.67707],[121.50929,22.67147],[121.51118,22.66929],[121.50691,22.65716],[121.50877,22.65383],[121.50561,22.65149],[121.5022,22.6522],[121.49953,22.6459],[121.50501,22.6357],[121.50774,22.63459],[121.50623,22.63259],[121.49968,22.63507],[121.49829,22.63201],[121.49523,22.63249],[121.49344,22.63839],[121.48881,22.64262],[121.47351,22.64647],[121.47531,22.6587],[121.46467,22.67148],[121.46602,22.67647],[121.47984,22.67407],[121.48473,22.67731],[121.49155,22.67746]]],[[[121.51197,22.68145],[121.51158,22.68057],[121.51132,22.68171],[121.51197,22.68145]]],[[[121.44769,23.44358],[121.46159,23.44153],[121.46344,23.43886],[121.47331,23.44062],[121.48247,23.43016],[121.4905,23.43525],[121.4961,23.43482],[121.48409,23.41073],[121.48204,23.39727],[121.47799,23.39528],[121.47486,23.38662],[121.47221,23.37153],[121.47358,23.36329],[121.47081,23.35667],[121.47221,23.35242],[121.46764,23.34561],[121.46775,23.33193],[121.46239,23.3128],[121.45405,23.3135],[121.44746,23.30931],[121.4471,23.30531],[121.44242,23.30249],[121.44168,23.29716],[121.43919,23.29685],[121.43287,23.28812],[121.42745,23.27265],[121.42772,23.26668],[121.42082,23.25761],[121.42081,23.25004],[121.4149,23.23492],[121.41573,23.22787],[121.42039,23.22631],[121.41004,23.21353],[121.40282,23.21224],[121.39702,23.20511],[121.39837,23.1857],[121.40389,23.17808],[121.40294,23.17181],[121.40682,23.17027],[121.40776,23.16683],[121.405,23.1541],[121.39945,23.14897],[121.4011,23.14604],[121.3998,23.13511],[121.40649,23.12564],[121.41368,23.12408],[121.41636,23.12676],[121.42315,23.12775],[121.42459,23.12565],[121.41849,23.12268],[121.41168,23.12328],[121.40702,23.11588],[121.39516,23.11342],[121.38741,23.1056],[121.38762,23.1023],[121.38294,23.09548],[121.36731,23.09653],[121.36337,23.09388],[121.35509,23.07965],[121.35665,23.07363],[121.34814,23.06462],[121.34588,23.0511],[121.33853,23.03329],[121.33916,23.02591],[121.3351,23.02315],[121.33719,23.0201],[121.32945,23.0162],[121.32732,23.0071],[121.32204,23.00207],[121.32347,22.99327],[121.31369,22.97679],[121.29518,22.95451],[121.29142,22.95546],[121.28666,22.95183],[121.28784,22.94941],[121.28304,22.94787],[121.27865,22.93082],[121.26942,22.91186],[121.2622,22.90644],[121.25915,22.89827],[121.24731,22.88145],[121.23891,22.87847],[121.23336,22.86448],[121.22469,22.86716],[121.20905,22.86309],[121.1988,22.85671],[121.18958,22.84693],[121.18626,22.83289],[121.19241,22.82556],[121.19412,22.81766],[121.19814,22.8148],[121.19647,22.81269],[121.20103,22.79585],[121.1949,22.79029],[121.18742,22.79041],[121.1814,22.7829],[121.1762,22.7588],[121.15679,22.74732],[121.1237,22.71625],[121.08136,22.6982],[121.06425,22.68201],[121.03553,22.66768],[121.02574,22.65584],[121.0126,22.61951],[121.00916,22.58896],[120.98551,22.56934],[120.9773,22.55449],[120.95953,22.50529],[120.9464,22.45688],[120.91487,22.38492],[120.90883,22.3592],[120.90262,22.35255],[120.89524,22.33572],[120.89244,22.31809],[120.89166,22.28296],[120.8963,22.24643],[120.88419,22.24071],[120.88062,22.2347],[120.86643,22.22982],[120.86215,22.23071],[120.8643,22.23428],[120.85867,22.24082],[120.83462,22.24537],[120.82591,22.25665],[120.8154,22.26322],[120.79907,22.25716],[120.79958,22.2651],[120.79629,22.26992],[120.79807,22.27638],[120.80678,22.27716],[120.8057,22.2838],[120.79322,22.28579],[120.7899,22.29331],[120.78084,22.29495],[120.77684,22.30258],[120.77816,22.3085],[120.78714,22.30921],[120.79659,22.31717],[120.79341,22.32365],[120.79248,22.33562],[120.78473,22.34578],[120.77518,22.34935],[120.76727,22.34761],[120.76339,22.35279],[120.76299,22.35915],[120.75268,22.3604],[120.74346,22.36726],[120.74879,22.37325],[120.7505,22.38409],[120.75649,22.38838],[120.75215,22.39267],[120.75761,22.39818],[120.75342,22.40506],[120.75812,22.4049],[120.76531,22.40905],[120.7734,22.40694],[120.77556,22.40966],[120.78036,22.40945],[120.78964,22.41765],[120.78245,22.4339],[120.77514,22.4433],[120.77634,22.44996],[120.7651,22.45306],[120.75818,22.45852],[120.75461,22.45725],[120.75105,22.45902],[120.75457,22.47141],[120.75081,22.47916],[120.75746,22.48183],[120.75856,22.48841],[120.76368,22.49092],[120.76435,22.49539],[120.75848,22.50735],[120.75363,22.51104],[120.75002,22.53402],[120.73938,22.55174],[120.73964,22.56254],[120.74173,22.5689],[120.74879,22.5723],[120.74581,22.58955],[120.75465,22.60079],[120.75288,22.61181],[120.75488,22.61699],[120.76124,22.62621],[120.76132,22.63004],[120.78582,22.66144],[120.78623,22.67204],[120.79157,22.67919],[120.7868,22.69291],[120.79768,22.6891],[120.80911,22.68826],[120.81145,22.69204],[120.81912,22.69103],[120.81988,22.6956],[120.8368,22.69708],[120.84024,22.70667],[120.84337,22.70765],[120.84249,22.70984],[120.84852,22.71695],[120.85488,22.71755],[120.8584,22.71362],[120.86168,22.7167],[120.88352,22.71707],[120.89503,22.7386],[120.89563,22.75616],[120.89482,22.76258],[120.89197,22.7637],[120.89356,22.76678],[120.90021,22.76922],[120.90382,22.77558],[120.90414,22.78358],[120.9017,22.78755],[120.9033,22.79981],[120.9009,22.80428],[120.8912,22.81162],[120.87171,22.81479],[120.8649,22.82507],[120.86176,22.8263],[120.8654,22.83561],[120.86495,22.8456],[120.86835,22.85075],[120.86661,22.85382],[120.86957,22.85776],[120.85915,22.86345],[120.86555,22.86966],[120.85973,22.87837],[120.85209,22.8781],[120.84053,22.88195],[120.83354,22.89981],[120.82867,22.90397],[120.82996,22.90953],[120.83329,22.91227],[120.83144,22.91986],[120.82182,22.93526],[120.82178,22.94512],[120.82476,22.95246],[120.8208,22.96197],[120.83015,22.96999],[120.82906,22.97439],[120.83246,22.98039],[120.84118,22.984],[120.84193,22.99093],[120.8491,22.99486],[120.85207,22.99991],[120.85107,23.00513],[120.85824,23.00506],[120.86066,23.00805],[120.86162,23.03077],[120.87996,23.03552],[120.88138,23.04268],[120.87975,23.04778],[120.8745,23.05095],[120.86922,23.05969],[120.88563,23.08911],[120.8894,23.11044],[120.88497,23.11935],[120.88806,23.12244],[120.88576,23.14429],[120.87641,23.15134],[120.89501,23.16072],[120.89586,23.17143],[120.89872,23.17667],[120.91076,23.18169],[120.9123,23.1874],[120.90575,23.19955],[120.90673,23.20565],[120.91163,23.20955],[120.91157,23.22786],[120.91546,23.23751],[120.92653,23.24456],[120.93061,23.24246],[120.9379,23.24495],[120.94125,23.25195],[120.94669,23.25312],[120.95738,23.26416],[120.95968,23.27084],[120.97263,23.28219],[120.98659,23.28032],[121.00984,23.2925],[121.02375,23.29371],[121.0389,23.30065],[121.04307,23.29631],[121.05594,23.29063],[121.05945,23.28615],[121.06207,23.27941],[121.06072,23.27303],[121.06242,23.26584],[121.06586,23.25755],[121.06923,23.25517],[121.07102,23.24685],[121.07845,23.23758],[121.07924,23.23268],[121.09284,23.23381],[121.09638,23.22965],[121.10845,23.22349],[121.1234,23.22508],[121.1294,23.2233],[121.13936,23.20191],[121.14735,23.19901],[121.1547,23.19915],[121.16091,23.20596],[121.17563,23.21019],[121.18981,23.20346],[121.19825,23.18844],[121.19917,23.17509],[121.21249,23.15493],[121.21064,23.14806],[121.21195,23.14423],[121.23093,23.13925],[121.23846,23.12873],[121.24521,23.1284],[121.24921,23.13152],[121.2576,23.12611],[121.25957,23.12101],[121.26727,23.11409],[121.26432,23.10392],[121.27074,23.10118],[121.27235,23.09787],[121.29142,23.10936],[121.30523,23.11128],[121.31581,23.10974],[121.32197,23.11716],[121.32037,23.13792],[121.3272,23.15219],[121.32203,23.15534],[121.31741,23.16457],[121.31856,23.16818],[121.32186,23.16939],[121.3233,23.17873],[121.32974,23.18036],[121.33493,23.17793],[121.34692,23.20927],[121.34646,23.21709],[121.35716,23.22371],[121.3526,23.2313],[121.3609,23.24435],[121.3594,23.25268],[121.37056,23.26221],[121.37234,23.26782],[121.37792,23.26961],[121.37628,23.29565],[121.37786,23.30093],[121.38785,23.31063],[121.39025,23.32062],[121.39994,23.32318],[121.40208,23.33389],[121.40971,23.34589],[121.41668,23.34931],[121.42253,23.35569],[121.42288,23.35999],[121.40437,23.36735],[121.40004,23.38656],[121.4105,23.39894],[121.42022,23.42058],[121.4334,23.43286],[121.43977,23.43292],[121.44769,23.44358]]]]}},{"type":"Feature","properties":{"id":"TW-TXG","zh":"臺中市","en":"Taichung City","labelLng":120.81809,"labelLat":24.22071},"geometry":{"type":"Polygon","coordinates":[[[121.32834,24.43304],[121.32743,24.41302],[121.32499,24.40691],[121.32649,24.39987],[121.33233,24.39794],[121.33913,24.3896],[121.34296,24.39284],[121.35469,24.39327],[121.36488,24.38908],[121.3698,24.38259],[121.3671,24.37897],[121.36929,24.37246],[121.37373,24.36805],[121.38183,24.36701],[121.38762,24.36969],[121.38996,24.37515],[121.40088,24.37968],[121.4079,24.37755],[121.43396,24.38323],[121.43829,24.38262],[121.44255,24.37313],[121.44797,24.37483],[121.45201,24.36468],[121.44726,24.35955],[121.44157,24.35859],[121.43779,24.35205],[121.43561,24.34725],[121.43777,24.34222],[121.4343,24.33827],[121.43251,24.33027],[121.43485,24.3222],[121.42849,24.31736],[121.42323,24.30822],[121.4051,24.30825],[121.40345,24.29688],[121.39658,24.28874],[121.39083,24.28974],[121.38054,24.27976],[121.38565,24.26416],[121.38505,24.25499],[121.37842,24.25282],[121.37267,24.25412],[121.36689,24.2521],[121.36066,24.24394],[121.3526,24.24386],[121.35233,24.23463],[121.34301,24.22355],[121.32649,24.23253],[121.31965,24.23187],[121.31351,24.23503],[121.30389,24.23368],[121.30117,24.23669],[121.29313,24.22916],[121.28003,24.22977],[121.27677,24.23553],[121.26891,24.23792],[121.26465,24.24587],[121.25465,24.24284],[121.24416,24.22249],[121.23795,24.21971],[121.23041,24.22353],[121.23077,24.22605],[121.22834,24.22471],[121.21942,24.2292],[121.20823,24.2217],[121.19634,24.223],[121.19155,24.21659],[121.18145,24.21205],[121.16764,24.22539],[121.16098,24.21518],[121.14789,24.21291],[121.14136,24.19965],[121.13635,24.19634],[121.10842,24.19801],[121.10169,24.19563],[121.09441,24.19015],[121.09135,24.18273],[121.08488,24.17592],[121.08096,24.17542],[121.0646,24.16302],[121.0594,24.16278],[121.05266,24.1548],[121.04758,24.16002],[121.03804,24.15818],[121.03333,24.14858],[121.031,24.14934],[121.02776,24.15956],[121.01954,24.15871],[121.00817,24.14704],[120.99955,24.12776],[120.99202,24.12525],[120.99202,24.12106],[120.98908,24.11877],[120.98543,24.12022],[120.97569,24.11687],[120.97116,24.12024],[120.96121,24.12015],[120.95011,24.12786],[120.93255,24.11258],[120.91988,24.10744],[120.90956,24.10923],[120.90488,24.11449],[120.89153,24.11591],[120.89024,24.11355],[120.89417,24.11074],[120.89425,24.10685],[120.89109,24.10203],[120.89132,24.0978],[120.88587,24.09541],[120.87801,24.08503],[120.87686,24.09119],[120.8815,24.10058],[120.87914,24.1093],[120.87245,24.11684],[120.8586,24.11621],[120.85387,24.12451],[120.84485,24.12453],[120.83627,24.11695],[120.8345,24.10761],[120.83031,24.10259],[120.83248,24.09875],[120.82837,24.09395],[120.8293,24.07151],[120.81924,24.06847],[120.81445,24.0699],[120.81186,24.06607],[120.80799,24.06537],[120.79736,24.0411],[120.79169,24.03526],[120.79154,24.03067],[120.7862,24.02936],[120.78464,24.02408],[120.7752,24.01855],[120.77125,24.0142],[120.77056,24.00907],[120.75797,24.0061],[120.74603,23.99856],[120.74365,24.00217],[120.73173,24.00901],[120.71924,24.00966],[120.70638,24.00519],[120.69184,24.00818],[120.67853,24.0141],[120.65578,24.03067],[120.65175,24.02854],[120.6464,24.03403],[120.64461,24.03344],[120.64625,24.0269],[120.64464,24.02588],[120.63614,24.03105],[120.62515,24.03019],[120.62422,24.03337],[120.62811,24.03835],[120.62342,24.05212],[120.62569,24.05703],[120.62534,24.06895],[120.61865,24.07509],[120.61249,24.10257],[120.58836,24.10623],[120.58352,24.10955],[120.57261,24.10832],[120.54538,24.11647],[120.54092,24.12366],[120.53268,24.12643],[120.52355,24.13968],[120.52547,24.1499],[120.5081,24.18717],[120.50438,24.19115],[120.45655,24.20719],[120.46491,24.21428],[120.46128,24.21676],[120.46882,24.21447],[120.47233,24.22233],[120.47632,24.22433],[120.49048,24.25528],[120.48621,24.25732],[120.489,24.25638],[120.4931,24.26614],[120.49819,24.26393],[120.50826,24.28391],[120.51083,24.29223],[120.50808,24.29342],[120.51112,24.29273],[120.51681,24.29846],[120.52167,24.31186],[120.51948,24.31296],[120.52175,24.31213],[120.52601,24.31772],[120.53231,24.32051],[120.53988,24.33512],[120.54579,24.33488],[120.5592,24.3498],[120.56137,24.3595],[120.569,24.36667],[120.56669,24.36556],[120.57306,24.37724],[120.59884,24.40785],[120.62185,24.44029],[120.62859,24.43804],[120.63209,24.43242],[120.63966,24.42777],[120.64596,24.4123],[120.66389,24.40206],[120.6701,24.39196],[120.67864,24.38707],[120.67727,24.38416],[120.68994,24.37434],[120.69304,24.36695],[120.70742,24.36173],[120.70729,24.35787],[120.7304,24.35181],[120.763,24.32602],[120.78382,24.31835],[120.80653,24.31568],[120.83356,24.29047],[120.8499,24.28852],[120.87611,24.29501],[120.90298,24.29218],[120.9119,24.29407],[120.92249,24.30395],[120.9166,24.33513],[120.93564,24.34292],[120.94245,24.33914],[120.95678,24.3393],[120.96016,24.33506],[120.96648,24.33346],[120.98198,24.3359],[120.98558,24.33166],[120.99177,24.32962],[121.00415,24.3323],[121.01449,24.32011],[121.01801,24.3113],[121.02936,24.30471],[121.03413,24.29782],[121.0493,24.29605],[121.05535,24.3104],[121.0648,24.31544],[121.07021,24.31576],[121.07385,24.31919],[121.07307,24.32282],[121.08147,24.32414],[121.08644,24.31768],[121.09192,24.31863],[121.10847,24.33095],[121.11487,24.32864],[121.12157,24.33068],[121.12412,24.34055],[121.12843,24.34217],[121.13122,24.34936],[121.14095,24.35964],[121.1484,24.35788],[121.16836,24.36091],[121.17417,24.36892],[121.17342,24.37334],[121.18329,24.38101],[121.19023,24.38162],[121.19671,24.39152],[121.19718,24.39659],[121.20719,24.39791],[121.21029,24.39612],[121.21124,24.38839],[121.21587,24.37945],[121.23186,24.38386],[121.23466,24.39734],[121.24356,24.40572],[121.24198,24.41409],[121.24363,24.41963],[121.24999,24.42491],[121.25781,24.42519],[121.25893,24.43804],[121.2598,24.42938],[121.2699,24.42738],[121.27152,24.42975],[121.30557,24.4326],[121.31766,24.44149],[121.32167,24.44037],[121.32834,24.43304]]]}},{"type":"Feature","properties":{"id":"TW-YUN","zh":"雲林縣","en":"Yunlin County","labelLng":120.39463,"labelLat":23.68848},"geometry":{"type":"MultiPolygon","coordinates":[[[[120.08108,23.52412],[120.09158,23.51984],[120.09598,23.51088],[120.08257,23.51257],[120.08248,23.50848],[120.07659,23.50733],[120.07487,23.50337],[120.07766,23.50206],[120.0699,23.50377],[120.07109,23.50202],[120.06687,23.5003],[120.0741,23.49879],[120.06639,23.49855],[120.06531,23.49637],[120.06974,23.49665],[120.0721,23.49396],[120.06918,23.4933],[120.06821,23.49014],[120.06527,23.49193],[120.0654,23.49465],[120.06238,23.49173],[120.05385,23.49228],[120.06514,23.48719],[120.06321,23.4861],[120.06376,23.48277],[120.06026,23.48143],[120.06252,23.48048],[120.05368,23.47895],[120.05831,23.48269],[120.05267,23.48795],[120.05356,23.48336],[120.04798,23.48021],[120.04896,23.4768],[120.04723,23.47869],[120.04267,23.47684],[120.04572,23.48822],[120.05144,23.49251],[120.04725,23.49519],[120.04502,23.49358],[120.04395,23.48431],[120.04001,23.48045],[120.04094,23.47853],[120.03774,23.47824],[120.0383,23.4804],[120.03493,23.48301],[120.03579,23.47753],[120.02978,23.4796],[120.02485,23.47525],[120.0259,23.47304],[120.02258,23.47047],[120.02577,23.4686],[120.02347,23.46573],[120.02539,23.46484],[120.02387,23.45954],[120.0139,23.45998],[120.01641,23.46784],[120.01963,23.46858],[120.01802,23.46953],[120.01229,23.46784],[120.00888,23.46386],[120.00757,23.46106],[120.02224,23.43852],[120.01917,23.43629],[120.00409,23.46095],[119.99695,23.46539],[120.00031,23.47295],[120.06339,23.51484],[120.07888,23.5228],[120.08141,23.52638],[120.08108,23.52412]]],[[[120.09941,23.54166],[120.108,23.53399],[120.10307,23.53165],[120.10835,23.53204],[120.11162,23.52961],[120.10932,23.5292],[120.10995,23.52722],[120.09988,23.52945],[120.09896,23.52322],[120.09654,23.52142],[120.09112,23.52777],[120.09115,23.53121],[120.09637,23.54128],[120.09941,23.54166]]],[[[120.13045,23.54819],[120.13379,23.54761],[120.13693,23.54293],[120.132,23.53417],[120.1275,23.53284],[120.13257,23.53032],[120.1271,23.53017],[120.12609,23.53487],[120.12898,23.53844],[120.12676,23.54141],[120.12869,23.54293],[120.1261,23.54416],[120.12949,23.54411],[120.13045,23.54819]]],[[[120.13231,23.56316],[120.12985,23.55117],[120.12551,23.55884],[120.11925,23.549],[120.11009,23.54569],[120.11063,23.54182],[120.10572,23.54049],[120.10366,23.54384],[120.10505,23.54797],[120.11144,23.55535],[120.12144,23.55611],[120.12448,23.56292],[120.13231,23.56316]]],[[[120.13037,23.56901],[120.12728,23.57342],[120.13234,23.57896],[120.13251,23.57372],[120.13037,23.56901]]],[[[120.30655,23.82071],[120.35813,23.82282],[120.37032,23.82856],[120.41033,23.82638],[120.4331,23.83015],[120.45208,23.81722],[120.50873,23.80045],[120.52781,23.79906],[120.53546,23.8013],[120.55122,23.80113],[120.58696,23.79191],[120.62832,23.79001],[120.64037,23.78605],[120.64847,23.77328],[120.65569,23.75502],[120.65584,23.73512],[120.64454,23.73664],[120.64206,23.73064],[120.64021,23.73072],[120.64168,23.72228],[120.63898,23.71058],[120.64137,23.70563],[120.64567,23.70321],[120.6434,23.6997],[120.64827,23.68279],[120.64693,23.67271],[120.63497,23.65157],[120.6352,23.64286],[120.62907,23.63517],[120.63078,23.62209],[120.63536,23.61985],[120.64513,23.63099],[120.653,23.62951],[120.65145,23.61611],[120.6612,23.61047],[120.66913,23.60934],[120.68373,23.61094],[120.68606,23.61821],[120.69132,23.62036],[120.70227,23.61739],[120.71029,23.61916],[120.71407,23.62102],[120.7131,23.62791],[120.71861,23.6299],[120.72309,23.62253],[120.73077,23.61808],[120.73101,23.61109],[120.72455,23.60377],[120.73271,23.59717],[120.7299,23.59364],[120.73399,23.58421],[120.73216,23.57713],[120.73517,23.57503],[120.73616,23.57046],[120.7245,23.5719],[120.71794,23.56904],[120.71005,23.57119],[120.7089,23.57571],[120.69369,23.57651],[120.67624,23.57071],[120.66996,23.57879],[120.66068,23.5763],[120.6567,23.57241],[120.6507,23.57245],[120.64734,23.57665],[120.64346,23.57572],[120.64919,23.58345],[120.64708,23.58748],[120.64912,23.59247],[120.64562,23.59354],[120.62474,23.59054],[120.619,23.58417],[120.61546,23.58532],[120.61019,23.58262],[120.58974,23.58572],[120.58592,23.5826],[120.5803,23.58227],[120.57071,23.58804],[120.55814,23.58906],[120.55657,23.59285],[120.53751,23.59453],[120.53304,23.59701],[120.51024,23.61935],[120.50645,23.62586],[120.50749,23.63118],[120.50382,23.63523],[120.49321,23.63313],[120.48872,23.6359],[120.48786,23.63071],[120.47925,23.63295],[120.47702,23.62954],[120.46613,23.63027],[120.45427,23.62631],[120.45104,23.62713],[120.45303,23.63069],[120.4445,23.63054],[120.44112,23.62598],[120.43529,23.62552],[120.43703,23.62191],[120.43362,23.62287],[120.43034,23.61847],[120.42537,23.61801],[120.42202,23.61927],[120.4207,23.62517],[120.41579,23.62138],[120.40662,23.62519],[120.40461,23.63419],[120.40088,23.63216],[120.40264,23.62694],[120.38605,23.6207],[120.38337,23.61291],[120.37998,23.61002],[120.3665,23.60781],[120.3657,23.60248],[120.35905,23.59505],[120.34331,23.59192],[120.33443,23.59268],[120.33311,23.5792],[120.327,23.57417],[120.31961,23.57238],[120.30743,23.57466],[120.30647,23.57207],[120.31054,23.56445],[120.30654,23.56287],[120.29535,23.56459],[120.29036,23.56257],[120.29076,23.55054],[120.27635,23.54347],[120.27191,23.53075],[120.26842,23.53028],[120.26344,23.53353],[120.25609,23.54609],[120.24335,23.54361],[120.24191,23.53949],[120.24707,23.51527],[120.2391,23.50769],[120.22304,23.50432],[120.19853,23.51304],[120.18097,23.50985],[120.16658,23.51723],[120.15813,23.51593],[120.14584,23.52083],[120.14538,23.52647],[120.15027,23.53194],[120.14113,23.54539],[120.14005,23.55881],[120.13766,23.56198],[120.14149,23.56302],[120.14311,23.56765],[120.14345,23.572],[120.14056,23.57358],[120.14075,23.58388],[120.14151,23.59191],[120.1448,23.59729],[120.14187,23.59818],[120.14147,23.60152],[120.13963,23.59849],[120.13995,23.61408],[120.13301,23.61569],[120.13346,23.6195],[120.13716,23.62039],[120.1379,23.63464],[120.13537,23.6359],[120.1312,23.62437],[120.12522,23.62137],[120.11831,23.62663],[120.11443,23.63441],[120.12547,23.64573],[120.13522,23.66714],[120.13921,23.68424],[120.14602,23.69271],[120.14692,23.70675],[120.15618,23.71546],[120.15582,23.71944],[120.16581,23.7419],[120.1668,23.75559],[120.16918,23.75893],[120.16292,23.77247],[120.16288,23.77971],[120.15675,23.78455],[120.17545,23.80315],[120.17043,23.80666],[120.17498,23.80582],[120.18108,23.8098],[120.18254,23.81619],[120.19169,23.81825],[120.2015,23.82842],[120.20834,23.84022],[120.20462,23.84766],[120.21432,23.85072],[120.21924,23.85848],[120.22036,23.86622],[120.23595,23.84815],[120.25185,23.83592],[120.30655,23.82071]]]]}}]}